country;subsample;region;year;headcount;poverty_line
Argentina;15 main cities;National;1992;1,6737125;USD2.15
Argentina;15 main cities;GBA;1992;1,5089742;USD2.15
Argentina;15 main cities;Pampeana;1992;1,1276481;USD2.15
Argentina;15 main cities;Cuyo;1992;2,9223159;USD2.15
Argentina;15 main cities;NOA;1992;3,8249949;USD2.15
Argentina;15 main cities;Patagonia;1992;2,9570409;USD2.15
Argentina;15 main cities;National;1993;1,9766662;USD2.15
Argentina;15 main cities;GBA;1993;2,0294923;USD2.15
Argentina;15 main cities;Pampeana;1993;1,558557;USD2.15
Argentina;15 main cities;Cuyo;1993;1,7716928;USD2.15
Argentina;15 main cities;NOA;1993;2,9846734;USD2.15
Argentina;15 main cities;Patagonia;1993;1,2787011;USD2.15
Argentina;15 main cities;National;1994;1,9113266;USD2.15
Argentina;15 main cities;GBA;1994;1,6505983;USD2.15
Argentina;15 main cities;Pampeana;1994;2,3600816;USD2.15
Argentina;15 main cities;Cuyo;1994;2,016202;USD2.15
Argentina;15 main cities;NOA;1994;3,2006229;USD2.15
Argentina;15 main cities;Patagonia;1994;3,3255137;USD2.15
Argentina;15 main cities;National;1995;3,8554344;USD2.15
Argentina;15 main cities;GBA;1995;3,5419811;USD2.15
Argentina;15 main cities;Pampeana;1995;4,2468649;USD2.15
Argentina;15 main cities;Cuyo;1995;5,9486162;USD2.15
Argentina;15 main cities;NOA;1995;5,6466548;USD2.15
Argentina;15 main cities;Patagonia;1995;3,0736677;USD2.15
Argentina;15 main cities;National;1996;4,2175672;USD2.15
Argentina;15 main cities;GBA;1996;3,8789261;USD2.15
Argentina;15 main cities;Pampeana;1996;4,7005659;USD2.15
Argentina;15 main cities;Cuyo;1996;5,1730466;USD2.15
Argentina;15 main cities;NOA;1996;6,780235;USD2.15
Argentina;15 main cities;Patagonia;1996;3,4094377;USD2.15
Argentina;15 main cities;National;1997;3,7657508;USD2.15
Argentina;15 main cities;GBA;1997;3,3101773;USD2.15
Argentina;15 main cities;Pampeana;1997;4,8784314;USD2.15
Argentina;15 main cities;Cuyo;1997;4,7359862;USD2.15
Argentina;15 main cities;NOA;1997;6,316905;USD2.15
Argentina;15 main cities;Patagonia;1997;2,5795568;USD2.15
Argentina;15 main cities;National;1998;3,607021;USD2.15
Argentina;15 main cities;GBA;1998;3,3880752;USD2.15
Argentina;15 main cities;Pampeana;1998;3,7539581;USD2.15
Argentina;15 main cities;Cuyo;1998;3,2683572;USD2.15
Argentina;15 main cities;NOA;1998;6,2405518;USD2.15
Argentina;15 main cities;Patagonia;1998;3,043382;USD2.15
Argentina;28 main cities;National;1998;3,9691888;USD2.15
Argentina;28 main cities;GBA;1998;3,3880752;USD2.15
Argentina;28 main cities;Pampeana;1998;4,1698757;USD2.15
Argentina;28 main cities;Cuyo;1998;2,9106515;USD2.15
Argentina;28 main cities;NOA;1998;5,3030222;USD2.15
Argentina;28 main cities;Patagonia;1998;3,043382;USD2.15
Argentina;28 main cities;NEA;1998;8,4837776;USD2.15
Argentina;28 main cities;National;1999;4,1879584;USD2.15
Argentina;28 main cities;GBA;1999;3,3042695;USD2.15
Argentina;28 main cities;Pampeana;1999;4,2660219;USD2.15
Argentina;28 main cities;Cuyo;1999;3,6599259;USD2.15
Argentina;28 main cities;NOA;1999;6,0407375;USD2.15
Argentina;28 main cities;Patagonia;1999;3,8125969;USD2.15
Argentina;28 main cities;NEA;1999;10,027816;USD2.15
Argentina;28 main cities;National;2000;4,9882614;USD2.15
Argentina;28 main cities;GBA;2000;3,5650118;USD2.15
Argentina;28 main cities;Pampeana;2000;5,4225351;USD2.15
Argentina;28 main cities;Cuyo;2000;6,005832;USD2.15
Argentina;28 main cities;NOA;2000;7,3704624;USD2.15
Argentina;28 main cities;Patagonia;2000;3,4567852;USD2.15
Argentina;28 main cities;NEA;2000;12,357441;USD2.15
Argentina;28 main cities;National;2001;8,2347868;USD2.15
Argentina;28 main cities;GBA;2001;6,9245928;USD2.15
Argentina;28 main cities;Pampeana;2001;8,78637;USD2.15
Argentina;28 main cities;Cuyo;2001;8,0862758;USD2.15
Argentina;28 main cities;NOA;2001;10,411071;USD2.15
Argentina;28 main cities;Patagonia;2001;3,7613914;USD2.15
Argentina;28 main cities;NEA;2001;16,972791;USD2.15
Argentina;28 main cities;National;2002;12,447155;USD2.15
Argentina;28 main cities;GBA;2002;11,274402;USD2.15
Argentina;28 main cities;Pampeana;2002;12,300624;USD2.15
Argentina;28 main cities;Cuyo;2002;11,008671;USD2.15
Argentina;28 main cities;NOA;2002;16,592116;USD2.15
Argentina;28 main cities;Patagonia;2002;6,9741099;USD2.15
Argentina;28 main cities;NEA;2002;20,988045;USD2.15
Argentina;28 main cities;National;2003;10,411906;USD2.15
Argentina;28 main cities;GBA;2003;9,1757991;USD2.15
Argentina;28 main cities;Pampeana;2003;11,650848;USD2.15
Argentina;28 main cities;Cuyo;2003;10,080077;USD2.15
Argentina;28 main cities;NOA;2003;12,357686;USD2.15
Argentina;28 main cities;Patagonia;2003;5,4995218;USD2.15
Argentina;28 main cities;NEA;2003;16,132374;USD2.15
Argentina;28 main cities;National;2003;5,3636474;USD2.15
Argentina;28 main cities;GBA;2003;4,5501555;USD2.15
Argentina;28 main cities;Pampeana;2003;5,7055273;USD2.15
Argentina;28 main cities;Cuyo;2003;5,772695;USD2.15
Argentina;28 main cities;NOA;2003;7,7541958;USD2.15
Argentina;28 main cities;Patagonia;2003;1,2661552;USD2.15
Argentina;28 main cities;NEA;2003;10,039195;USD2.15
Argentina;28 main cities;National;2004;4,5778244;USD2.15
Argentina;28 main cities;GBA;2004;3,5622364;USD2.15
Argentina;28 main cities;Pampeana;2004;4,271621;USD2.15
Argentina;28 main cities;Cuyo;2004;5,2237767;USD2.15
Argentina;28 main cities;NOA;2004;9,7342404;USD2.15
Argentina;28 main cities;Patagonia;2004;1,4834286;USD2.15
Argentina;28 main cities;NEA;2004;8,4166514;USD2.15
Argentina;28 main cities;National;2004;3,8789884;USD2.15
Argentina;28 main cities;GBA;2004;3,3336434;USD2.15
Argentina;28 main cities;Pampeana;2004;3,4924753;USD2.15
Argentina;28 main cities;Cuyo;2004;4,1637618;USD2.15
Argentina;28 main cities;NOA;2004;7,3004878;USD2.15
Argentina;28 main cities;Patagonia;2004;1,4759495;USD2.15
Argentina;28 main cities;NEA;2004;6,0351782;USD2.15
Argentina;28 main cities;National;2005;3,1934122;USD2.15
Argentina;28 main cities;GBA;2005;2,507207;USD2.15
Argentina;28 main cities;Pampeana;2005;3,2525157;USD2.15
Argentina;28 main cities;Cuyo;2005;3,1436315;USD2.15
Argentina;28 main cities;NOA;2005;5,6437184;USD2.15
Argentina;28 main cities;Patagonia;2005;1,1334933;USD2.15
Argentina;28 main cities;NEA;2005;6,8015252;USD2.15
Argentina;28 main cities;National;2005;2,68375;USD2.15
Argentina;28 main cities;GBA;2005;1,900591;USD2.15
Argentina;28 main cities;Pampeana;2005;2,921685;USD2.15
Argentina;28 main cities;Cuyo;2005;3,0366988;USD2.15
Argentina;28 main cities;NOA;2005;5,2595622;USD2.15
Argentina;28 main cities;Patagonia;2005;1,367127;USD2.15
Argentina;28 main cities;NEA;2005;5,4371633;USD2.15
Argentina;28 main cities;National;2006;2,6825971;USD2.15
Argentina;28 main cities;GBA;2006;2,2929494;USD2.15
Argentina;28 main cities;Pampeana;2006;2,1195122;USD2.15
Argentina;28 main cities;Cuyo;2006;2,5548452;USD2.15
Argentina;28 main cities;NOA;2006;4,886542;USD2.15
Argentina;28 main cities;Patagonia;2006;0,99532472;USD2.15
Argentina;28 main cities;NEA;2006;6,2326507;USD2.15
Argentina;28 main cities;National;2006;2,1735891;USD2.15
Argentina;28 main cities;GBA;2006;1,9087948;USD2.15
Argentina;28 main cities;Pampeana;2006;1,6615128;USD2.15
Argentina;28 main cities;Cuyo;2006;2,5689213;USD2.15
Argentina;28 main cities;NOA;2006;3,6785431;USD2.15
Argentina;28 main cities;Patagonia;2006;0,82394148;USD2.15
Argentina;28 main cities;NEA;2006;4,9650926;USD2.15
Argentina;28 main cities;National;2007;1,8701652;USD2.15
Argentina;28 main cities;GBA;2007;1,3954791;USD2.15
Argentina;28 main cities;Pampeana;2007;1,5533321;USD2.15
Argentina;28 main cities;Cuyo;2007;1,8312193;USD2.15
Argentina;28 main cities;NOA;2007;3,5274803;USD2.15
Argentina;28 main cities;Patagonia;2007;1,1279913;USD2.15
Argentina;28 main cities;NEA;2007;5,8777705;USD2.15
Argentina;28 main cities;National;2007;1,7975101;USD2.15
Argentina;28 main cities;GBA;2007;1,4725346;USD2.15
Argentina;28 main cities;Pampeana;2007;1,3742107;USD2.15
Argentina;28 main cities;Cuyo;2007;1,8328917;USD2.15
Argentina;28 main cities;NOA;2007;2,8663137;USD2.15
Argentina;28 main cities;Patagonia;2007;0,75282829;USD2.15
Argentina;28 main cities;NEA;2007;5,7069364;USD2.15
Argentina;28 main cities;National;2008;1,8179466;USD2.15
Argentina;28 main cities;GBA;2008;1,5970458;USD2.15
Argentina;28 main cities;Pampeana;2008;1,513744;USD2.15
Argentina;28 main cities;Cuyo;2008;1,3587103;USD2.15
Argentina;28 main cities;NOA;2008;2,9301617;USD2.15
Argentina;28 main cities;Patagonia;2008;0,74982899;USD2.15
Argentina;28 main cities;NEA;2008;4,7268816;USD2.15
Argentina;28 main cities;National;2008;1,6375881;USD2.15
Argentina;28 main cities;GBA;2008;1,3039579;USD2.15
Argentina;28 main cities;Pampeana;2008;1,5811008;USD2.15
Argentina;28 main cities;Cuyo;2008;1,4427661;USD2.15
Argentina;28 main cities;NOA;2008;2,8922769;USD2.15
Argentina;28 main cities;Patagonia;2008;0,49016167;USD2.15
Argentina;28 main cities;NEA;2008;4,0440544;USD2.15
Argentina;28 main cities;National;2009;1,8225918;USD2.15
Argentina;28 main cities;GBA;2009;1,5120015;USD2.15
Argentina;28 main cities;Pampeana;2009;2,1608502;USD2.15
Argentina;28 main cities;Cuyo;2009;1,5063992;USD2.15
Argentina;28 main cities;NOA;2009;2,4823765;USD2.15
Argentina;28 main cities;Patagonia;2009;1,0303283;USD2.15
Argentina;28 main cities;NEA;2009;3,2207907;USD2.15
Argentina;28 main cities;National;2009;1,5534867;USD2.15
Argentina;28 main cities;GBA;2009;1,1576049;USD2.15
Argentina;28 main cities;Pampeana;2009;1,6673561;USD2.15
Argentina;28 main cities;Cuyo;2009;1,819103;USD2.15
Argentina;28 main cities;NOA;2009;2,1500258;USD2.15
Argentina;28 main cities;Patagonia;2009;0,87348621;USD2.15
Argentina;28 main cities;NEA;2009;4,2094652;USD2.15
Argentina;28 main cities;National;2010;0,96846652;USD2.15
Argentina;28 main cities;GBA;2010;0,59778319;USD2.15
Argentina;28 main cities;Pampeana;2010;1,325475;USD2.15
Argentina;28 main cities;Cuyo;2010;0,8995434;USD2.15
Argentina;28 main cities;NOA;2010;1,1834842;USD2.15
Argentina;28 main cities;Patagonia;2010;1,1361598;USD2.15
Argentina;28 main cities;NEA;2010;2,7835987;USD2.15
Argentina;28 main cities;National;2010;0,74654093;USD2.15
Argentina;28 main cities;GBA;2010;0,38480492;USD2.15
Argentina;28 main cities;Pampeana;2010;0,99357079;USD2.15
Argentina;28 main cities;Cuyo;2010;0,97796959;USD2.15
Argentina;28 main cities;NOA;2010;1,4616846;USD2.15
Argentina;28 main cities;Patagonia;2010;0,65215201;USD2.15
Argentina;28 main cities;NEA;2010;1,8467375;USD2.15
Argentina;28 main cities;National;2011;0,87785676;USD2.15
Argentina;28 main cities;GBA;2011;0,88259642;USD2.15
Argentina;28 main cities;Pampeana;2011;0,88188861;USD2.15
Argentina;28 main cities;Cuyo;2011;0,88143506;USD2.15
Argentina;28 main cities;NOA;2011;0,61020865;USD2.15
Argentina;28 main cities;Patagonia;2011;0,70817242;USD2.15
Argentina;28 main cities;NEA;2011;1,4184252;USD2.15
Argentina;28 main cities;National;2011;0,71137696;USD2.15
Argentina;28 main cities;GBA;2011;0,61281459;USD2.15
Argentina;28 main cities;Pampeana;2011;0,70496368;USD2.15
Argentina;28 main cities;Cuyo;2011;0,97861844;USD2.15
Argentina;28 main cities;NOA;2011;0,78724616;USD2.15
Argentina;28 main cities;Patagonia;2011;0,40629006;USD2.15
Argentina;28 main cities;NEA;2011;1,4845271;USD2.15
Argentina;28 main cities;National;2012;0,80520142;USD2.15
Argentina;28 main cities;GBA;2012;0,94039005;USD2.15
Argentina;28 main cities;Pampeana;2012;0,65464092;USD2.15
Argentina;28 main cities;Cuyo;2012;0,29140322;USD2.15
Argentina;28 main cities;NOA;2012;0,92217477;USD2.15
Argentina;28 main cities;Patagonia;2012;0,31219261;USD2.15
Argentina;28 main cities;NEA;2012;0,8046599;USD2.15
Argentina;28 main cities;National;2012;0,64704663;USD2.15
Argentina;28 main cities;GBA;2012;0,6437017;USD2.15
Argentina;28 main cities;Pampeana;2012;0,71563499;USD2.15
Argentina;28 main cities;Cuyo;2012;0,34791505;USD2.15
Argentina;28 main cities;NOA;2012;0,50000615;USD2.15
Argentina;28 main cities;Patagonia;2012;0,57151334;USD2.15
Argentina;28 main cities;NEA;2012;1,0543312;USD2.15
Argentina;28 main cities;National;2013;0,57604997;USD2.15
Argentina;28 main cities;GBA;2013;0,51361268;USD2.15
Argentina;28 main cities;Pampeana;2013;0,64330613;USD2.15
Argentina;28 main cities;Cuyo;2013;0,39340028;USD2.15
Argentina;28 main cities;NOA;2013;0,42561891;USD2.15
Argentina;28 main cities;Patagonia;2013;0,67020258;USD2.15
Argentina;28 main cities;NEA;2013;1,3448995;USD2.15
Argentina;28 main cities;National;2013;0,66667513;USD2.15
Argentina;28 main cities;GBA;2013;0,67337063;USD2.15
Argentina;28 main cities;Pampeana;2013;0,65871045;USD2.15
Argentina;28 main cities;Cuyo;2013;0,4189613;USD2.15
Argentina;28 main cities;NOA;2013;0,74516457;USD2.15
Argentina;28 main cities;Patagonia;2013;0,49188758;USD2.15
Argentina;28 main cities;NEA;2013;0,8996546;USD2.15
Argentina;28 main cities;National;2014;0,75273476;USD2.15
Argentina;28 main cities;GBA;2014;0,79245961;USD2.15
Argentina;28 main cities;Pampeana;2014;0,69034999;USD2.15
Argentina;28 main cities;Cuyo;2014;0,58331206;USD2.15
Argentina;28 main cities;NOA;2014;0,79139933;USD2.15
Argentina;28 main cities;Patagonia;2014;0,55040293;USD2.15
Argentina;28 main cities;NEA;2014;0,90622301;USD2.15
Argentina;28 main cities;National;2014;0,60477946;USD2.15
Argentina;28 main cities;GBA;2014;0,57572969;USD2.15
Argentina;28 main cities;Pampeana;2014;0,76281091;USD2.15
Argentina;28 main cities;Cuyo;2014;0,62548619;USD2.15
Argentina;28 main cities;NOA;2014;0,40103251;USD2.15
Argentina;28 main cities;Patagonia;2014;0,33485256;USD2.15
Argentina;28 main cities;NEA;2014;0,74913066;USD2.15
Argentina;28 main cities;National;2015;0,69125251;USD2.15
Argentina;28 main cities;GBA;2015;0,80053356;USD2.15
Argentina;28 main cities;Pampeana;2015;0,70815412;USD2.15
Argentina;28 main cities;Cuyo;2015;0,22495866;USD2.15
Argentina;28 main cities;NOA;2015;0,40891213;USD2.15
Argentina;28 main cities;Patagonia;2015;0,43891174;USD2.15
Argentina;28 main cities;NEA;2015;0,79162741;USD2.15
Argentina;28 main cities;National;2016;0,69688519;USD2.15
Argentina;28 main cities;GBA;2016;0,70903486;USD2.15
Argentina;28 main cities;Pampeana;2016;0,70844679;USD2.15
Argentina;28 main cities;Cuyo;2016;0,42178253;USD2.15
Argentina;28 main cities;NOA;2016;1,0437465;USD2.15
Argentina;28 main cities;Patagonia;2016;0,48662021;USD2.15
Argentina;28 main cities;NEA;2016;0,31953499;USD2.15
Argentina;28 main cities;National;2017;0,86587734;USD2.15
Argentina;28 main cities;GBA;2017;1,1704404;USD2.15
Argentina;28 main cities;Pampeana;2017;0,53043726;USD2.15
Argentina;28 main cities;Cuyo;2017;0,50101561;USD2.15
Argentina;28 main cities;NOA;2017;0,3253138;USD2.15
Argentina;28 main cities;Patagonia;2017;0,57797829;USD2.15
Argentina;28 main cities;NEA;2017;0,55904819;USD2.15
Argentina;28 main cities;National;2017;0,60379631;USD2.15
Argentina;28 main cities;GBA;2017;0,58524122;USD2.15
Argentina;28 main cities;Pampeana;2017;0,70122718;USD2.15
Argentina;28 main cities;Cuyo;2017;0,38204132;USD2.15
Argentina;28 main cities;NOA;2017;0,53372291;USD2.15
Argentina;28 main cities;Patagonia;2017;0,23645009;USD2.15
Argentina;28 main cities;NEA;2017;1,076531;USD2.15
Argentina;28 main cities;National;2018;0,72146148;USD2.15
Argentina;28 main cities;GBA;2018;0,81513892;USD2.15
Argentina;28 main cities;Pampeana;2018;0,81905954;USD2.15
Argentina;28 main cities;Cuyo;2018;0,38488735;USD2.15
Argentina;28 main cities;NOA;2018;0,35183753;USD2.15
Argentina;28 main cities;Patagonia;2018;0,38820591;USD2.15
Argentina;28 main cities;NEA;2018;0,59727623;USD2.15
Argentina;28 main cities;National;2018;1,0443243;USD2.15
Argentina;28 main cities;GBA;2018;1,3715507;USD2.15
Argentina;28 main cities;Pampeana;2018;0,6236457;USD2.15
Argentina;28 main cities;Cuyo;2018;0,27947062;USD2.15
Argentina;28 main cities;NOA;2018;0,56324593;USD2.15
Argentina;28 main cities;Patagonia;2018;0,58873141;USD2.15
Argentina;28 main cities;NEA;2018;1,3758766;USD2.15
Argentina;28 main cities;National;2019;0,97568774;USD2.15
Argentina;28 main cities;GBA;2019;1,1765094;USD2.15
Argentina;28 main cities;Pampeana;2019;0,72861658;USD2.15
Argentina;28 main cities;Cuyo;2019;0,94143083;USD2.15
Argentina;28 main cities;NOA;2019;0,40995095;USD2.15
Argentina;28 main cities;Patagonia;2019;0,71839927;USD2.15
Argentina;28 main cities;NEA;2019;1,0904242;USD2.15
Argentina;28 main cities;National;2019;1,1097424;USD2.15
Argentina;28 main cities;GBA;2019;1,4731784;USD2.15
Argentina;28 main cities;Pampeana;2019;0,65724145;USD2.15
Argentina;28 main cities;Cuyo;2019;0,64134624;USD2.15
Argentina;28 main cities;NOA;2019;0,51815455;USD2.15
Argentina;28 main cities;Patagonia;2019;0,59206942;USD2.15
Argentina;28 main cities;NEA;2019;1,0938756;USD2.15
Argentina;28 main cities;National;2020;1,3755922;USD2.15
Argentina;28 main cities;GBA;2020;1,578421;USD2.15
Argentina;28 main cities;Pampeana;2020;1,1988254;USD2.15
Argentina;28 main cities;Cuyo;2020;1,2379618;USD2.15
Argentina;28 main cities;NOA;2020;0,5851174;USD2.15
Argentina;28 main cities;Patagonia;2020;1,5845292;USD2.15
Argentina;28 main cities;NEA;2020;1,4726141;USD2.15
Argentina;28 main cities;National;2020;1,1731252;USD2.15
Argentina;28 main cities;GBA;2020;1,4733645;USD2.15
Argentina;28 main cities;Pampeana;2020;0,9094914;USD2.15
Argentina;28 main cities;Cuyo;2020;0,62059981;USD2.15
Argentina;28 main cities;NOA;2020;0,87179498;USD2.15
Argentina;28 main cities;Patagonia;2020;1,1562004;USD2.15
Argentina;28 main cities;NEA;2020;0,36342551;USD2.15
Argentina;28 main cities;National;2021;0,85201557;USD2.15
Argentina;28 main cities;GBA;2021;0,98665953;USD2.15
Argentina;28 main cities;Pampeana;2021;0,89572533;USD2.15
Argentina;28 main cities;Cuyo;2021;0,38714301;USD2.15
Argentina;28 main cities;NOA;2021;0,30305701;USD2.15
Argentina;28 main cities;Patagonia;2021;0,99878155;USD2.15
Argentina;28 main cities;NEA;2021;0,58829748;USD2.15
Argentina;28 main cities;National;2021;0,89421792;USD2.15
Argentina;28 main cities;GBA;2021;1,1503499;USD2.15
Argentina;28 main cities;Pampeana;2021;0,78104313;USD2.15
Argentina;28 main cities;Cuyo;2021;0,12796912;USD2.15
Argentina;28 main cities;NOA;2021;0,32040938;USD2.15
Argentina;28 main cities;Patagonia;2021;0,37805681;USD2.15
Argentina;28 main cities;NEA;2021;0,70217298;USD2.15
Argentina;28 main cities;National;2022;0,59609979;USD2.15
Argentina;28 main cities;GBA;2022;0,76500482;USD2.15
Argentina;28 main cities;Pampeana;2022;0,49209922;USD2.15
Argentina;28 main cities;Cuyo;2022;0,1381646;USD2.15
Argentina;28 main cities;NOA;2022;0,21840883;USD2.15
Argentina;28 main cities;Patagonia;2022;0,48759129;USD2.15
Argentina;28 main cities;NEA;2022;0,46688169;USD2.15
Argentina;28 main cities;National;2022;0,61188984;USD2.15
Argentina;28 main cities;GBA;2022;0,76939142;USD2.15
Argentina;28 main cities;Pampeana;2022;0,56968725;USD2.15
Argentina;28 main cities;Cuyo;2022;0,17913575;USD2.15
Argentina;28 main cities;NOA;2022;0,18666591;USD2.15
Argentina;28 main cities;Patagonia;2022;0,42385633;USD2.15
Argentina;28 main cities;NEA;2022;0,4706473;USD2.15
Bolivia;;National;2000;24,247424;USD2.15
Bolivia;;Chuquisaca;2000;43,671867;USD2.15
Bolivia;;La Paz;2000;19,450114;USD2.15
Bolivia;;Cochabamba;2000;25,22677;USD2.15
Bolivia;;Oruro;2000;42,84609;USD2.15
Bolivia;;Potosí;2000;56,183774;USD2.15
Bolivia;;Tarija;2000;16,992585;USD2.15
Bolivia;;Santa Cruz;2000;10,179509;USD2.15
Bolivia;;Beni;2000;11,881556;USD2.15
Bolivia;;Pando;2000;8,9387446;USD2.15
Bolivia;;National;2001;19,031044;USD2.15
Bolivia;;Chuquisaca;2001;43,267353;USD2.15
Bolivia;;La Paz;2001;18,982792;USD2.15
Bolivia;;Cochabamba;2001;20,262223;USD2.15
Bolivia;;Oruro;2001;19,44306;USD2.15
Bolivia;;Potosí;2001;38,551422;USD2.15
Bolivia;;Tarija;2001;11,684188;USD2.15
Bolivia;;Santa Cruz;2001;9,7008745;USD2.15
Bolivia;;Beni;2001;7,3717534;USD2.15
Bolivia;;Pando;2001;10,070855;USD2.15
Bolivia;;National;2002;19,68643;USD2.15
Bolivia;;Chuquisaca;2002;44,377199;USD2.15
Bolivia;;La Paz;2002;19,803205;USD2.15
Bolivia;;Cochabamba;2002;25,851846;USD2.15
Bolivia;;Oruro;2002;19,953719;USD2.15
Bolivia;;Potosí;2002;35,91945;USD2.15
Bolivia;;Tarija;2002;12,327214;USD2.15
Bolivia;;Santa Cruz;2002;8,7500277;USD2.15
Bolivia;;Beni;2002;8,9581348;USD2.15
Bolivia;;Pando;2002;1,2693841;USD2.15
Bolivia;;National;2005;15,606612;USD2.15
Bolivia;;Chuquisaca;2005;33,575241;USD2.15
Bolivia;;La Paz;2005;14,261299;USD2.15
Bolivia;;Cochabamba;2005;21,440481;USD2.15
Bolivia;;Oruro;2005;13,266634;USD2.15
Bolivia;;Potosí;2005;33,425529;USD2.15
Bolivia;;Tarija;2005;11,729508;USD2.15
Bolivia;;Santa Cruz;2005;4,6069674;USD2.15
Bolivia;;Beni;2005;12,639821;USD2.15
Bolivia;;Pando;2005;7,8147415;USD2.15
Bolivia;;National;2006;12,494707;USD2.15
Bolivia;;Chuquisaca;2006;22,089116;USD2.15
Bolivia;;La Paz;2006;14,435703;USD2.15
Bolivia;;Cochabamba;2006;19,365978;USD2.15
Bolivia;;Oruro;2006;7,9574365;USD2.15
Bolivia;;Potosí;2006;23,848571;USD2.15
Bolivia;;Tarija;2006;7,1804992;USD2.15
Bolivia;;Santa Cruz;2006;4,1253925;USD2.15
Bolivia;;Beni;2006;2,8595123;USD2.15
Bolivia;;Pando;2006;3,7049002;USD2.15
Bolivia;;National;2007;9,4667733;USD2.15
Bolivia;;Chuquisaca;2007;22,323827;USD2.15
Bolivia;;La Paz;2007;9,9293932;USD2.15
Bolivia;;Cochabamba;2007;6,7937694;USD2.15
Bolivia;;Oruro;2007;9,9957158;USD2.15
Bolivia;;Potosí;2007;35,46767;USD2.15
Bolivia;;Tarija;2007;8,2791343;USD2.15
Bolivia;;Santa Cruz;2007;1,6305401;USD2.15
Bolivia;;Beni;2007;2,5814037;USD2.15
Bolivia;;Pando;2007;0,22983788;USD2.15
Bolivia;;National;2011;5,2989048;USD2.15
Bolivia;;Chuquisaca;2011;8,9992861;USD2.15
Bolivia;;La Paz;2011;4,2884672;USD2.15
Bolivia;;Cochabamba;2011;3,5171385;USD2.15
Bolivia;;Oruro;2011;5,5233715;USD2.15
Bolivia;;Potosí;2011;25,859246;USD2.15
Bolivia;;Tarija;2011;3,0654191;USD2.15
Bolivia;;Santa Cruz;2011;1,1883594;USD2.15
Bolivia;;Beni;2011;2,5079551;USD2.15
Bolivia;;Pando;2011;3,5247569;USD2.15
Bolivia;;National;2012;6,4679388;USD2.15
Bolivia;;Chuquisaca;2012;15,39129;USD2.15
Bolivia;;La Paz;2012;6,294482;USD2.15
Bolivia;;Cochabamba;2012;3,5508052;USD2.15
Bolivia;;Oruro;2012;1,8424462;USD2.15
Bolivia;;Potosí;2012;31,02005;USD2.15
Bolivia;;Tarija;2012;0,11182384;USD2.15
Bolivia;;Santa Cruz;2012;1,9430794;USD2.15
Bolivia;;Beni;2012;1,854343;USD2.15
Bolivia;;Pando;2012;5,616787;USD2.15
Bolivia;;National;2013;5,2016299;USD2.15
Bolivia;;Chuquisaca;2013;17,567269;USD2.15
Bolivia;;La Paz;2013;6,2654467;USD2.15
Bolivia;;Cochabamba;2013;3,0209857;USD2.15
Bolivia;;Oruro;2013;4,199212;USD2.15
Bolivia;;Potosí;2013;20,816911;USD2.15
Bolivia;;Tarija;2013;0,0;USD2.15
Bolivia;;Santa Cruz;2013;0,32475518;USD2.15
Bolivia;;Beni;2013;0,0;USD2.15
Bolivia;;Pando;2013;2,5553434;USD2.15
Bolivia;;National;2014;4,2758922;USD2.15
Bolivia;;Chuquisaca;2014;7,2451986;USD2.15
Bolivia;;La Paz;2014;4,0996494;USD2.15
Bolivia;;Cochabamba;2014;5,7427104;USD2.15
Bolivia;;Oruro;2014;1,3697458;USD2.15
Bolivia;;Potosí;2014;17,029603;USD2.15
Bolivia;;Tarija;2014;0,84003356;USD2.15
Bolivia;;Santa Cruz;2014;0,76927196;USD2.15
Bolivia;;Beni;2014;1,4987896;USD2.15
Bolivia;;Pando;2014;2,519042;USD2.15
Bolivia;;National;2015;4,6299645;USD2.15
Bolivia;;Chuquisaca;2015;17,810343;USD2.15
Bolivia;;La Paz;2015;3,5390114;USD2.15
Bolivia;;Cochabamba;2015;3,8640295;USD2.15
Bolivia;;Oruro;2015;5,0126075;USD2.15
Bolivia;;Potosí;2015;16,511335;USD2.15
Bolivia;;Tarija;2015;1,3544022;USD2.15
Bolivia;;Santa Cruz;2015;0,7755038;USD2.15
Bolivia;;Beni;2015;3,9072318;USD2.15
Bolivia;;Pando;2015;2,0644391;USD2.15
Bolivia;;National;2016;5,6203381;USD2.15
Bolivia;;Chuquisaca;2016;8,7577579;USD2.15
Bolivia;;La Paz;2016;4,3797113;USD2.15
Bolivia;;Cochabamba;2016;6,4286867;USD2.15
Bolivia;;Oruro;2016;4,037563;USD2.15
Bolivia;;Potosí;2016;25,500485;USD2.15
Bolivia;;Tarija;2016;1,1714813;USD2.15
Bolivia;;Santa Cruz;2016;1,6081997;USD2.15
Bolivia;;Beni;2016;1,7755761;USD2.15
Bolivia;;Pando;2016;5,1602567;USD2.15
Bolivia;;National;2017;4,9333613;USD2.15
Bolivia;;Chuquisaca;2017;16,92119;USD2.15
Bolivia;;La Paz;2017;4,0812929;USD2.15
Bolivia;;Cochabamba;2017;4,4430699;USD2.15
Bolivia;;Oruro;2017;4,2238582;USD2.15
Bolivia;;Potosí;2017;17,357325;USD2.15
Bolivia;;Tarija;2017;1,4657215;USD2.15
Bolivia;;Santa Cruz;2017;1,0186768;USD2.15
Bolivia;;Beni;2017;3,9669965;USD2.15
Bolivia;;Pando;2017;4,3886336;USD2.15
Bolivia;;National;2018;3,2815931;USD2.15
Bolivia;;Chuquisaca;2018;7,4901638;USD2.15
Bolivia;;La Paz;2018;3,8535905;USD2.15
Bolivia;;Cochabamba;2018;2,2937447;USD2.15
Bolivia;;Oruro;2018;2,9215051;USD2.15
Bolivia;;Potosí;2018;12,715845;USD2.15
Bolivia;;Tarija;2018;0,70205519;USD2.15
Bolivia;;Santa Cruz;2018;0,68020214;USD2.15
Bolivia;;Beni;2018;2,3864386;USD2.15
Bolivia;;Pando;2018;1,6457359;USD2.15
Bolivia;;National;2019;1,9205352;USD2.15
Bolivia;;Chuquisaca;2019;6,6974355;USD2.15
Bolivia;;La Paz;2019;1,8482471;USD2.15
Bolivia;;Cochabamba;2019;2,2656696;USD2.15
Bolivia;;Oruro;2019;2,2394575;USD2.15
Bolivia;;Potosí;2019;3,9176479;USD2.15
Bolivia;;Tarija;2019;0,85973898;USD2.15
Bolivia;;Santa Cruz;2019;0,46406042;USD2.15
Bolivia;;Beni;2019;2,3117501;USD2.15
Bolivia;;Pando;2019;0,33781983;USD2.15
Bolivia;;National;2020;3,1215072;USD2.15
Bolivia;;Chuquisaca;2020;4,6360621;USD2.15
Bolivia;;La Paz;2020;1,6850687;USD2.15
Bolivia;;Cochabamba;2020;2,6873281;USD2.15
Bolivia;;Oruro;2020;1,6043526;USD2.15
Bolivia;;Potosí;2020;19,32101;USD2.15
Bolivia;;Tarija;2020;4,1566023;USD2.15
Bolivia;;Santa Cruz;2020;0,4541075;USD2.15
Bolivia;;Beni;2020;0,95297332;USD2.15
Bolivia;;Pando;2020;1,1610593;USD2.15
Bolivia;;National;2021;2,0;USD2.15
Bolivia;;Chuquisaca;2021;10,5;USD2.15
Bolivia;;La Paz;2021;0,3;USD2.15
Bolivia;;Cochabamba;2021;1,5;USD2.15
Bolivia;;Oruro;2021;1,4;USD2.15
Bolivia;;Potosí;2021;10,5;USD2.15
Bolivia;;Tarija;2021;1,2;USD2.15
Bolivia;;Santa Cruz;2021;0,0;USD2.15
Bolivia;;Beni;2021;1,5;USD2.15
Bolivia;;Pando;2021;4,4;USD2.15
Brazil;PNAD;National;1989;20,403697;USD2.15
Brazil;PNAD;Norte;1989;17,246885;USD2.15
Brazil;PNAD;Nordeste;1989;40,983187;USD2.15
Brazil;PNAD;Sudeste;1989;11,685185;USD2.15
Brazil;PNAD;Sur;1989;12,358336;USD2.15
Brazil;PNAD;Centro-Oeste;1989;15,944615;USD2.15
Brazil;PNAD;National;1990;23,992811;USD2.15
Brazil;PNAD;Norte;1990;19,114687;USD2.15
Brazil;PNAD;Nordeste;1990;46,411671;USD2.15
Brazil;PNAD;Sudeste;1990;13,00711;USD2.15
Brazil;PNAD;Sur;1990;16,411408;USD2.15
Brazil;PNAD;Centro-Oeste;1990;18,62371;USD2.15
Brazil;New PNAD;National;1993;22,100883;USD2.15
Brazil;New PNAD;Norte;1993;24,892306;USD2.15
Brazil;New PNAD;Nordeste;1993;43,856993;USD2.15
Brazil;New PNAD;Sudeste;1993;12,525921;USD2.15
Brazil;New PNAD;Sur;1993;11,114316;USD2.15
Brazil;New PNAD;Centro-Oeste;1993;15,503994;USD2.15
Brazil;New PNAD;National;1995;14,736035;USD2.15
Brazil;New PNAD;Norte;1995;16,327427;USD2.15
Brazil;New PNAD;Nordeste;1995;29,60572;USD2.15
Brazil;New PNAD;Sudeste;1995;7,5198621;USD2.15
Brazil;New PNAD;Sur;1995;8,7019714;USD2.15
Brazil;New PNAD;Centro-Oeste;1995;10,555899;USD2.15
Brazil;New PNAD;National;1996;16,00468;USD2.15
Brazil;New PNAD;Norte;1996;18,59465;USD2.15
Brazil;New PNAD;Nordeste;1996;32,788334;USD2.15
Brazil;New PNAD;Sudeste;1996;7,6293381;USD2.15
Brazil;New PNAD;Sur;1996;9,061457;USD2.15
Brazil;New PNAD;Centro-Oeste;1996;11,556287;USD2.15
Brazil;New PNAD;National;1997;15,976236;USD2.15
Brazil;New PNAD;Norte;1997;20,125366;USD2.15
Brazil;New PNAD;Nordeste;1997;33,127942;USD2.15
Brazil;New PNAD;Sudeste;1997;7,6195065;USD2.15
Brazil;New PNAD;Sur;1997;8,7111117;USD2.15
Brazil;New PNAD;Centro-Oeste;1997;10,429696;USD2.15
Brazil;New PNAD;National;1998;14,337864;USD2.15
Brazil;New PNAD;Norte;1998;19,223221;USD2.15
Brazil;New PNAD;Nordeste;1998;28,819576;USD2.15
Brazil;New PNAD;Sudeste;1998;7,3582979;USD2.15
Brazil;New PNAD;Sur;1998;8,5874312;USD2.15
Brazil;New PNAD;Centro-Oeste;1998;9,0389458;USD2.15
Brazil;New PNAD;National;1999;14,968738;USD2.15
Brazil;New PNAD;Norte;1999;18,544104;USD2.15
Brazil;New PNAD;Nordeste;1999;29,842849;USD2.15
Brazil;New PNAD;Sudeste;1999;7,5580728;USD2.15
Brazil;New PNAD;Sur;1999;9,3020739;USD2.15
Brazil;New PNAD;Centro-Oeste;1999;10,464054;USD2.15
Brazil;New PNAD;National;2001;13,042175;USD2.15
Brazil;New PNAD;Norte;2001;15,364093;USD2.15
Brazil;New PNAD;Nordeste;2001;27,272747;USD2.15
Brazil;New PNAD;Sudeste;2001;6,4099595;USD2.15
Brazil;New PNAD;Sur;2001;6,4383875;USD2.15
Brazil;New PNAD;Centro-Oeste;2001;8,356715;USD2.15
Brazil;New PNAD;National;2002;11,73864;USD2.15
Brazil;New PNAD;Norte;2002;14,932271;USD2.15
Brazil;New PNAD;Nordeste;2002;25,308274;USD2.15
Brazil;New PNAD;Sudeste;2002;5,3563977;USD2.15
Brazil;New PNAD;Sur;2002;5,0351992;USD2.15
Brazil;New PNAD;Centro-Oeste;2002;7,4068433;USD2.15
Brazil;New PNAD;National;2003;12,605869;USD2.15
Brazil;New PNAD;Norte;2003;15,167248;USD2.15
Brazil;New PNAD;Nordeste;2003;27,079703;USD2.15
Brazil;New PNAD;Sudeste;2003;5,9837445;USD2.15
Brazil;New PNAD;Sur;2003;5,2572564;USD2.15
Brazil;New PNAD;Centro-Oeste;2003;7,7661204;USD2.15
Brazil;New PNAD;National;2004;10,818896;USD2.15
Brazil;New PNAD;Norte;2004;11,390817;USD2.15
Brazil;New PNAD;Nordeste;2004;24,017819;USD2.15
Brazil;New PNAD;Sudeste;2004;4,9987274;USD2.15
Brazil;New PNAD;Sur;2004;4,5601793;USD2.15
Brazil;New PNAD;Centro-Oeste;2004;5,6207312;USD2.15
Brazil;With Rural North;National;2004;11,055812;USD2.15
Brazil;With Rural North;Norte;2004;14,451715;USD2.15
Brazil;With Rural North;Nordeste;2004;23,982617;USD2.15
Brazil;With Rural North;Sudeste;2004;4,9776685;USD2.15
Brazil;With Rural North;Sur;2004;4,559877;USD2.15
Brazil;With Rural North;Centro-Oeste;2004;5,5935758;USD2.15
Brazil;With Rural North;National;2005;9,9629011;USD2.15
Brazil;With Rural North;Norte;2005;12,647472;USD2.15
Brazil;With Rural North;Nordeste;2005;21,670496;USD2.15
Brazil;With Rural North;Sudeste;2005;4,4218503;USD2.15
Brazil;With Rural North;Sur;2005;4,0161721;USD2.15
Brazil;With Rural North;Centro-Oeste;2005;5,7350346;USD2.15
Brazil;With Rural North;National;2006;8,2642356;USD2.15
Brazil;With Rural North;Norte;2006;10,806336;USD2.15
Brazil;With Rural North;Nordeste;2006;18,601778;USD2.15
Brazil;With Rural North;Sudeste;2006;3,2926812;USD2.15
Brazil;With Rural North;Sur;2006;3,2098546;USD2.15
Brazil;With Rural North;Centro-Oeste;2006;4,2503093;USD2.15
Brazil;With Rural North;National;2007;7,870342;USD2.15
Brazil;With Rural North;Norte;2007;11,43791;USD2.15
Brazil;With Rural North;Nordeste;2007;17,260889;USD2.15
Brazil;With Rural North;Sudeste;2007;3,2880024;USD2.15
Brazil;With Rural North;Sur;2007;2,9059209;USD2.15
Brazil;With Rural North;Centro-Oeste;2007;3,7999483;USD2.15
Brazil;With Rural North;National;2008;6,5104016;USD2.15
Brazil;With Rural North;Norte;2008;8,4013526;USD2.15
Brazil;With Rural North;Nordeste;2008;14,453573;USD2.15
Brazil;With Rural North;Sudeste;2008;2,8224241;USD2.15
Brazil;With Rural North;Sur;2008;2,2297556;USD2.15
Brazil;With Rural North;Centro-Oeste;2008;3,3747621;USD2.15
Brazil;With Rural North;National;2009;6,1207441;USD2.15
Brazil;With Rural North;Norte;2009;8,5252193;USD2.15
Brazil;With Rural North;Nordeste;2009;13,601032;USD2.15
Brazil;With Rural North;Sudeste;2009;2,4764646;USD2.15
Brazil;With Rural North;Sur;2009;2,1718901;USD2.15
Brazil;With Rural North;Centro-Oeste;2009;3,1979935;USD2.15
Brazil;With Rural North;National;2011;5,3239429;USD2.15
Brazil;With Rural North;Norte;2011;8,7765348;USD2.15
Brazil;With Rural North;Nordeste;2011;11,950136;USD2.15
Brazil;With Rural North;Sudeste;2011;2,0021663;USD2.15
Brazil;With Rural North;Sur;2011;1,7881483;USD2.15
Brazil;With Rural North;Centro-Oeste;2011;2,0966495;USD2.15
Brazil;With Rural North;National;2012;4,2942769;USD2.15
Brazil;With Rural North;Norte;2012;6,36475;USD2.15
Brazil;With Rural North;Nordeste;2012;9,2300168;USD2.15
Brazil;With Rural North;Sudeste;2012;1,984196;USD2.15
Brazil;With Rural North;Sur;2012;1,5301809;USD2.15
Brazil;With Rural North;Centro-Oeste;2012;1,6873446;USD2.15
Brazil;With Rural North;National;2013;4,3624341;USD2.15
Brazil;With Rural North;Norte;2013;6,9568958;USD2.15
Brazil;With Rural North;Nordeste;2013;8,9189554;USD2.15
Brazil;With Rural North;Sudeste;2013;2,1437121;USD2.15
Brazil;With Rural North;Sur;2013;1,5880748;USD2.15
Brazil;With Rural North;Centro-Oeste;2013;2,0958521;USD2.15
Brazil;With Rural North;National;2014;3,1479842;USD2.15
Brazil;With Rural North;Norte;2014;4,7639615;USD2.15
Brazil;With Rural North;Nordeste;2014;6,9823896;USD2.15
Brazil;With Rural North;Sudeste;2014;1,3901509;USD2.15
Brazil;With Rural North;Sur;2014;0,97056426;USD2.15
Brazil;With Rural North;Centro-Oeste;2014;1,0570659;USD2.15
Brazil;With Rural North;National;2015;3,8798206;USD2.15
Brazil;With Rural North;Norte;2015;5,5270872;USD2.15
Brazil;With Rural North;Nordeste;2015;8,9351407;USD2.15
Brazil;With Rural North;Sudeste;2015;1,4975494;USD2.15
Brazil;With Rural North;Sur;2015;1,3427135;USD2.15
Brazil;With Rural North;Centro-Oeste;2015;1,4138472;USD2.15
Brazil;New PNADC;National;2012;4,4946349;USD2.15
Brazil;New PNADC;Norte;2012;7,6884025;USD2.15
Brazil;New PNADC;Nordeste;2012;9,8040295;USD2.15
Brazil;New PNADC;Sudeste;2012;2,0102299;USD2.15
Brazil;New PNADC;Sur;2012;1,3294493;USD2.15
Brazil;New PNADC;Centro-Oeste;2012;1,6929183;USD2.15
Brazil;New PNADC;National;2013;3,7285517;USD2.15
Brazil;New PNADC;Norte;2013;6,2391463;USD2.15
Brazil;New PNADC;Nordeste;2013;8,1686477;USD2.15
Brazil;New PNADC;Sudeste;2013;1,7403623;USD2.15
Brazil;New PNADC;Sur;2013;0,94644183;USD2.15
Brazil;New PNADC;Centro-Oeste;2013;1,3700464;USD2.15
Brazil;New PNADC;National;2014;3,3259486;USD2.15
Brazil;New PNADC;Norte;2014;5,471311;USD2.15
Brazil;New PNADC;Nordeste;2014;6,9464562;USD2.15
Brazil;New PNADC;Sudeste;2014;1,6824874;USD2.15
Brazil;New PNADC;Sur;2014;1,0423445;USD2.15
Brazil;New PNADC;Centro-Oeste;2014;1,4523819;USD2.15
Brazil;New PNADC;National;2015;3,8774728;USD2.15
Brazil;New PNADC;Norte;2015;7,1747882;USD2.15
Brazil;New PNADC;Nordeste;2015;8,1036657;USD2.15
Brazil;New PNADC;Sudeste;2015;1,7997355;USD2.15
Brazil;New PNADC;Sur;2015;1,1976958;USD2.15
Brazil;New PNADC;Centro-Oeste;2015;1,6939896;USD2.15
Brazil;New PNADC;National;2016;4,7061924;USD2.15
Brazil;New PNADC;Norte;2016;7,4768806;USD2.15
Brazil;New PNADC;Nordeste;2016;10,3741;USD2.15
Brazil;New PNADC;Sudeste;2016;2,1466743;USD2.15
Brazil;New PNADC;Sur;2016;1,2975228;USD2.15
Brazil;New PNADC;Centro-Oeste;2016;1,8513921;USD2.15
Brazil;New PNADC;National;2017;5,2690493;USD2.15
Brazil;New PNADC;Norte;2017;8,3218763;USD2.15
Brazil;New PNADC;Nordeste;2017;11,829134;USD2.15
Brazil;New PNADC;Sudeste;2017;2,2905261;USD2.15
Brazil;New PNADC;Sur;2017;1,5009497;USD2.15
Brazil;New PNADC;Centro-Oeste;2017;1,9353918;USD2.15
Brazil;New PNADC;National;2018;5,3017625;USD2.15
Brazil;New PNADC;Norte;2018;9,2439344;USD2.15
Brazil;New PNADC;Nordeste;2018;11,87612;USD2.15
Brazil;New PNADC;Sudeste;2018;2,1733122;USD2.15
Brazil;New PNADC;Sur;2018;1,444895;USD2.15
Brazil;New PNADC;Centro-Oeste;2018;1,9638793;USD2.15
Brazil;New PNADC;National;2019;5,3885809;USD2.15
Brazil;New PNADC;Norte;2019;9,7975155;USD2.15
Brazil;New PNADC;Nordeste;2019;11,888973;USD2.15
Brazil;New PNADC;Sudeste;2019;2,2176853;USD2.15
Brazil;New PNADC;Sur;2019;1,5378846;USD2.15
Brazil;New PNADC;Centro-Oeste;2019;2,0363173;USD2.15
Brazil;New PNADC;National;2020;1,9495585;USD2.15
Brazil;New PNADC;Norte;2020;3,3886217;USD2.15
Brazil;New PNADC;Nordeste;2020;3,9380048;USD2.15
Brazil;New PNADC;Sudeste;2020;0,97505316;USD2.15
Brazil;New PNADC;Sur;2020;0,76722829;USD2.15
Brazil;New PNADC;Centro-Oeste;2020;0,86577699;USD2.15
Brazil;New PNADC;National;2021;5,8245603;USD2.15
Brazil;New PNADC;Norte;2021;8,7600173;USD2.15
Brazil;New PNADC;Nordeste;2021;11,447925;USD2.15
Brazil;New PNADC;Sudeste;2021;3,5339929;USD2.15
Brazil;New PNADC;Sur;2021;1,921252;USD2.15
Brazil;New PNADC;Centro-Oeste;2021;2,5585284;USD2.15
Brazil;New PNADC;National;2022;3,5053016;USD2.15
Brazil;New PNADC;Norte;2022;5,7955741;USD2.15
Brazil;New PNADC;Nordeste;2022;7,6021674;USD2.15
Brazil;New PNADC;Sudeste;2022;1,5706378;USD2.15
Brazil;New PNADC;Sur;2022;1,1901271;USD2.15
Brazil;New PNADC;Centro-Oeste;2022;1,4559468;USD2.15
Chile;;National;1987;15,380129;USD2.15
Chile;;Region 1;1987;12,077805;USD2.15
Chile;;Region 2;1987;11,063514;USD2.15
Chile;;Region 3;1987;9,4601203;USD2.15
Chile;;Region 4;1987;15,78043;USD2.15
Chile;;Region 5;1987;12,891329;USD2.15
Chile;;Region 6;1987;15,303461;USD2.15
Chile;;Region 7;1987;15,420176;USD2.15
Chile;;Region 8;1987;22,612738;USD2.15
Chile;;Region 9;1987;27,724896;USD2.15
Chile;;Region 10;1987;21,276884;USD2.15
Chile;;Region 11;1987;4,3379556;USD2.15
Chile;;Region 12;1987;5,0787802;USD2.15
Chile;;Region 13;1987;11,812031;USD2.15
Chile;;National;1990;10,668008;USD2.15
Chile;;Region 1;1990;4,7033794;USD2.15
Chile;;Region 2;1990;7,756872;USD2.15
Chile;;Region 3;1990;7,2550409;USD2.15
Chile;;Region 4;1990;13,849765;USD2.15
Chile;;Region 5;1990;12,969589;USD2.15
Chile;;Region 6;1990;13,377708;USD2.15
Chile;;Region 7;1990;13,120755;USD2.15
Chile;;Region 8;1990;15,113834;USD2.15
Chile;;Region 9;1990;18,209403;USD2.15
Chile;;Region 10;1990;11,29873;USD2.15
Chile;;Region 11;1990;5,650711;USD2.15
Chile;;Region 12;1990;7,1660174;USD2.15
Chile;;Region 13;1990;7,2177028;USD2.15
Chile;;National;1992;6,8347654;USD2.15
Chile;;Region 1;1992;5,0812118;USD2.15
Chile;;Region 2;1992;5,818439;USD2.15
Chile;;Region 3;1992;4,604941;USD2.15
Chile;;Region 4;1992;7,9634781;USD2.15
Chile;;Region 5;1992;6,4640257;USD2.15
Chile;;Region 6;1992;5,8930524;USD2.15
Chile;;Region 7;1992;10,366078;USD2.15
Chile;;Region 8;1992;12,815257;USD2.15
Chile;;Region 9;1992;10,107509;USD2.15
Chile;;Region 10;1992;7,1421882;USD2.15
Chile;;Region 11;1992;4,7802015;USD2.15
Chile;;Region 12;1992;2,7557563;USD2.15
Chile;;Region 13;1992;4,3698146;USD2.15
Chile;;National;1994;6,7974642;USD2.15
Chile;;Region 1;1994;4,7705705;USD2.15
Chile;;Region 2;1994;4,5978379;USD2.15
Chile;;Region 3;1994;7,2872139;USD2.15
Chile;;Region 4;1994;7,4535587;USD2.15
Chile;;Region 5;1994;5,6205851;USD2.15
Chile;;Region 6;1994;8,1445036;USD2.15
Chile;;Region 7;1994;12,39082;USD2.15
Chile;;Region 8;1994;12,001291;USD2.15
Chile;;Region 9;1994;9,1675365;USD2.15
Chile;;Region 10;1994;8,4208006;USD2.15
Chile;;Region 11;1994;7,5494797;USD2.15
Chile;;Region 12;1994;2,3790465;USD2.15
Chile;;Region 13;1994;4,050702;USD2.15
Chile;;National;1996;4,6644677;USD2.15
Chile;;Region 1;1996;3,8580134;USD2.15
Chile;;Region 2;1996;3,2341841;USD2.15
Chile;;Region 3;1996;5,7244919;USD2.15
Chile;;Region 4;1996;6,6171694;USD2.15
Chile;;Region 5;1996;3,442575;USD2.15
Chile;;Region 6;1996;4,888868;USD2.15
Chile;;Region 7;1996;7,7026574;USD2.15
Chile;;Region 8;1996;9,0474553;USD2.15
Chile;;Region 9;1996;10,188172;USD2.15
Chile;;Region 10;1996;7,3862289;USD2.15
Chile;;Region 11;1996;3,5809581;USD2.15
Chile;;Region 12;1996;1,9023349;USD2.15
Chile;;Region 13;1996;1,9241139;USD2.15
Chile;;National;1998;4,5866967;USD2.15
Chile;;Region 1;1998;3,4022795;USD2.15
Chile;;Region 2;1998;2,4869294;USD2.15
Chile;;Region 3;1998;4,9477577;USD2.15
Chile;;Region 4;1998;5,6298158;USD2.15
Chile;;Region 5;1998;3,3697071;USD2.15
Chile;;Region 6;1998;4,0095573;USD2.15
Chile;;Region 7;1998;5,778439;USD2.15
Chile;;Region 8;1998;8,2358552;USD2.15
Chile;;Region 9;1998;9,3201083;USD2.15
Chile;;Region 10;1998;7,401471;USD2.15
Chile;;Region 11;1998;1,6923244;USD2.15
Chile;;Region 12;1998;1,0520565;USD2.15
Chile;;Region 13;1998;2,8074362;USD2.15
Chile;;National;2000;6,2003671;USD2.15
Chile;;Region 1;2000;5,9747465;USD2.15
Chile;;Region 2;2000;3,5445674;USD2.15
Chile;;Region 3;2000;7,707471;USD2.15
Chile;;Region 4;2000;7,6480263;USD2.15
Chile;;Region 5;2000;5,2775466;USD2.15
Chile;;Region 6;2000;5,4576388;USD2.15
Chile;;Region 7;2000;7,1483082;USD2.15
Chile;;Region 8;2000;8,560812;USD2.15
Chile;;Region 9;2000;13,367019;USD2.15
Chile;;Region 10;2000;7,3147116;USD2.15
Chile;;Region 11;2000;4,2163143;USD2.15
Chile;;Region 12;2000;1,9863791;USD2.15
Chile;;Region 13;2000;4,5956561;USD2.15
Chile;;National;2003;5,9035294;USD2.15
Chile;;Region 1;2003;4,3221252;USD2.15
Chile;;Region 2;2003;4,8281649;USD2.15
Chile;;Region 3;2003;7,2400632;USD2.15
Chile;;Region 4;2003;6,5072937;USD2.15
Chile;;Region 5;2003;6,2525723;USD2.15
Chile;;Region 6;2003;5,0609643;USD2.15
Chile;;Region 7;2003;7,4326881;USD2.15
Chile;;Region 8;2003;9,5383633;USD2.15
Chile;;Region 9;2003;11,42339;USD2.15
Chile;;Region 10;2003;6,844683;USD2.15
Chile;;Region 11;2003;5,4667064;USD2.15
Chile;;Region 12;2003;0,88664071;USD2.15
Chile;;Region 13;2003;3,8539334;USD2.15
Chile;;starting in 2006, the results are not directly comparable with previous years;2006;2,0453675;USD2.15
Chile;;starting in 2006, the results are not directly comparable with previous years;2009;1,6663069;USD2.15
Chile;;starting in 2006, the results are not directly comparable with previous years;2011;0,90387512;USD2.15
Chile;;starting in 2006, the results are not directly comparable with previous years;2013;0,51711923;USD2.15
Chile;;starting in 2006, the results are not directly comparable with previous years;2015;0,4292806;USD2.15
Chile;;starting in 2006, the results are not directly comparable with previous years;2017;0,35970792;USD2.15
Chile;;starting in 2006, the results are not directly comparable with previous years;2020;1,3415734;USD2.15
Chile;;starting in 2006, the results are not directly comparable with previous years;2022;0,39506757;USD2.15
Colombia;ECH-National;National;2002;14,178108;USD2.15
Colombia;ECH-National;Atlántica;2002;19,633588;USD2.15
Colombia;ECH-National;Oriental;2002;15,646633;USD2.15
Colombia;ECH-National;Central;2002;13,472026;USD2.15
Colombia;ECH-National;Pacífica;2002;16,168012;USD2.15
Colombia;ECH-National; Bogotá;2002;4,2486474;USD2.15
Colombia;ECH-National;National;2003;13,005038;USD2.15
Colombia;ECH-National;Atlántica;2003;9,7640448;USD2.15
Colombia;ECH-National;Oriental;2003;15,160593;USD2.15
Colombia;ECH-National;Central;2003;14,838495;USD2.15
Colombia;ECH-National;Pacífica;2003;19,282053;USD2.15
Colombia;ECH-National; Bogotá;2003;5,1051655;USD2.15
Colombia;ECH-National;National;2004;12,00756;USD2.15
Colombia;ECH-National;Atlántica;2004;13,160582;USD2.15
Colombia;ECH-National;Oriental;2004;11,232096;USD2.15
Colombia;ECH-National;Central;2004;12,194913;USD2.15
Colombia;ECH-National;Pacífica;2004;16,90725;USD2.15
Colombia;ECH-National; Bogotá;2004;5,6724327;USD2.15
Colombia;ECH-National;National;2005;10,736817;USD2.15
Colombia;ECH-National;Atlántica;2005;12,496246;USD2.15
Colombia;ECH-National;Oriental;2005;11,203487;USD2.15
Colombia;ECH-National;Central;2005;11,488741;USD2.15
Colombia;ECH-National;Pacífica;2005;13,950482;USD2.15
Colombia;ECH-National; Bogotá;2005;3,2158085;USD2.15
Colombia;GEIH-National;National;2008;11,025089;USD2.15
Colombia;GEIH-National;Atlántica;2008;17,456359;USD2.15
Colombia;GEIH-National;Oriental;2008;9,4308224;USD2.15
Colombia;GEIH-National;Central;2008;10,848532;USD2.15
Colombia;GEIH-National;Pacífica;2008;13,484423;USD2.15
Colombia;GEIH-National; Bogotá;2008;2,0923654;USD2.15
Colombia;GEIH-National;National;2009;9,6189193;USD2.15
Colombia;GEIH-National;Atlántica;2009;13,652526;USD2.15
Colombia;GEIH-National;Oriental;2009;8,0032794;USD2.15
Colombia;GEIH-National;Central;2009;9,5613901;USD2.15
Colombia;GEIH-National;Pacífica;2009;13,19104;USD2.15
Colombia;GEIH-National; Bogotá;2009;2,2461798;USD2.15
Colombia;GEIH-National;National;2010;8,2960229;USD2.15
Colombia;GEIH-National;Atlántica;2010;12,387643;USD2.15
Colombia;GEIH-National;Oriental;2010;6,5904034;USD2.15
Colombia;GEIH-National;Central;2010;7,6652239;USD2.15
Colombia;GEIH-National;Pacífica;2010;12,075744;USD2.15
Colombia;GEIH-National; Bogotá;2010;1,6875362;USD2.15
Colombia;GEIH-National;National;2011;6,8281505;USD2.15
Colombia;GEIH-National;Atlántica;2011;9,6052716;USD2.15
Colombia;GEIH-National;Oriental;2011;5,5734342;USD2.15
Colombia;GEIH-National;Central;2011;6,5147167;USD2.15
Colombia;GEIH-National;Pacífica;2011;10,479907;USD2.15
Colombia;GEIH-National; Bogotá;2011;1,1490647;USD2.15
Colombia;GEIH-National;National;2012;6,7151167;USD2.15
Colombia;GEIH-National;Atlántica;2012;8,9500037;USD2.15
Colombia;GEIH-National;Oriental;2012;5,2022155;USD2.15
Colombia;GEIH-National;Central;2012;6,5338613;USD2.15
Colombia;GEIH-National;Pacífica;2012;10,914066;USD2.15
Colombia;GEIH-National; Bogotá;2012;1,2690063;USD2.15
Colombia;GEIH-National;National;2013;6,1117009;USD2.15
Colombia;GEIH-National;Atlántica;2013;7,6561506;USD2.15
Colombia;GEIH-National;Oriental;2013;5,4841971;USD2.15
Colombia;GEIH-National;Central;2013;5,7627346;USD2.15
Colombia;GEIH-National;Pacífica;2013;10,079998;USD2.15
Colombia;GEIH-National; Bogotá;2013;1,1228798;USD2.15
Colombia;GEIH-National;National;2014;5,4313827;USD2.15
Colombia;GEIH-National;Atlántica;2014;6,4277212;USD2.15
Colombia;GEIH-National;Oriental;2014;5,4284942;USD2.15
Colombia;GEIH-National;Central;2014;5,2840405;USD2.15
Colombia;GEIH-National;Pacífica;2014;8,4051126;USD2.15
Colombia;GEIH-National; Bogotá;2014;1,229408;USD2.15
Colombia;GEIH-National;National;2015;4,925476;USD2.15
Colombia;GEIH-National;Atlántica;2015;5,3877834;USD2.15
Colombia;GEIH-National;Oriental;2015;4,4697111;USD2.15
Colombia;GEIH-National;Central;2015;5,2485285;USD2.15
Colombia;GEIH-National;Pacífica;2015;7,714585;USD2.15
Colombia;GEIH-National; Bogotá;2015;1,392672;USD2.15
Colombia;GEIH-National;National;2016;4,9135302;USD2.15
Colombia;GEIH-National;Atlántica;2016;5,786805;USD2.15
Colombia;GEIH-National;Oriental;2016;4,9503848;USD2.15
Colombia;GEIH-National;Central;2016;4,3847952;USD2.15
Colombia;GEIH-National;Pacífica;2016;7,7029582;USD2.15
Colombia;GEIH-National; Bogotá;2016;1,6183229;USD2.15
Colombia;GEIH-National;National;2017;4,3394601;USD2.15
Colombia;GEIH-National;Atlántica;2017;5,5781697;USD2.15
Colombia;GEIH-National;Oriental;2017;4,2264378;USD2.15
Colombia;GEIH-National;Central;2017;3,5125539;USD2.15
Colombia;GEIH-National;Pacífica;2017;6,6349577;USD2.15
Colombia;GEIH-National; Bogotá;2017;1,6883262;USD2.15
Colombia;GEIH-National;National;2018;4,4982611;USD2.15
Colombia;GEIH-National;Atlántica;2018;5,4132381;USD2.15
Colombia;GEIH-National;Oriental;2018;3,9229185;USD2.15
Colombia;GEIH-National;Central;2018;4,0665892;USD2.15
Colombia;GEIH-National;Pacífica;2018;7,1403739;USD2.15
Colombia;GEIH-National; Bogotá;2018;1,802016;USD2.15
Colombia;GEIH-National;National;2019;5,2847375;USD2.15
Colombia;GEIH-National;Atlántica;2019;7,2755169;USD2.15
Colombia;GEIH-National;Oriental;2019;4,8476229;USD2.15
Colombia;GEIH-National;Central;2019;4,3423565;USD2.15
Colombia;GEIH-National;Pacífica;2019;7,8557453;USD2.15
Colombia;GEIH-National; Bogotá;2019;1,8649682;USD2.15
Colombia;GEIH-National;National;2020;9,3598609;USD2.15
Colombia;GEIH-National;Atlántica;2020;11,024611;USD2.15
Colombia;GEIH-National;Oriental;2020;9,326062;USD2.15
Colombia;GEIH-National;Central;2020;7,2082776;USD2.15
Colombia;GEIH-National;Pacífica;2020;11,434243;USD2.15
Colombia;GEIH-National; Bogotá;2020;8,2778861;USD2.15
Colombia;GEIH-National;National;2021;6,6135182;USD2.15
Colombia;GEIH-National;Atlántica;2021;8,966067;USD2.15
Colombia;GEIH-National;Oriental;2021;6,5007914;USD2.15
Colombia;GEIH-National;Central;2021;4,6272041;USD2.15
Colombia;GEIH-National;Pacífica;2021;8,0995841;USD2.15
Colombia;GEIH-National; Bogotá;2021;5,0590653;USD2.15
Colombia;GEIH-National - New Methodology;National;2021;7,3346661;USD2.15
Colombia;GEIH-National - New Methodology;Atlántica;2021;9,3734713;USD2.15
Colombia;GEIH-National - New Methodology;Oriental;2021;7,7168544;USD2.15
Colombia;GEIH-National - New Methodology;Central;2021;6,345744;USD2.15
Colombia;GEIH-National - New Methodology;Pacífica;2021;8,9896764;USD2.15
Colombia;GEIH-National - New Methodology; Bogotá;2021;3,6477919;USD2.15
Colombia;GEIH-National - New Methodology;National;2022;6,0365478;USD2.15
Colombia;GEIH-National - New Methodology;Atlántica;2022;9,3218374;USD2.15
Colombia;GEIH-National - New Methodology;Oriental;2022;5,7112075;USD2.15
Colombia;GEIH-National - New Methodology;Central;2022;4,7226948;USD2.15
Colombia;GEIH-National - New Methodology;Pacífica;2022;6,6742625;USD2.15
Colombia;GEIH-National - New Methodology; Bogotá;2022;2,9673061;USD2.15
Costa Rica;Without Implicit Rent;National;1989;10,552571;USD2.15
Costa Rica;Without Implicit Rent;Region 1;1989;7,2100817;USD2.15
Costa Rica;Without Implicit Rent;Region 2;1989;24,980855;USD2.15
Costa Rica;Without Implicit Rent;Region 3;1989;14,067828;USD2.15
Costa Rica;Without Implicit Rent;Region 4;1989;16,722109;USD2.15
Costa Rica;Without Implicit Rent;Region 5;1989;7,7798693;USD2.15
Costa Rica;Without Implicit Rent;Region 6;1989;13,853539;USD2.15
Costa Rica;Without Implicit Rent;National;1990;10,376102;USD2.15
Costa Rica;Without Implicit Rent;Region 1;1990;6,3487999;USD2.15
Costa Rica;Without Implicit Rent;Region 2;1990;25,510722;USD2.15
Costa Rica;Without Implicit Rent;Region 3;1990;14,644771;USD2.15
Costa Rica;Without Implicit Rent;Region 4;1990;23,024197;USD2.15
Costa Rica;Without Implicit Rent;Region 5;1990;7,0611285;USD2.15
Costa Rica;Without Implicit Rent;Region 6;1990;15,175619;USD2.15
Costa Rica;Without Implicit Rent;National;1991;12,413739;USD2.15
Costa Rica;Without Implicit Rent;Region 1;1991;9,0318708;USD2.15
Costa Rica;Without Implicit Rent;Region 2;1991;24,722038;USD2.15
Costa Rica;Without Implicit Rent;Region 3;1991;15,701241;USD2.15
Costa Rica;Without Implicit Rent;Region 4;1991;20,504567;USD2.15
Costa Rica;Without Implicit Rent;Region 5;1991;10,767371;USD2.15
Costa Rica;Without Implicit Rent;Region 6;1991;13,522333;USD2.15
Costa Rica;Without Implicit Rent;National;1992;9,941776;USD2.15
Costa Rica;Without Implicit Rent;Region 1;1992;6,7494282;USD2.15
Costa Rica;Without Implicit Rent;Region 2;1992;18,280874;USD2.15
Costa Rica;Without Implicit Rent;Region 3;1992;12,212953;USD2.15
Costa Rica;Without Implicit Rent;Region 4;1992;21,318588;USD2.15
Costa Rica;Without Implicit Rent;Region 5;1992;8,7587453;USD2.15
Costa Rica;Without Implicit Rent;Region 6;1992;12,252329;USD2.15
Costa Rica;Without Implicit Rent;National;1993;8,5273535;USD2.15
Costa Rica;Without Implicit Rent;Region 1;1993;6,164271;USD2.15
Costa Rica;Without Implicit Rent;Region 2;1993;15,532632;USD2.15
Costa Rica;Without Implicit Rent;Region 3;1993;10,865563;USD2.15
Costa Rica;Without Implicit Rent;Region 4;1993;16,942712;USD2.15
Costa Rica;Without Implicit Rent;Region 5;1993;6,1224983;USD2.15
Costa Rica;Without Implicit Rent;Region 6;1993;10,046065;USD2.15
Costa Rica;Without Implicit Rent;National;1994;7,0410642;USD2.15
Costa Rica;Without Implicit Rent;Region 1;1994;4,0302656;USD2.15
Costa Rica;Without Implicit Rent;Region 2;1994;17,155229;USD2.15
Costa Rica;Without Implicit Rent;Region 3;1994;7,3403279;USD2.15
Costa Rica;Without Implicit Rent;Region 4;1994;16,004756;USD2.15
Costa Rica;Without Implicit Rent;Region 5;1994;7,170668;USD2.15
Costa Rica;Without Implicit Rent;Region 6;1994;9,5176745;USD2.15
Costa Rica;Without Implicit Rent;National;1995;7,1334515;USD2.15
Costa Rica;Without Implicit Rent;Region 1;1995;4,8096754;USD2.15
Costa Rica;Without Implicit Rent;Region 2;1995;13,21876;USD2.15
Costa Rica;Without Implicit Rent;Region 3;1995;6,6008385;USD2.15
Costa Rica;Without Implicit Rent;Region 4;1995;16,289044;USD2.15
Costa Rica;Without Implicit Rent;Region 5;1995;6,5849891;USD2.15
Costa Rica;Without Implicit Rent;Region 6;1995;10,633984;USD2.15
Costa Rica;Without Implicit Rent;National;1996;8,2209241;USD2.15
Costa Rica;Without Implicit Rent;Region 1;1996;5,0922422;USD2.15
Costa Rica;Without Implicit Rent;Region 2;1996;15,523824;USD2.15
Costa Rica;Without Implicit Rent;Region 3;1996;7,1494165;USD2.15
Costa Rica;Without Implicit Rent;Region 4;1996;16,989247;USD2.15
Costa Rica;Without Implicit Rent;Region 5;1996;10,811907;USD2.15
Costa Rica;Without Implicit Rent;Region 6;1996;14,010153;USD2.15
Costa Rica;Without Implicit Rent;National;1997;6,7248264;USD2.15
Costa Rica;Without Implicit Rent;Region 1;1997;3,8768815;USD2.15
Costa Rica;Without Implicit Rent;Region 2;1997;14,228174;USD2.15
Costa Rica;Without Implicit Rent;Region 3;1997;7,6598805;USD2.15
Costa Rica;Without Implicit Rent;Region 4;1997;12,062861;USD2.15
Costa Rica;Without Implicit Rent;Region 5;1997;9,9435906;USD2.15
Costa Rica;Without Implicit Rent;Region 6;1997;11,397207;USD2.15
Costa Rica;Without Implicit Rent;National;1998;5,2241964;USD2.15
Costa Rica;Without Implicit Rent;Region 1;1998;2,8290083;USD2.15
Costa Rica;Without Implicit Rent;Region 2;1998;13,109929;USD2.15
Costa Rica;Without Implicit Rent;Region 3;1998;6,2292188;USD2.15
Costa Rica;Without Implicit Rent;Region 4;1998;11,348079;USD2.15
Costa Rica;Without Implicit Rent;Region 5;1998;5,6405604;USD2.15
Costa Rica;Without Implicit Rent;Region 6;1998;7,5099997;USD2.15
Costa Rica;Without Implicit Rent;National;1999;6,8184239;USD2.15
Costa Rica;Without Implicit Rent;Region 1;1999;4,4014677;USD2.15
Costa Rica;Without Implicit Rent;Region 2;1999;15,528466;USD2.15
Costa Rica;Without Implicit Rent;Region 3;1999;8,4569685;USD2.15
Costa Rica;Without Implicit Rent;Region 4;1999;14,253869;USD2.15
Costa Rica;Without Implicit Rent;Region 5;1999;6,9389253;USD2.15
Costa Rica;Without Implicit Rent;Region 6;1999;7,0698353;USD2.15
Costa Rica;Without Implicit Rent;National;2000;6,9267938;USD2.15
Costa Rica;Without Implicit Rent;Region 1;2000;3,980017;USD2.15
Costa Rica;Without Implicit Rent;Region 2;2000;14,504634;USD2.15
Costa Rica;Without Implicit Rent;Region 3;2000;7,4443509;USD2.15
Costa Rica;Without Implicit Rent;Region 4;2000;16,50394;USD2.15
Costa Rica;Without Implicit Rent;Region 5;2000;8,6807088;USD2.15
Costa Rica;Without Implicit Rent;Region 6;2000;9,4384444;USD2.15
Costa Rica;Without Implicit Rent;National;2001;7,4900305;USD2.15
Costa Rica;Without Implicit Rent;Region 1;2001;4,4436125;USD2.15
Costa Rica;Without Implicit Rent;Region 2;2001;15,707663;USD2.15
Costa Rica;Without Implicit Rent;Region 3;2001;11,796494;USD2.15
Costa Rica;Without Implicit Rent;Region 4;2001;18,638382;USD2.15
Costa Rica;Without Implicit Rent;Region 5;2001;7,4332129;USD2.15
Costa Rica;Without Implicit Rent;Region 6;2001;11,348107;USD2.15
Costa Rica;With Implicit Rent;National;2001;5,094759;USD2.15
Costa Rica;With Implicit Rent;Region 1;2001;2,5136359;USD2.15
Costa Rica;With Implicit Rent;Region 2;2001;12,609248;USD2.15
Costa Rica;With Implicit Rent;Region 3;2001;8,6179839;USD2.15
Costa Rica;With Implicit Rent;Region 4;2001;13,488421;USD2.15
Costa Rica;With Implicit Rent;Region 5;2001;5,3578372;USD2.15
Costa Rica;With Implicit Rent;Region 6;2001;8,6111289;USD2.15
Costa Rica;With Implicit Rent;National;2002;4,6752875;USD2.15
Costa Rica;With Implicit Rent;Region 1;2002;2,3675543;USD2.15
Costa Rica;With Implicit Rent;Region 2;2002;12,968778;USD2.15
Costa Rica;With Implicit Rent;Region 3;2002;5,6320515;USD2.15
Costa Rica;With Implicit Rent;Region 4;2002;12,889681;USD2.15
Costa Rica;With Implicit Rent;Region 5;2002;5,8061524;USD2.15
Costa Rica;With Implicit Rent;Region 6;2002;3,6187437;USD2.15
Costa Rica;With Implicit Rent;National;2003;4,7242848;USD2.15
Costa Rica;With Implicit Rent;Region 1;2003;2,4007043;USD2.15
Costa Rica;With Implicit Rent;Region 2;2003;12,441167;USD2.15
Costa Rica;With Implicit Rent;Region 3;2003;3,5979543;USD2.15
Costa Rica;With Implicit Rent;Region 4;2003;10,933252;USD2.15
Costa Rica;With Implicit Rent;Region 5;2003;7,6205381;USD2.15
Costa Rica;With Implicit Rent;Region 6;2003;6,526618;USD2.15
Costa Rica;With Implicit Rent;National;2004;4,6634713;USD2.15
Costa Rica;With Implicit Rent;Region 1;2004;2,511223;USD2.15
Costa Rica;With Implicit Rent;Region 2;2004;11,970748;USD2.15
Costa Rica;With Implicit Rent;Region 3;2004;5,2245002;USD2.15
Costa Rica;With Implicit Rent;Region 4;2004;10,350663;USD2.15
Costa Rica;With Implicit Rent;Region 5;2004;5,7199592;USD2.15
Costa Rica;With Implicit Rent;Region 6;2004;8,7127878;USD2.15
Costa Rica;With Implicit Rent;National;2005;3,3339497;USD2.15
Costa Rica;With Implicit Rent;Region 1;2005;1,9189655;USD2.15
Costa Rica;With Implicit Rent;Region 2;2005;6,6391151;USD2.15
Costa Rica;With Implicit Rent;Region 3;2005;5,2492052;USD2.15
Costa Rica;With Implicit Rent;Region 4;2005;6,494812;USD2.15
Costa Rica;With Implicit Rent;Region 5;2005;5,3285546;USD2.15
Costa Rica;With Implicit Rent;Region 6;2005;5,2844854;USD2.15
Costa Rica;With Implicit Rent;National;2006;3,3378455;USD2.15
Costa Rica;With Implicit Rent;Region 1;2006;1,8338173;USD2.15
Costa Rica;With Implicit Rent;Region 2;2006;10,626388;USD2.15
Costa Rica;With Implicit Rent;Region 3;2006;2,4826207;USD2.15
Costa Rica;With Implicit Rent;Region 4;2006;7,2116255;USD2.15
Costa Rica;With Implicit Rent;Region 5;2006;4,380154;USD2.15
Costa Rica;With Implicit Rent;Region 6;2006;3,908402;USD2.15
Costa Rica;With Implicit Rent;National;2007;1,820663;USD2.15
Costa Rica;With Implicit Rent;Region 1;2007;1,1572429;USD2.15
Costa Rica;With Implicit Rent;Region 2;2007;5,4516508;USD2.15
Costa Rica;With Implicit Rent;Region 3;2007;1,4304948;USD2.15
Costa Rica;With Implicit Rent;Region 4;2007;2,8639517;USD2.15
Costa Rica;With Implicit Rent;Region 5;2007;2,773293;USD2.15
Costa Rica;With Implicit Rent;Region 6;2007;1,3792104;USD2.15
Costa Rica;With Implicit Rent;National;2008;2,4206099;USD2.15
Costa Rica;With Implicit Rent;Region 1;2008;1,4540867;USD2.15
Costa Rica;With Implicit Rent;Region 2;2008;5,3631253;USD2.15
Costa Rica;With Implicit Rent;Region 3;2008;2,435572;USD2.15
Costa Rica;With Implicit Rent;Region 4;2008;5,113312;USD2.15
Costa Rica;With Implicit Rent;Region 5;2008;3,6500277;USD2.15
Costa Rica;With Implicit Rent;Region 6;2008;2,8531256;USD2.15
Costa Rica;With Implicit Rent;National;2009;2,4773993;USD2.15
Costa Rica;With Implicit Rent;Region 1;2009;1,5412554;USD2.15
Costa Rica;With Implicit Rent;Region 2;2009;4,842095;USD2.15
Costa Rica;With Implicit Rent;Region 3;2009;1,3038727;USD2.15
Costa Rica;With Implicit Rent;Region 4;2009;5,4305052;USD2.15
Costa Rica;With Implicit Rent;Region 5;2009;4,0080381;USD2.15
Costa Rica;With Implicit Rent;Region 6;2009;4,103438;USD2.15
Costa Rica;With Implicit Rent;National;2010;1,4892362;USD2.15
Costa Rica;With Implicit Rent;Region 1;2010;0,68406626;USD2.15
Costa Rica;With Implicit Rent;Region 2;2010;2,5343909;USD2.15
Costa Rica;With Implicit Rent;Region 3;2010;2,8786173;USD2.15
Costa Rica;With Implicit Rent;Region 4;2010;3,0068644;USD2.15
Costa Rica;With Implicit Rent;Region 5;2010;2,3921745;USD2.15
Costa Rica;With Implicit Rent;Region 6;2010;3,4566636;USD2.15
Costa Rica;With Implicit Rent;National;2011;1,7502994;USD2.15
Costa Rica;With Implicit Rent;Region 1;2011;1,0354319;USD2.15
Costa Rica;With Implicit Rent;Region 2;2011;2,4737627;USD2.15
Costa Rica;With Implicit Rent;Region 3;2011;1,9120657;USD2.15
Costa Rica;With Implicit Rent;Region 4;2011;2,8754077;USD2.15
Costa Rica;With Implicit Rent;Region 5;2011;4,2361769;USD2.15
Costa Rica;With Implicit Rent;Region 6;2011;2,7180282;USD2.15
Costa Rica;With Implicit Rent;National;2012;1,6733679;USD2.15
Costa Rica;With Implicit Rent;Region 1;2012;1,1023782;USD2.15
Costa Rica;With Implicit Rent;Region 2;2012;2,1534861;USD2.15
Costa Rica;With Implicit Rent;Region 3;2012;1,2328597;USD2.15
Costa Rica;With Implicit Rent;Region 4;2012;3,7455988;USD2.15
Costa Rica;With Implicit Rent;Region 5;2012;3,5549998;USD2.15
Costa Rica;With Implicit Rent;Region 6;2012;1,9428183;USD2.15
Costa Rica;With Implicit Rent;National;2013;1,6425788;USD2.15
Costa Rica;With Implicit Rent;Region 1;2013;0,80228554;USD2.15
Costa Rica;With Implicit Rent;Region 2;2013;2,6229879;USD2.15
Costa Rica;With Implicit Rent;Region 3;2013;2,549665;USD2.15
Costa Rica;With Implicit Rent;Region 4;2013;4,0577015;USD2.15
Costa Rica;With Implicit Rent;Region 5;2013;3,0122092;USD2.15
Costa Rica;With Implicit Rent;Region 6;2013;2,8369909;USD2.15
Costa Rica;With Implicit Rent;National;2014;1,5053035;USD2.15
Costa Rica;With Implicit Rent;Region 1;2014;0,81057623;USD2.15
Costa Rica;With Implicit Rent;Region 2;2014;2,4695003;USD2.15
Costa Rica;With Implicit Rent;Region 3;2014;2,237026;USD2.15
Costa Rica;With Implicit Rent;Region 4;2014;3,1241397;USD2.15
Costa Rica;With Implicit Rent;Region 5;2014;2,2833941;USD2.15
Costa Rica;With Implicit Rent;Region 6;2014;3,1069307;USD2.15
Costa Rica;With Implicit Rent;National;2015;1,5732269;USD2.15
Costa Rica;With Implicit Rent;Region 1;2015;0,66744208;USD2.15
Costa Rica;With Implicit Rent;Region 2;2015;2,7281575;USD2.15
Costa Rica;With Implicit Rent;Region 3;2015;1,9209925;USD2.15
Costa Rica;With Implicit Rent;Region 4;2015;3,1224217;USD2.15
Costa Rica;With Implicit Rent;Region 5;2015;2,3748893;USD2.15
Costa Rica;With Implicit Rent;Region 6;2015;4,943943;USD2.15
Costa Rica;With Implicit Rent;National;2016;1,3367381;USD2.15
Costa Rica;With Implicit Rent;Region 1;2016;0,74410714;USD2.15
Costa Rica;With Implicit Rent;Region 2;2016;1,7280214;USD2.15
Costa Rica;With Implicit Rent;Region 3;2016;1,8131642;USD2.15
Costa Rica;With Implicit Rent;Region 4;2016;1,8967276;USD2.15
Costa Rica;With Implicit Rent;Region 5;2016;1,9646692;USD2.15
Costa Rica;With Implicit Rent;Region 6;2016;3,9910072;USD2.15
Costa Rica;With Implicit Rent;National;2017;1,172351;USD2.15
Costa Rica;With Implicit Rent;Region 1;2017;0,57515577;USD2.15
Costa Rica;With Implicit Rent;Region 2;2017;1,4288784;USD2.15
Costa Rica;With Implicit Rent;Region 3;2017;2,1710319;USD2.15
Costa Rica;With Implicit Rent;Region 4;2017;1,8599267;USD2.15
Costa Rica;With Implicit Rent;Region 5;2017;2,6773985;USD2.15
Costa Rica;With Implicit Rent;Region 6;2017;2,489638;USD2.15
Costa Rica;With Implicit Rent;National;2018;1,5057526;USD2.15
Costa Rica;With Implicit Rent;Region 1;2018;1,0122129;USD2.15
Costa Rica;With Implicit Rent;Region 2;2018;1,7638471;USD2.15
Costa Rica;With Implicit Rent;Region 3;2018;1,4283667;USD2.15
Costa Rica;With Implicit Rent;Region 4;2018;2,1522532;USD2.15
Costa Rica;With Implicit Rent;Region 5;2018;2,9988489;USD2.15
Costa Rica;With Implicit Rent;Region 6;2018;2,8331775;USD2.15
Costa Rica;With Implicit Rent;National;2019;1,0571395;USD2.15
Costa Rica;With Implicit Rent;Region 1;2019;0,76182689;USD2.15
Costa Rica;With Implicit Rent;Region 2;2019;0,93425436;USD2.15
Costa Rica;With Implicit Rent;Region 3;2019;2,0451911;USD2.15
Costa Rica;With Implicit Rent;Region 4;2019;1,0383705;USD2.15
Costa Rica;With Implicit Rent;Region 5;2019;1,5816922;USD2.15
Costa Rica;With Implicit Rent;Region 6;2019;2,1305543;USD2.15
Costa Rica;With Implicit Rent;National;2020;2,2913267;USD2.15
Costa Rica;With Implicit Rent;Region 1;2020;1,7729249;USD2.15
Costa Rica;With Implicit Rent;Region 2;2020;1,1556978;USD2.15
Costa Rica;With Implicit Rent;Region 3;2020;5,6292791;USD2.15
Costa Rica;With Implicit Rent;Region 4;2020;0,80623583;USD2.15
Costa Rica;With Implicit Rent;Region 5;2020;3,7011506;USD2.15
Costa Rica;With Implicit Rent;Region 6;2020;4,5997029;USD2.15
Costa Rica;With Implicit Rent;National;2021;1,2274487;USD2.15
Costa Rica;With Implicit Rent;Region 1;2021;0,78556785;USD2.15
Costa Rica;With Implicit Rent;Region 2;2021;1,0725996;USD2.15
Costa Rica;With Implicit Rent;Region 3;2021;2,852603;USD2.15
Costa Rica;With Implicit Rent;Region 4;2021;1,7484297;USD2.15
Costa Rica;With Implicit Rent;Region 5;2021;2,3576183;USD2.15
Costa Rica;With Implicit Rent;Region 6;2021;1,809554;USD2.15
Costa Rica;With Implicit Rent;National;2022;0,88687355;USD2.15
Costa Rica;With Implicit Rent;Region 1;2022;0,42730412;USD2.15
Costa Rica;With Implicit Rent;Region 2;2022;2,1380916;USD2.15
Costa Rica;With Implicit Rent;Region 3;2022;2,2539196;USD2.15
Costa Rica;With Implicit Rent;Region 4;2022;0,51390819;USD2.15
Costa Rica;With Implicit Rent;Region 5;2022;1,3457469;USD2.15
Costa Rica;With Implicit Rent;Region 6;2022;1,9584979;USD2.15
Costa Rica;With Implicit Rent;National;2023;0,88261968;USD2.15
Costa Rica;With Implicit Rent;Region 1;2023;0,49996834;USD2.15
Costa Rica;With Implicit Rent;Region 2;2023;1,2285624;USD2.15
Costa Rica;With Implicit Rent;Region 3;2023;1,3866967;USD2.15
Costa Rica;With Implicit Rent;Region 4;2023;0,25142693;USD2.15
Costa Rica;With Implicit Rent;Region 5;2023;2,5353495;USD2.15
Costa Rica;With Implicit Rent;Region 6;2023;1,7607314;USD2.15
Costa Rica;Dominican Rep.;National;2000;6,71443;USD2.15
Costa Rica;Dominican Rep.;Ozama;2000;2,7339863;USD2.15
Costa Rica;Dominican Rep.;Cibao Norte;2000;2,7907104;USD2.15
Costa Rica;Dominican Rep.;Cibao Sur;2000;6,4315532;USD2.15
Costa Rica;Dominican Rep.;Cibao Nordeste;2000;3,1817613;USD2.15
Costa Rica;Dominican Rep.;Cibao Noroeste;2000;13,732487;USD2.15
Costa Rica;Dominican Rep.;Valdesia;2000;12,335701;USD2.15
Costa Rica;Dominican Rep.;El Valle;2000;30,481504;USD2.15
Costa Rica;Dominican Rep.;Enriquillo;2000;14,272312;USD2.15
Costa Rica;Dominican Rep.;Higuamo;2000;9,1682528;USD2.15
Costa Rica;Dominican Rep.;Yuma;2000;5,5272451;USD2.15
Costa Rica;Dominican Rep.;National;2001;5,1379632;USD2.15
Costa Rica;Dominican Rep.;Ozama;2001;2,0260296;USD2.15
Costa Rica;Dominican Rep.;Cibao Norte;2001;2,6212482;USD2.15
Costa Rica;Dominican Rep.;Cibao Sur;2001;4,0676629;USD2.15
Costa Rica;Dominican Rep.;Cibao Nordeste;2001;3,6339855;USD2.15
Costa Rica;Dominican Rep.;Cibao Noroeste;2001;10,017082;USD2.15
Costa Rica;Dominican Rep.;Valdesia;2001;7,5732724;USD2.15
Costa Rica;Dominican Rep.;El Valle;2001;18,367245;USD2.15
Costa Rica;Dominican Rep.;Enriquillo;2001;16,537633;USD2.15
Costa Rica;Dominican Rep.;Higuamo;2001;8,4908253;USD2.15
Costa Rica;Dominican Rep.;Yuma;2001;4,793448;USD2.15
Costa Rica;Dominican Rep.;National;2002;7,6143243;USD2.15
Costa Rica;Dominican Rep.;Ozama;2002;2,8396711;USD2.15
Costa Rica;Dominican Rep.;Cibao Norte;2002;4,8322445;USD2.15
Costa Rica;Dominican Rep.;Cibao Sur;2002;8,630394;USD2.15
Costa Rica;Dominican Rep.;Cibao Nordeste;2002;6,4442943;USD2.15
Costa Rica;Dominican Rep.;Cibao Noroeste;2002;6,3779839;USD2.15
Costa Rica;Dominican Rep.;Valdesia;2002;12,767195;USD2.15
Costa Rica;Dominican Rep.;El Valle;2002;35,3577;USD2.15
Costa Rica;Dominican Rep.;Enriquillo;2002;14,638235;USD2.15
Costa Rica;Dominican Rep.;Higuamo;2002;10,057174;USD2.15
Costa Rica;Dominican Rep.;Yuma;2002;9,1301358;USD2.15
Costa Rica;Dominican Rep.;National;2003;8,6978016;USD2.15
Costa Rica;Dominican Rep.;Ozama;2003;3,7242697;USD2.15
Costa Rica;Dominican Rep.;Cibao Norte;2003;5,6826433;USD2.15
Costa Rica;Dominican Rep.;Cibao Sur;2003;9,0981556;USD2.15
Costa Rica;Dominican Rep.;Cibao Nordeste;2003;5,3707314;USD2.15
Costa Rica;Dominican Rep.;Cibao Noroeste;2003;14,555161;USD2.15
Costa Rica;Dominican Rep.;Valdesia;2003;12,486312;USD2.15
Costa Rica;Dominican Rep.;El Valle;2003;25,988075;USD2.15
Costa Rica;Dominican Rep.;Enriquillo;2003;28,852838;USD2.15
Costa Rica;Dominican Rep.;Higuamo;2003;13,11849;USD2.15
Costa Rica;Dominican Rep.;Yuma;2003;8,4033082;USD2.15
Costa Rica;Dominican Rep.;National;2004;11,607311;USD2.15
Costa Rica;Dominican Rep.;Ozama;2004;7,0805692;USD2.15
Costa Rica;Dominican Rep.;Cibao Norte;2004;8,1583742;USD2.15
Costa Rica;Dominican Rep.;Cibao Sur;2004;9,3632497;USD2.15
Costa Rica;Dominican Rep.;Cibao Nordeste;2004;7,5013332;USD2.15
Costa Rica;Dominican Rep.;Cibao Noroeste;2004;18,966395;USD2.15
Costa Rica;Dominican Rep.;Valdesia;2004;16,555715;USD2.15
Costa Rica;Dominican Rep.;El Valle;2004;30,666445;USD2.15
Costa Rica;Dominican Rep.;Enriquillo;2004;33,115398;USD2.15
Costa Rica;Dominican Rep.;Higuamo;2004;13,774379;USD2.15
Costa Rica;Dominican Rep.;Yuma;2004;12,102569;USD2.15
Costa Rica;ENFT 3;National;2005;7,4095428;USD2.15
Costa Rica;ENFT 3;Ozama;2005;4,0257158;USD2.15
Costa Rica;ENFT 3;Cibao Norte;2005;5,8075837;USD2.15
Costa Rica;ENFT 3;Cibao Sur;2005;8,0383332;USD2.15
Costa Rica;ENFT 3;Cibao Nordeste;2005;5,7162409;USD2.15
Costa Rica;ENFT 3;Cibao Noroeste;2005;11,710295;USD2.15
Costa Rica;ENFT 3;Valdesia;2005;8,9760804;USD2.15
Costa Rica;ENFT 3;El Valle;2005;12,34457;USD2.15
Costa Rica;ENFT 3;Enriquillo;2005;22,674968;USD2.15
Costa Rica;ENFT 3;Higuamo;2005;12,915181;USD2.15
Costa Rica;ENFT 3;Yuma;2005;7,289026;USD2.15
Costa Rica;ENFT 3;National;2006;6,255223;USD2.15
Costa Rica;ENFT 3;Ozama;2006;3,0207453;USD2.15
Costa Rica;ENFT 3;Cibao Norte;2006;4,8037936;USD2.15
Costa Rica;ENFT 3;Cibao Sur;2006;5,1055551;USD2.15
Costa Rica;ENFT 3;Cibao Nordeste;2006;6,6442875;USD2.15
Costa Rica;ENFT 3;Cibao Noroeste;2006;8,4446513;USD2.15
Costa Rica;ENFT 3;Valdesia;2006;7,6077216;USD2.15
Costa Rica;ENFT 3;El Valle;2006;13,319645;USD2.15
Costa Rica;ENFT 3;Enriquillo;2006;23,30714;USD2.15
Costa Rica;ENFT 3;Higuamo;2006;11,983822;USD2.15
Costa Rica;ENFT 3;Yuma;2006;4,5679975;USD2.15
Costa Rica;ENFT 3;National;2007;6,0679278;USD2.15
Costa Rica;ENFT 3;Ozama;2007;3,814938;USD2.15
Costa Rica;ENFT 3;Cibao Norte;2007;3,9549654;USD2.15
Costa Rica;ENFT 3;Cibao Sur;2007;5,1804858;USD2.15
Costa Rica;ENFT 3;Cibao Nordeste;2007;6,7495399;USD2.15
Costa Rica;ENFT 3;Cibao Noroeste;2007;11,399666;USD2.15
Costa Rica;ENFT 3;Valdesia;2007;9,0746905;USD2.15
Costa Rica;ENFT 3;El Valle;2007;10,626255;USD2.15
Costa Rica;ENFT 3;Enriquillo;2007;16,609756;USD2.15
Costa Rica;ENFT 3;Higuamo;2007;7,421506;USD2.15
Costa Rica;ENFT 3;Yuma;2007;5,046542;USD2.15
Costa Rica;ENFT 4;National;2008;5,4485998;USD2.15
Costa Rica;ENFT 4;Ozama;2008;2,7346747;USD2.15
Costa Rica;ENFT 4;Cibao Norte;2008;3,1133185;USD2.15
Costa Rica;ENFT 4;Cibao Sur;2008;4,7854045;USD2.15
Costa Rica;ENFT 4;Cibao Nordeste;2008;7,2144804;USD2.15
Costa Rica;ENFT 4;Cibao Noroeste;2008;13,112777;USD2.15
Costa Rica;ENFT 4;Valdesia;2008;6,7278812;USD2.15
Costa Rica;ENFT 4;El Valle;2008;14,674352;USD2.15
Costa Rica;ENFT 4;Enriquillo;2008;13,612449;USD2.15
Costa Rica;ENFT 4;Higuamo;2008;7,3927389;USD2.15
Costa Rica;ENFT 4;Yuma;2008;6,2072665;USD2.15
Costa Rica;ENFT 4;National;2009;4,6799769;USD2.15
Costa Rica;ENFT 4;Ozama;2009;2,4921786;USD2.15
Costa Rica;ENFT 4;Cibao Norte;2009;3,8149682;USD2.15
Costa Rica;ENFT 4;Cibao Sur;2009;4,9162642;USD2.15
Costa Rica;ENFT 4;Cibao Nordeste;2009;6,7821766;USD2.15
Costa Rica;ENFT 4;Cibao Noroeste;2009;5,903487;USD2.15
Costa Rica;ENFT 4;Valdesia;2009;7,3024753;USD2.15
Costa Rica;ENFT 4;El Valle;2009;9,68148;USD2.15
Costa Rica;ENFT 4;Enriquillo;2009;8,5943725;USD2.15
Costa Rica;ENFT 4;Higuamo;2009;6,2932299;USD2.15
Costa Rica;ENFT 4;Yuma;2009;4,6548157;USD2.15
Costa Rica;ENFT 4;National;2010;3,8692139;USD2.15
Costa Rica;ENFT 4;Ozama;2010;2,052104;USD2.15
Costa Rica;ENFT 4;Cibao Norte;2010;2,4658167;USD2.15
Costa Rica;ENFT 4;Cibao Sur;2010;2,7278216;USD2.15
Costa Rica;ENFT 4;Cibao Nordeste;2010;4,4198562;USD2.15
Costa Rica;ENFT 4;Cibao Noroeste;2010;7,3624021;USD2.15
Costa Rica;ENFT 4;Valdesia;2010;4,7980982;USD2.15
Costa Rica;ENFT 4;El Valle;2010;14,009881;USD2.15
Costa Rica;ENFT 4;Enriquillo;2010;9,2935388;USD2.15
Costa Rica;ENFT 4;Higuamo;2010;6,2003845;USD2.15
Costa Rica;ENFT 4;Yuma;2010;3,8985589;USD2.15
Costa Rica;ENFT 4;National;2011;4,055294;USD2.15
Costa Rica;ENFT 4;Ozama;2011;3,1268534;USD2.15
Costa Rica;ENFT 4;Cibao Norte;2011;2,8060431;USD2.15
Costa Rica;ENFT 4;Cibao Sur;2011;2,9687463;USD2.15
Costa Rica;ENFT 4;Cibao Nordeste;2011;4,4670115;USD2.15
Costa Rica;ENFT 4;Cibao Noroeste;2011;5,5302379;USD2.15
Costa Rica;ENFT 4;Valdesia;2011;5,037036;USD2.15
Costa Rica;ENFT 4;El Valle;2011;7,1892934;USD2.15
Costa Rica;ENFT 4;Enriquillo;2011;8,9478661;USD2.15
Costa Rica;ENFT 4;Higuamo;2011;6,7057645;USD2.15
Costa Rica;ENFT 4;Yuma;2011;3,6502259;USD2.15
Costa Rica;ENFT 4;National;2012;3,8488619;USD2.15
Costa Rica;ENFT 4;Ozama;2012;2,7899687;USD2.15
Costa Rica;ENFT 4;Cibao Norte;2012;2,7543646;USD2.15
Costa Rica;ENFT 4;Cibao Sur;2012;3,4111898;USD2.15
Costa Rica;ENFT 4;Cibao Nordeste;2012;4,1323306;USD2.15
Costa Rica;ENFT 4;Cibao Noroeste;2012;5,3536723;USD2.15
Costa Rica;ENFT 4;Valdesia;2012;5,575889;USD2.15
Costa Rica;ENFT 4;El Valle;2012;6,9838327;USD2.15
Costa Rica;ENFT 4;Enriquillo;2012;9,7693108;USD2.15
Costa Rica;ENFT 4;Higuamo;2012;5,1024129;USD2.15
Costa Rica;ENFT 4;Yuma;2012;2,6572559;USD2.15
Costa Rica;ENFT 4;National;2013;2,9718231;USD2.15
Costa Rica;ENFT 4;Ozama;2013;2,0518021;USD2.15
Costa Rica;ENFT 4;Cibao Norte;2013;2,2686334;USD2.15
Costa Rica;ENFT 4;Cibao Sur;2013;2,113893;USD2.15
Costa Rica;ENFT 4;Cibao Nordeste;2013;1,5748429;USD2.15
Costa Rica;ENFT 4;Cibao Noroeste;2013;4,7338011;USD2.15
Costa Rica;ENFT 4;Valdesia;2013;3,4799568;USD2.15
Costa Rica;ENFT 4;El Valle;2013;5,8451951;USD2.15
Costa Rica;ENFT 4;Enriquillo;2013;9,3029527;USD2.15
Costa Rica;ENFT 4;Higuamo;2013;4,4899813;USD2.15
Costa Rica;ENFT 4;Yuma;2013;3,792439;USD2.15
Costa Rica;ENFT 4;National;2014;3,3559257;USD2.15
Costa Rica;ENFT 4;Ozama;2014;2,879514;USD2.15
Costa Rica;ENFT 4;Cibao Norte;2014;1,751621;USD2.15
Costa Rica;ENFT 4;Cibao Sur;2014;2,2149881;USD2.15
Costa Rica;ENFT 4;Cibao Nordeste;2014;2,6884601;USD2.15
Costa Rica;ENFT 4;Cibao Noroeste;2014;4,7155268;USD2.15
Costa Rica;ENFT 4;Valdesia;2014;4,2689833;USD2.15
Costa Rica;ENFT 4;El Valle;2014;7,8382041;USD2.15
Costa Rica;ENFT 4;Enriquillo;2014;6,9374523;USD2.15
Costa Rica;ENFT 4;Higuamo;2014;4,304245;USD2.15
Costa Rica;ENFT 4;Yuma;2014;4,5050451;USD2.15
Costa Rica;ENFT 4;National;2015;2,5349869;USD2.15
Costa Rica;ENFT 4;Ozama;2015;1,7685166;USD2.15
Costa Rica;ENFT 4;Cibao Norte;2015;1,485006;USD2.15
Costa Rica;ENFT 4;Cibao Sur;2015;0,37387282;USD2.15
Costa Rica;ENFT 4;Cibao Nordeste;2015;2,8027923;USD2.15
Costa Rica;ENFT 4;Cibao Noroeste;2015;5,1400084;USD2.15
Costa Rica;ENFT 4;Valdesia;2015;3,4127934;USD2.15
Costa Rica;ENFT 4;El Valle;2015;5,9199435;USD2.15
Costa Rica;ENFT 4;Enriquillo;2015;8,3270581;USD2.15
Costa Rica;ENFT 4;Higuamo;2015;3,0942381;USD2.15
Costa Rica;ENFT 4;Yuma;2015;3,0838304;USD2.15
Costa Rica;ENFT 4;National;2016;2,0301723;USD2.15
Costa Rica;ENFT 4;Ozama;2016;1,7746296;USD2.15
Costa Rica;ENFT 4;Cibao Norte;2016;0,5936215;USD2.15
Costa Rica;ENFT 4;Cibao Sur;2016;1,0274395;USD2.15
Costa Rica;ENFT 4;Cibao Nordeste;2016;1,7746945;USD2.15
Costa Rica;ENFT 4;Cibao Noroeste;2016;2,656664;USD2.15
Costa Rica;ENFT 4;Valdesia;2016;3,0503008;USD2.15
Costa Rica;ENFT 4;El Valle;2016;4,7655557;USD2.15
Costa Rica;ENFT 4;Enriquillo;2016;6,3513735;USD2.15
Costa Rica;ENFT 4;Higuamo;2016;2,8588068;USD2.15
Costa Rica;ENFT 4;Yuma;2016;1,8144927;USD2.15
Costa Rica;ENFT 4;National;2016;1,2324151;USD2.15
Costa Rica;ENFT 4;Ozama;2016;0,78353795;USD2.15
Costa Rica;ENFT 4;Cibao Norte;2016;0,87761648;USD2.15
Costa Rica;ENFT 4;Cibao Sur;2016;0,61201292;USD2.15
Costa Rica;ENFT 4;Cibao Nordeste;2016;0,0;USD2.15
Costa Rica;ENFT 4;Cibao Noroeste;2016;5,3539638;USD2.15
Costa Rica;ENFT 4;Valdesia;2016;2,562227;USD2.15
Costa Rica;ENFT 4;El Valle;2016;1,3784778;USD2.15
Costa Rica;ENFT 4;Enriquillo;2016;2,5496506;USD2.15
Costa Rica;ENFT 4;Higuamo;2016;0,92492912;USD2.15
Costa Rica;ENFT 4;Yuma;2016;1,2044921;USD2.15
Costa Rica;ENFT 4;National;2017;1,0015451;USD2.15
Costa Rica;ENFT 4;Ozama;2017;1,173725;USD2.15
Costa Rica;ENFT 4;Cibao Norte;2017;0,78096776;USD2.15
Costa Rica;ENFT 4;Cibao Sur;2017;0,0;USD2.15
Costa Rica;ENFT 4;Cibao Nordeste;2017;1,2015357;USD2.15
Costa Rica;ENFT 4;Cibao Noroeste;2017;0,94280021;USD2.15
Costa Rica;ENFT 4;Valdesia;2017;1,6592695;USD2.15
Costa Rica;ENFT 4;El Valle;2017;1,199262;USD2.15
Costa Rica;ENFT 4;Enriquillo;2017;1,1863447;USD2.15
Costa Rica;ENFT 4;Higuamo;2017;0,0;USD2.15
Costa Rica;ENFT 4;Yuma;2017;1,0905084;USD2.15
Costa Rica;ENFT 4;National;2018;0,83553441;USD2.15
Costa Rica;ENFT 4;Ozama;2018;0,7890173;USD2.15
Costa Rica;ENFT 4;Cibao Norte;2018;0,76920484;USD2.15
Costa Rica;ENFT 4;Cibao Sur;2018;0,47408038;USD2.15
Costa Rica;ENFT 4;Cibao Nordeste;2018;0,0;USD2.15
Costa Rica;ENFT 4;Cibao Noroeste;2018;2,2061365;USD2.15
Costa Rica;ENFT 4;Valdesia;2018;1,1859051;USD2.15
Costa Rica;ENFT 4;El Valle;2018;1,1267664;USD2.15
Costa Rica;ENFT 4;Enriquillo;2018;1,2629032;USD2.15
Costa Rica;ENFT 4;Higuamo;2018;0,80534826;USD2.15
Costa Rica;ENFT 4;Yuma;2018;0,69983748;USD2.15
Costa Rica;ENFT 4;National;2019;0,83268662;USD2.15
Costa Rica;ENFT 4;Ozama;2019;1,2833094;USD2.15
Costa Rica;ENFT 4;Cibao Norte;2019;0,39031822;USD2.15
Costa Rica;ENFT 4;Cibao Sur;2019;0,17958133;USD2.15
Costa Rica;ENFT 4;Cibao Nordeste;2019;0,0;USD2.15
Costa Rica;ENFT 4;Cibao Noroeste;2019;0,0;USD2.15
Costa Rica;ENFT 4;Valdesia;2019;1,587819;USD2.15
Costa Rica;ENFT 4;El Valle;2019;0,0;USD2.15
Costa Rica;ENFT 4;Enriquillo;2019;0,97555236;USD2.15
Costa Rica;ENFT 4;Higuamo;2019;0,0;USD2.15
Costa Rica;ENFT 4;Yuma;2019;1,0431756;USD2.15
Costa Rica;ENFT 4;National;2020;0,95941836;USD2.15
Costa Rica;ENFT 4;Ozama;2020;0,62451458;USD2.15
Costa Rica;ENFT 4;Cibao Norte;2020;1,0724712;USD2.15
Costa Rica;ENFT 4;Cibao Sur;2020;0,97136244;USD2.15
Costa Rica;ENFT 4;Cibao Nordeste;2020;0,0;USD2.15
Costa Rica;ENFT 4;Cibao Noroeste;2020;2,1440181;USD2.15
Costa Rica;ENFT 4;Valdesia;2020;0,92842751;USD2.15
Costa Rica;ENFT 4;El Valle;2020;0,92484697;USD2.15
Costa Rica;ENFT 4;Enriquillo;2020;0,3124821;USD2.15
Costa Rica;ENFT 4;Higuamo;2020;1,6780989;USD2.15
Costa Rica;ENFT 4;Yuma;2020;2,5319797;USD2.15
Costa Rica;ENFT 4;National;2021;0,85372851;USD2.15
Costa Rica;ENFT 4;Ozama;2021;1,0157243;USD2.15
Costa Rica;ENFT 4;Cibao Norte;2021;0,56117185;USD2.15
Costa Rica;ENFT 4;Cibao Sur;2021;0,46444153;USD2.15
Costa Rica;ENFT 4;Cibao Nordeste;2021;0,0;USD2.15
Costa Rica;ENFT 4;Cibao Noroeste;2021;0,0;USD2.15
Costa Rica;ENFT 4;Valdesia;2021;1,3845189;USD2.15
Costa Rica;ENFT 4;El Valle;2021;2,3003897;USD2.15
Costa Rica;ENFT 4;Enriquillo;2021;1,1127627;USD2.15
Costa Rica;ENFT 4;Higuamo;2021;1,3817054;USD2.15
Costa Rica;ENFT 4;Yuma;2021;0,327924;USD2.15
Costa Rica;ENFT 4;National;2022;0,8;USD2.15
Costa Rica;ENFT 4;Ozama;2022;1,2;USD2.15
Costa Rica;ENFT 4;Cibao Norte;2022;0,3;USD2.15
Costa Rica;ENFT 4;Cibao Sur;2022;0,0;USD2.15
Costa Rica;ENFT 4;Cibao Nordeste;2022;0,0;USD2.15
Costa Rica;ENFT 4;Cibao Noroeste;2022;1,4;USD2.15
Costa Rica;ENFT 4;Valdesia;2022;0,6;USD2.15
Costa Rica;ENFT 4;El Valle;2022;0,0;USD2.15
Costa Rica;ENFT 4;Enriquillo;2022;1,9;USD2.15
Costa Rica;ENFT 4;Higuamo;2022;0,2;USD2.15
Costa Rica;ENFT 4;Yuma;2022;1,1;USD2.15
Ecuador;ENEMDU;National;2003;14,826368;USD2.15
Ecuador;ENEMDU;Costa;2003;13,265653;USD2.15
Ecuador;ENEMDU;Sierra;2003;15,383445;USD2.15
Ecuador;ENEMDU;Oriente;2003;24,629216;USD2.15
Ecuador;ENEMDU;National;2004;15,017041;USD2.15
Ecuador;ENEMDU;Costa;2004;14,551776;USD2.15
Ecuador;ENEMDU;Sierra;2004;13,897748;USD2.15
Ecuador;ENEMDU;Oriente;2004;31,304048;USD2.15
Ecuador;ENEMDU;National;2005;11,803507;USD2.15
Ecuador;ENEMDU;Costa;2005;12,226534;USD2.15
Ecuador;ENEMDU;Sierra;2005;9,9861176;USD2.15
Ecuador;ENEMDU;Oriente;2005;26,949931;USD2.15
Ecuador;ENEMDU;National;2006;8,1537839;USD2.15
Ecuador;ENEMDU;Costa;2006;7,815034;USD2.15
Ecuador;ENEMDU;Sierra;2006;7,7782319;USD2.15
Ecuador;ENEMDU;Oriente;2006;15,189155;USD2.15
Ecuador;ENEMDU;National;2007;8,5189008;USD2.15
Ecuador;ENEMDU;Costa;2007;8,4624146;USD2.15
Ecuador;ENEMDU;Sierra;2007;7,0226856;USD2.15
Ecuador;ENEMDU;Oriente;2007;24,633853;USD2.15
Ecuador;ENEMDU;National;2008;7,5139526;USD2.15
Ecuador;ENEMDU;Costa;2008;8,6063765;USD2.15
Ecuador;ENEMDU;Sierra;2008;5,2482186;USD2.15
Ecuador;ENEMDU;Oriente;2008;20,519634;USD2.15
Ecuador;ENEMDU;National;2009;7,3104998;USD2.15
Ecuador;ENEMDU;Costa;2009;8,0888771;USD2.15
Ecuador;ENEMDU;Sierra;2009;5,0604185;USD2.15
Ecuador;ENEMDU;Oriente;2009;23,389288;USD2.15
Ecuador;ENEMDU;National;2010;5,6782023;USD2.15
Ecuador;ENEMDU;Costa;2010;6,59713;USD2.15
Ecuador;ENEMDU;Sierra;2010;3,8210682;USD2.15
Ecuador;ENEMDU;Oriente;2010;16,095471;USD2.15
Ecuador;ENEMDU;National;2011;4,6691977;USD2.15
Ecuador;ENEMDU;Costa;2011;5,8034546;USD2.15
Ecuador;ENEMDU;Sierra;2011;2,9013566;USD2.15
Ecuador;ENEMDU;Oriente;2011;12,182539;USD2.15
Ecuador;ENEMDU;National;2012;4,4631448;USD2.15
Ecuador;ENEMDU;Costa;2012;5,5879549;USD2.15
Ecuador;ENEMDU;Sierra;2012;2,5704306;USD2.15
Ecuador;ENEMDU;Oriente;2012;13,601156;USD2.15
Ecuador;ENEMDU;National;2013;3,2410894;USD2.15
Ecuador;ENEMDU;Costa;2013;3,0341731;USD2.15
Ecuador;ENEMDU;Sierra;2013;2,6458407;USD2.15
Ecuador;ENEMDU;Oriente;2013;10,890915;USD2.15
Ecuador;ENEMDU;National;2014;2,6356109;USD2.15
Ecuador;ENEMDU;Costa;2014;2,0645412;USD2.15
Ecuador;ENEMDU;Sierra;2014;2,076633;USD2.15
Ecuador;ENEMDU;Oriente;2014;12,818614;USD2.15
Ecuador;ENEMDU;Insular;2014;0,81772891;USD2.15
Ecuador;ENEMDU;National;2015;3,4400665;USD2.15
Ecuador;ENEMDU;Costa;2015;3,1089993;USD2.15
Ecuador;ENEMDU;Sierra;2015;2,4127951;USD2.15
Ecuador;ENEMDU;Oriente;2015;15,912444;USD2.15
Ecuador;ENEMDU;National;2016;3,5750273;USD2.15
Ecuador;ENEMDU;Costa;2016;4,0570907;USD2.15
Ecuador;ENEMDU;Sierra;2016;1,962272;USD2.15
Ecuador;ENEMDU;Oriente;2016;14,495052;USD2.15
Ecuador;ENEMDU;Insular;2016;0,60456711;USD2.15
Ecuador;ENEMDU;National;2017;3,2132531;USD2.15
Ecuador;ENEMDU;Costa;2017;3,4654209;USD2.15
Ecuador;ENEMDU;Sierra;2017;2,0802126;USD2.15
Ecuador;ENEMDU;Oriente;2017;11,575742;USD2.15
Ecuador;ENEMDU;National;2018;3,3114907;USD2.15
Ecuador;ENEMDU;Costa;2018;2,667722;USD2.15
Ecuador;ENEMDU;Sierra;2018;2,8521047;USD2.15
Ecuador;ENEMDU;Oriente;2018;12,714289;USD2.15
Ecuador;ENEMDU;National;2019;3,5835842;USD2.15
Ecuador;ENEMDU;Costa;2019;3,3912592;USD2.15
Ecuador;ENEMDU;Sierra;2019;2,9411102;USD2.15
Ecuador;ENEMDU;Oriente;2019;11,039888;USD2.15
Ecuador;ENEMDU;Insular;2019;0,39159299;USD2.15
Ecuador;ENEMDU;National;2020;6,5192451;USD2.15
Ecuador;ENEMDU;Costa;2020;3,8710715;USD2.15
Ecuador;ENEMDU;Sierra;2020;3,050163;USD2.15
Ecuador;ENEMDU;Oriente;2020;30,452608;USD2.15
Ecuador;ENEMDU;National;2021;3,5831802;USD2.15
Ecuador;ENEMDU;Costa;2021;1,6133436;USD2.15
Ecuador;ENEMDU;Sierra;2021;2,0830295;USD2.15
Ecuador;ENEMDU;Oriente;2021;16,605855;USD2.15
Ecuador;ENEMDU;National;2022;3,1807919;USD2.15
Ecuador;ENEMDU;Costa;2022;0,9198245;USD2.15
Ecuador;ENEMDU;Sierra;2022;0,87426484;USD2.15
Ecuador;ENEMDU;Oriente;2022;20,721523;USD2.15
Ecuador;ENEMDU;Insular;2022;1,9715795;USD2.15
Ecuador;ENEMDU;National;2023;3,7984307;USD2.15
Ecuador;ENEMDU;Costa;2023;1,2802059;USD2.15
Ecuador;ENEMDU;Sierra;2023;1,2608572;USD2.15
Ecuador;ENEMDU;Oriente;2023;20,00659;USD2.15
El Salvador;;National;2000;12,942934;USD2.15
El Salvador;;Occidental;2000;19,322602;USD2.15
El Salvador;;Central 1;2000;14,470062;USD2.15
El Salvador;;Central 2;2000;20,207235;USD2.15
El Salvador;;Oriental;2000;17,769929;USD2.15
El Salvador;;AMSS;2000;2,3090658;USD2.15
El Salvador;;National;2001;14,104641;USD2.15
El Salvador;;Occidental;2001;19,193717;USD2.15
El Salvador;;Central 1;2001;14,05359;USD2.15
El Salvador;;Central 2;2001;20,269759;USD2.15
El Salvador;;Oriental;2001;21,059344;USD2.15
El Salvador;;AMSS;2001;4,3022705;USD2.15
El Salvador;;National;2002;14,728867;USD2.15
El Salvador;;Occidental;2002;20,359598;USD2.15
El Salvador;;Central 1;2002;15,082961;USD2.15
El Salvador;;Central 2;2002;22,517211;USD2.15
El Salvador;;Oriental;2002;19,922482;USD2.15
El Salvador;;AMSS;2002;5,0618119;USD2.15
El Salvador;;National;2003;15,813787;USD2.15
El Salvador;;Occidental;2003;19,741222;USD2.15
El Salvador;;Central 1;2003;15,847818;USD2.15
El Salvador;;Central 2;2003;26,136846;USD2.15
El Salvador;;Oriental;2003;23,461828;USD2.15
El Salvador;;AMSS;2003;5,1884674;USD2.15
El Salvador;;National;2004;11,488363;USD2.15
El Salvador;;Occidental;2004;14,213472;USD2.15
El Salvador;;Central 1;2004;10,614045;USD2.15
El Salvador;;Central 2;2004;18,800677;USD2.15
El Salvador;;Oriental;2004;16,520899;USD2.15
El Salvador;;AMSS;2004;4,1607155;USD2.15
El Salvador;;National;2005;11,278455;USD2.15
El Salvador;;Occidental;2005;15,025012;USD2.15
El Salvador;;Central 1;2005;11,127574;USD2.15
El Salvador;;Central 2;2005;18,717792;USD2.15
El Salvador;;Oriental;2005;15,421587;USD2.15
El Salvador;;AMSS;2005;4,1833465;USD2.15
El Salvador;;National;2006;7,6506427;USD2.15
El Salvador;;Occidental;2006;9,8763223;USD2.15
El Salvador;;Central 1;2006;8,3783887;USD2.15
El Salvador;;Central 2;2006;11,711991;USD2.15
El Salvador;;Oriental;2006;10,40203;USD2.15
El Salvador;;AMSS;2006;2,9310847;USD2.15
El Salvador;;National;2007;5,0684903;USD2.15
El Salvador;;Occidental;2007;6,422138;USD2.15
El Salvador;;Central 1;2007;4,2506248;USD2.15
El Salvador;;Central 2;2007;8,9130428;USD2.15
El Salvador;;Oriental;2007;8,1669463;USD2.15
El Salvador;;AMSS;2007;0,64071842;USD2.15
El Salvador;;National;2008;7,7175079;USD2.15
El Salvador;;Occidental;2008;10,013704;USD2.15
El Salvador;;Central 1;2008;8,7043727;USD2.15
El Salvador;;Central 2;2008;11,756426;USD2.15
El Salvador;;Oriental;2008;10,348902;USD2.15
El Salvador;;AMSS;2008;1,644569;USD2.15
El Salvador;;National;2009;7,4199602;USD2.15
El Salvador;;Occidental;2009;10,367551;USD2.15
El Salvador;;Central 1;2009;7,8752781;USD2.15
El Salvador;;Central 2;2009;10,091754;USD2.15
El Salvador;;Oriental;2009;10,66726;USD2.15
El Salvador;;AMSS;2009;1,3989654;USD2.15
El Salvador;;National;2010;6,3456346;USD2.15
El Salvador;;Occidental;2010;9,219878;USD2.15
El Salvador;;Central 1;2010;6,3782247;USD2.15
El Salvador;;Central 2;2010;6,8493448;USD2.15
El Salvador;;Oriental;2010;9,4215521;USD2.15
El Salvador;;AMSS;2010;1,4349297;USD2.15
El Salvador;;National;2011;5,3409295;USD2.15
El Salvador;;Occidental;2011;6,8903504;USD2.15
El Salvador;;Central 1;2011;5,1411505;USD2.15
El Salvador;;Central 2;2011;7,3429811;USD2.15
El Salvador;;Oriental;2011;8,3000947;USD2.15
El Salvador;;AMSS;2011;1,1230017;USD2.15
El Salvador;;National;2012;4,6371476;USD2.15
El Salvador;;Occidental;2012;6,1157274;USD2.15
El Salvador;;Central 1;2012;4,8970958;USD2.15
El Salvador;;Central 2;2012;6,2180605;USD2.15
El Salvador;;Oriental;2012;7,5507199;USD2.15
El Salvador;;AMSS;2012;0,54130418;USD2.15
El Salvador;;National;2013;3,6247289;USD2.15
El Salvador;;Occidental;2013;5,0029329;USD2.15
El Salvador;;Central 1;2013;3,7082312;USD2.15
El Salvador;;Central 2;2013;5,2312551;USD2.15
El Salvador;;Oriental;2013;4,7798026;USD2.15
El Salvador;;AMSS;2013;0,97456109;USD2.15
El Salvador;;National;2014;3,4414844;USD2.15
El Salvador;;Occidental;2014;4,3721581;USD2.15
El Salvador;;Central 1;2014;3,3440893;USD2.15
El Salvador;;Central 2;2014;5,6991439;USD2.15
El Salvador;;Oriental;2014;5,1086751;USD2.15
El Salvador;;AMSS;2014;0,63121689;USD2.15
El Salvador;;National;2015;2,3088479;USD2.15
El Salvador;;Occidental;2015;3,0370039;USD2.15
El Salvador;;Central 1;2015;1,8360458;USD2.15
El Salvador;;Central 2;2015;3,4563038;USD2.15
El Salvador;;Oriental;2015;3,7640275;USD2.15
El Salvador;;AMSS;2015;0,510273;USD2.15
El Salvador;;National;2016;2,6329819;USD2.15
El Salvador;;Occidental;2016;3,3636231;USD2.15
El Salvador;;Central 1;2016;2,4983989;USD2.15
El Salvador;;Central 2;2016;3,6717604;USD2.15
El Salvador;;Oriental;2016;4,0629456;USD2.15
El Salvador;;AMSS;2016;0,64170664;USD2.15
El Salvador;;National;2017;2,1554992;USD2.15
El Salvador;;Occidental;2017;2,6388623;USD2.15
El Salvador;;Central 1;2017;2,1019696;USD2.15
El Salvador;;Central 2;2017;2,7238591;USD2.15
El Salvador;;Oriental;2017;3,5031977;USD2.15
El Salvador;;AMSS;2017;0,47001512;USD2.15
El Salvador;;National;2018;1,8427663;USD2.15
El Salvador;;Occidental;2018;2,5578895;USD2.15
El Salvador;;Central 1;2018;1,7698449;USD2.15
El Salvador;;Central 2;2018;1,7334454;USD2.15
El Salvador;;Oriental;2018;2,7406306;USD2.15
El Salvador;;AMSS;2018;0,67247721;USD2.15
El Salvador;;National;2019;1,4019152;USD2.15
El Salvador;;Occidental;2019;2,0639387;USD2.15
El Salvador;;Central 1;2019;1,3806411;USD2.15
El Salvador;;Central 2;2019;1,5702064;USD2.15
El Salvador;;Oriental;2019;1,9932606;USD2.15
El Salvador;;AMSS;2019;0,35536563;USD2.15
El Salvador;;National;2021;3,586186;USD2.15
El Salvador;;Occidental;2021;4,8917659;USD2.15
El Salvador;;Central 1;2021;3,8526173;USD2.15
El Salvador;;Central 2;2021;4,7564291;USD2.15
El Salvador;;Oriental;2021;4,5111326;USD2.15
El Salvador;;AMSS;2021;0,95523388;USD2.15
El Salvador;;National;2022;3,3633982;USD2.15
El Salvador;;Occidental;2022;3,8914862;USD2.15
El Salvador;;Central 1;2022;3,0617316;USD2.15
El Salvador;;Central 2;2022;5,370757;USD2.15
El Salvador;;Oriental;2022;4,6669832;USD2.15
El Salvador;;AMSS;2022;1,2546725;USD2.15
Guatemala;ENCOVI;National;2000;9,6077759;USD2.15
Guatemala;ENCOVI;Urbano Metropolitano;2000;2,5466513;USD2.15
Guatemala;ENCOVI;Resto Urbano;2000;6,2703587;USD2.15
Guatemala;ENCOVI;Resto Rural;2000;12,776053;USD2.15
Guatemala;ENCOVI;National;2006;11,650105;USD2.15
Guatemala;ENCOVI;Urbano Metropolitano;2006;0,83905816;USD2.15
Guatemala;ENCOVI;Resto Urbano;2006;6,3931079;USD2.15
Guatemala;ENCOVI;Resto Rural;2006;18,636875;USD2.15
Guatemala;ENCOVI;National;2011;11,557991;USD2.15
Guatemala;ENCOVI;Urbano Metropolitano;2011;1,9900904;USD2.15
Guatemala;ENCOVI;Resto Urbano;2011;8,4601433;USD2.15
Guatemala;ENCOVI;Resto Rural;2011;16,809457;USD2.15
Guatemala;ENCOVI;National;2014;9,5213027;USD2.15
Guatemala;ENCOVI;Urbano Metropolitano;2014;1,5937817;USD2.15
Guatemala;ENCOVI;Resto Urbano;2014;6,1304878;USD2.15
Guatemala;ENCOVI;Resto Rural;2014;14,474907;USD2.15
Honduras;INE;National;2001;19,837118;USD2.15
Honduras;INE;Metropolitana;2001;4,0478739;USD2.15
Honduras;INE;Norte;2001;12,666066;USD2.15
Honduras;INE;Occidente;2001;37,034101;USD2.15
Honduras;INE;Sur;2001;22,271325;USD2.15
Honduras;INE;Oriente;2001;27,12027;USD2.15
Honduras;INE;Central;2001;33,514808;USD2.15
Honduras;INE;National;2002;21,995177;USD2.15
Honduras;INE;Metropolitana;2002;3,1483296;USD2.15
Honduras;INE;Norte;2002;16,897813;USD2.15
Honduras;INE;Occidente;2002;41,176734;USD2.15
Honduras;INE;Sur;2002;37,078169;USD2.15
Honduras;INE;Oriente;2002;22,445104;USD2.15
Honduras;INE;Central;2002;29,144627;USD2.15
Honduras;INE;National;2003;26,49947;USD2.15
Honduras;INE;Metropolitana;2003;5,537315;USD2.15
Honduras;INE;Norte;2003;19,087324;USD2.15
Honduras;INE;Occidente;2003;44,463607;USD2.15
Honduras;INE;Sur;2003;30,061138;USD2.15
Honduras;INE;Oriente;2003;38,272287;USD2.15
Honduras;INE;Central;2003;37,967754;USD2.15
Honduras;INE;National;2004;25,433019;USD2.15
Honduras;INE;Metropolitana;2004;5,4864153;USD2.15
Honduras;INE;Norte;2004;18,114806;USD2.15
Honduras;INE;Occidente;2004;42,342225;USD2.15
Honduras;INE;Sur;2004;33,415236;USD2.15
Honduras;INE;Oriente;2004;37,15883;USD2.15
Honduras;INE;Central;2004;34,750031;USD2.15
Honduras;INE;National;2005;25,067038;USD2.15
Honduras;INE;Metropolitana;2005;3,9373525;USD2.15
Honduras;INE;Norte;2005;17,547668;USD2.15
Honduras;INE;Occidente;2005;39,801757;USD2.15
Honduras;INE;Sur;2005;30,899916;USD2.15
Honduras;INE;Oriente;2005;42,858297;USD2.15
Honduras;INE;Central;2005;33,763668;USD2.15
Honduras;INE;National;2006;21,142116;USD2.15
Honduras;INE;Metropolitana;2006;2,7127477;USD2.15
Honduras;INE;Norte;2006;13,070235;USD2.15
Honduras;INE;Occidente;2006;40,148544;USD2.15
Honduras;INE;Sur;2006;27,115934;USD2.15
Honduras;INE;Oriente;2006;32,711963;USD2.15
Honduras;INE;Central;2006;29,855348;USD2.15
Honduras;INE;National;2007;15,642992;USD2.15
Honduras;INE;Metropolitana;2007;1,8170803;USD2.15
Honduras;INE;Norte;2007;10,335922;USD2.15
Honduras;INE;Occidente;2007;31,070602;USD2.15
Honduras;INE;Sur;2007;20,524244;USD2.15
Honduras;INE;Oriente;2007;20,418867;USD2.15
Honduras;INE;Central;2007;20,959409;USD2.15
Honduras;INE;National;2008;15,244035;USD2.15
Honduras;INE;Metropolitana;2008;2,752022;USD2.15
Honduras;INE;Norte;2008;7,1858079;USD2.15
Honduras;INE;Occidente;2008;32,946797;USD2.15
Honduras;INE;Sur;2008;19,590736;USD2.15
Honduras;INE;Oriente;2008;20,842702;USD2.15
Honduras;INE;Central;2008;21,322794;USD2.15
Honduras;INE;National;2009;12,322079;USD2.15
Honduras;INE;Metropolitana;2009;0,93117289;USD2.15
Honduras;INE;Norte;2009;6,0298273;USD2.15
Honduras;INE;Occidente;2009;26,384236;USD2.15
Honduras;INE;Sur;2009;10,417028;USD2.15
Honduras;INE;Oriente;2009;17,846208;USD2.15
Honduras;INE;Central;2009;21,348542;USD2.15
Honduras;INE;National;2010;13,802202;USD2.15
Honduras;INE;Metropolitana;2010;1,6042639;USD2.15
Honduras;INE;Norte;2010;7,0273912;USD2.15
Honduras;INE;Occidente;2010;22,51155;USD2.15
Honduras;INE;Sur;2010;19,724284;USD2.15
Honduras;INE;Oriente;2010;22,41866;USD2.15
Honduras;INE;Central;2010;23,777022;USD2.15
Honduras;INE;National;2011;14,32309;USD2.15
Honduras;INE;Metropolitana;2011;3,2010224;USD2.15
Honduras;INE;Norte;2011;9,3551047;USD2.15
Honduras;INE;Occidente;2011;19,91573;USD2.15
Honduras;INE;Sur;2011;17,423146;USD2.15
Honduras;INE;Oriente;2011;22,618065;USD2.15
Honduras;INE;Central;2011;23,718875;USD2.15
Honduras;INE;National;2012;16,992705;USD2.15
Honduras;INE;Metropolitana;2012;4,4807724;USD2.15
Honduras;INE;Norte;2012;13,924808;USD2.15
Honduras;INE;Occidente;2012;23,246581;USD2.15
Honduras;INE;Sur;2012;22,935015;USD2.15
Honduras;INE;Oriente;2012;26,659796;USD2.15
Honduras;INE;Central;2012;21,73324;USD2.15
Honduras;INE;National;2013;14,568505;USD2.15
Honduras;INE;Metropolitana;2013;3,1607945;USD2.15
Honduras;INE;Norte;2013;10,006032;USD2.15
Honduras;INE;Occidente;2013;22,202843;USD2.15
Honduras;INE;Sur;2013;19,726361;USD2.15
Honduras;INE;Oriente;2013;27,613208;USD2.15
Honduras;INE;Central;2013;17,533475;USD2.15
Honduras;INE;National;2014;13,282177;USD2.15
Honduras;INE;Metropolitana;2014;2,6301581;USD2.15
Honduras;INE;Norte;2014;9,8069674;USD2.15
Honduras;INE;Occidente;2014;25,043743;USD2.15
Honduras;INE;Sur;2014;9,4758895;USD2.15
Honduras;INE;Oriente;2014;22,697578;USD2.15
Honduras;INE;Central;2014;20,977806;USD2.15
Honduras;INE;National;2015;12,977554;USD2.15
Honduras;INE;Metropolitana;2015;2,2704638;USD2.15
Honduras;INE;Norte;2015;8,8312339;USD2.15
Honduras;INE;Occidente;2015;24,638063;USD2.15
Honduras;INE;Sur;2015;13,659864;USD2.15
Honduras;INE;Oriente;2015;22,629911;USD2.15
Honduras;INE;Central;2015;17,731532;USD2.15
Honduras;INE;National;2016;14,606983;USD2.15
Honduras;INE;Metropolitana;2016;2,6112631;USD2.15
Honduras;INE;Norte;2016;9,7581588;USD2.15
Honduras;INE;Occidente;2016;27,831193;USD2.15
Honduras;INE;Sur;2016;17,990269;USD2.15
Honduras;INE;Oriente;2016;23,095318;USD2.15
Honduras;INE;Central;2016;24,147512;USD2.15
Honduras;INE;National;2017;13,855522;USD2.15
Honduras;INE;Metropolitana;2017;1,8932418;USD2.15
Honduras;INE;Norte;2017;8,7166004;USD2.15
Honduras;INE;Occidente;2017;24,527359;USD2.15
Honduras;INE;Sur;2017;20,083849;USD2.15
Honduras;INE;Oriente;2017;24,250718;USD2.15
Honduras;INE;Central;2017;19,997657;USD2.15
Honduras;INE;National;2018;14,233573;USD2.15
Honduras;INE;Metropolitana;2018;2,0621726;USD2.15
Honduras;INE;Norte;2018;9,3908791;USD2.15
Honduras;INE;Occidente;2018;29,321161;USD2.15
Honduras;INE;Sur;2018;15,388929;USD2.15
Honduras;INE;Oriente;2018;21,148319;USD2.15
Honduras;INE;Central;2018;17,674342;USD2.15
Honduras;INE;National;2019;12,7;USD2.15
Honduras;INE;Metropolitana;2019;2,9;USD2.15
Honduras;INE;Norte;2019;5,6;USD2.15
Honduras;INE;Occidente;2019;20,0;USD2.15
Honduras;INE;Sur;2019;10,3;USD2.15
Honduras;INE;Oriente;2019;19,0;USD2.15
Honduras;INE;Central;2019;15,8;USD2.15
Mexico;;National;1989;9,0535145;USD2.15
Mexico;;Noroeste;1989;5,695885;USD2.15
Mexico;;Norte;1989;7,4867187;USD2.15
Mexico;;Noreste;1989;4,5183284;USD2.15
Mexico;;Centro-occidente;1989;10,749856;USD2.15
Mexico;;Centro-este;1989;6,1394494;USD2.15
Mexico;;Sur;1989;18,164968;USD2.15
Mexico;;Oriente;1989;12,321282;USD2.15
Mexico;;Peninsula de Yucatan;1989;8,9136752;USD2.15
Mexico;;National;1992;7,8659561;USD2.15
Mexico;;Noroeste;1992;5,2783693;USD2.15
Mexico;;Norte;1992;7,088021;USD2.15
Mexico;;Noreste;1992;2,2739274;USD2.15
Mexico;;Centro-occidente;1992;5,0342061;USD2.15
Mexico;;Centro-este;1992;6,8432268;USD2.15
Mexico;;Sur;1992;20,291138;USD2.15
Mexico;;Oriente;1992;8,5843428;USD2.15
Mexico;;Peninsula de Yucatan;1992;7,5708167;USD2.15
Mexico;;National;1994;7,9339939;USD2.15
Mexico;;Noroeste;1994;3,7200618;USD2.15
Mexico;;Norte;1994;8,0761959;USD2.15
Mexico;;Noreste;1994;2,2544344;USD2.15
Mexico;;Centro-occidente;1994;5,2963628;USD2.15
Mexico;;Centro-este;1994;5,6128668;USD2.15
Mexico;;Sur;1994;20,433991;USD2.15
Mexico;;Oriente;1994;15,698715;USD2.15
Mexico;;Peninsula de Yucatan;1994;8,4190911;USD2.15
Mexico;;National;1996;13,960938;USD2.15
Mexico;;Noroeste;1996;5,5933603;USD2.15
Mexico;;Norte;1996;12,357809;USD2.15
Mexico;;Noreste;1996;5,8880795;USD2.15
Mexico;;Centro-occidente;1996;12,831573;USD2.15
Mexico;;Centro-este;1996;10,742885;USD2.15
Mexico;;Sur;1996;33,80832;USD2.15
Mexico;;Oriente;1996;18,240542;USD2.15
Mexico;;Peninsula de Yucatan;1996;23,127577;USD2.15
Mexico;;National;1998;15,237268;USD2.15
Mexico;;Noroeste;1998;6,498833;USD2.15
Mexico;;Norte;1998;11,712238;USD2.15
Mexico;;Noreste;1998;7,204034;USD2.15
Mexico;;Centro-occidente;1998;9,8513466;USD2.15
Mexico;;Centro-este;1998;14,287925;USD2.15
Mexico;;Sur;1998;38,600288;USD2.15
Mexico;;Oriente;1998;18,641213;USD2.15
Mexico;;Peninsula de Yucatan;1998;18,587903;USD2.15
Mexico;;National;2000;10,678649;USD2.15
Mexico;;Noroeste;2000;5,9581176;USD2.15
Mexico;;Norte;2000;6,2133267;USD2.15
Mexico;;Noreste;2000;4,2528716;USD2.15
Mexico;;Centro-occidente;2000;7,2515806;USD2.15
Mexico;;Centro-este;2000;7,1468286;USD2.15
Mexico;;Sur;2000;31,002977;USD2.15
Mexico;;Oriente;2000;18,673923;USD2.15
Mexico;;Peninsula de Yucatan;2000;15,719456;USD2.15
Mexico;;National;2002;7,5212465;USD2.15
Mexico;;Noroeste;2002;4,7276394;USD2.15
Mexico;;Norte;2002;5,9278217;USD2.15
Mexico;;Noreste;2002;1,955548;USD2.15
Mexico;;Centro-occidente;2002;4,4453894;USD2.15
Mexico;;Centro-este;2002;4,8694055;USD2.15
Mexico;;Sur;2002;21,961073;USD2.15
Mexico;;Oriente;2002;13,727898;USD2.15
Mexico;;Peninsula de Yucatan;2002;9,9741822;USD2.15
Mexico;;National;2004;7,1508162;USD2.15
Mexico;;Noroeste;2004;5,0759498;USD2.15
Mexico;;Norte;2004;5,804949;USD2.15
Mexico;;Noreste;2004;2,0933804;USD2.15
Mexico;;Centro-occidente;2004;4,3936038;USD2.15
Mexico;;Centro-este;2004;4,5533199;USD2.15
Mexico;;Sur;2004;20,575149;USD2.15
Mexico;;Oriente;2004;13,852478;USD2.15
Mexico;;Peninsula de Yucatan;2004;6,7608689;USD2.15
Mexico;;National;2005;7,8001707;USD2.15
Mexico;;Noroeste;2005;3,7065088;USD2.15
Mexico;;Norte;2005;5,9520259;USD2.15
Mexico;;Noreste;2005;2,0343752;USD2.15
Mexico;;Centro-occidente;2005;7,6891059;USD2.15
Mexico;;Centro-este;2005;5,7054728;USD2.15
Mexico;;Sur;2005;21,444278;USD2.15
Mexico;;Oriente;2005;10,696204;USD2.15
Mexico;;Peninsula de Yucatan;2005;7,766761;USD2.15
Mexico;;National;2006;5,3540765;USD2.15
Mexico;;Noroeste;2006;3,0875367;USD2.15
Mexico;;Norte;2006;4,1903734;USD2.15
Mexico;;Noreste;2006;1,1719344;USD2.15
Mexico;;Centro-occidente;2006;5,1756408;USD2.15
Mexico;;Centro-este;2006;3,0106104;USD2.15
Mexico;;Sur;2006;16,642147;USD2.15
Mexico;;Oriente;2006;7,1582761;USD2.15
Mexico;;Peninsula de Yucatan;2006;6,8282341;USD2.15
Mexico;;National;2008;5,9822812;USD2.15
Mexico;;Noroeste;2008;4,2773033;USD2.15
Mexico;;Norte;2008;5,3496673;USD2.15
Mexico;;Noreste;2008;1,7943166;USD2.15
Mexico;;Centro-occidente;2008;4,8021709;USD2.15
Mexico;;Centro-este;2008;4,3634562;USD2.15
Mexico;;Sur;2008;17,50363;USD2.15
Mexico;;Oriente;2008;6,9774911;USD2.15
Mexico;;Peninsula de Yucatan;2008;4,2404987;USD2.15
Mexico;;National;2010;4,704363;USD2.15
Mexico;;Noroeste;2010;2,1163784;USD2.15
Mexico;;Norte;2010;4,3430887;USD2.15
Mexico;;Noreste;2010;1,1799884;USD2.15
Mexico;;Centro-occidente;2010;3,6960187;USD2.15
Mexico;;Centro-este;2010;2,4770767;USD2.15
Mexico;;Sur;2010;17,514165;USD2.15
Mexico;;Oriente;2010;6,4775977;USD2.15
Mexico;;Peninsula de Yucatan;2010;3,1363524;USD2.15
Mexico;;National;2012;4,1995993;USD2.15
Mexico;;Noroeste;2012;2,5613935;USD2.15
Mexico;;Norte;2012;3,1248007;USD2.15
Mexico;;Noreste;2012;1,3593705;USD2.15
Mexico;;Centro-occidente;2012;3,927536;USD2.15
Mexico;;Centro-este;2012;2,0990641;USD2.15
Mexico;;Sur;2012;14,543742;USD2.15
Mexico;;Oriente;2012;5,9118199;USD2.15
Mexico;;Peninsula de Yucatan;2012;3,1736173;USD2.15
Mexico;;National;2014;3,9831142;USD2.15
Mexico;;Noroeste;2014;1,2771068;USD2.15
Mexico;;Norte;2014;3,8224931;USD2.15
Mexico;;Noreste;2014;1,1209365;USD2.15
Mexico;;Centro-occidente;2014;2,0068189;USD2.15
Mexico;;Centro-este;2014;2,5176997;USD2.15
Mexico;;Sur;2014;16,387406;USD2.15
Mexico;;Oriente;2014;3,8417133;USD2.15
Mexico;;Peninsula de Yucatan;2014;3,7518633;USD2.15
Mexico;;National;2016;2,3163963;USD2.15
Mexico;;Noroeste;2016;1,03056;USD2.15
Mexico;;Norte;2016;1,9322837;USD2.15
Mexico;;Noreste;2016;0,89798107;USD2.15
Mexico;;Centro-occidente;2016;1,2015295;USD2.15
Mexico;;Centro-este;2016;1,1255433;USD2.15
Mexico;;Sur;2016;10,205276;USD2.15
Mexico;;Oriente;2016;3,1359968;USD2.15
Mexico;;Peninsula de Yucatan;2016;1,3394913;USD2.15
Mexico;;National;2018;1,8759747;USD2.15
Mexico;;Noroeste;2018;0,82674037;USD2.15
Mexico;;Norte;2018;1,3121536;USD2.15
Mexico;;Noreste;2018;0,68147732;USD2.15
Mexico;;Centro-occidente;2018;0,88124702;USD2.15
Mexico;;Centro-este;2018;0,75979057;USD2.15
Mexico;;Sur;2018;8,1534814;USD2.15
Mexico;;Oriente;2018;3,7203504;USD2.15
Mexico;;Peninsula de Yucatan;2018;1,4727349;USD2.15
Mexico;;National;2020;2,1319396;USD2.15
Mexico;;Noroeste;2020;0,86367435;USD2.15
Mexico;;Norte;2020;1,8081863;USD2.15
Mexico;;Noreste;2020;1,0047094;USD2.15
Mexico;;Centro-occidente;2020;1,09274;USD2.15
Mexico;;Centro-este;2020;1,7218548;USD2.15
Mexico;;Sur;2020;6,5866949;USD2.15
Mexico;;Oriente;2020;2,6570035;USD2.15
Mexico;;Peninsula de Yucatan;2020;3,0887051;USD2.15
Mexico;;National;2022;1,1800878;USD2.15
Mexico;;Noroeste;2022;0,61857321;USD2.15
Mexico;;Norte;2022;0,96012586;USD2.15
Mexico;;Noreste;2022;0,31036605;USD2.15
Mexico;;Centro-occidente;2022;0,57535475;USD2.15
Mexico;;Centro-este;2022;0,63223576;USD2.15
Mexico;;Sur;2022;5,2936964;USD2.15
Mexico;;Oriente;2022;1,2707519;USD2.15
Mexico;;Peninsula de Yucatan;2022;0,81617001;USD2.15
Nicaragua;;National;1993;38,314225;USD2.15
Nicaragua;;Managua;1993;23,609129;USD2.15
Nicaragua;;Pacífico;1993;36,613146;USD2.15
Nicaragua;;Central ;1993;55,722848;USD2.15
Nicaragua;;Atlántico;1993;45,925272;USD2.15
Nicaragua;;National;1998;25,759578;USD2.15
Nicaragua;;Managua;1998;11,67215;USD2.15
Nicaragua;;Pacífico;1998;25,119853;USD2.15
Nicaragua;;Central ;1998;33,77086;USD2.15
Nicaragua;;Atlántico;1998;38,765955;USD2.15
Nicaragua;;National;2001;17,814484;USD2.15
Nicaragua;;Managua;2001;8,0179524;USD2.15
Nicaragua;;Pacífico;2001;14,29976;USD2.15
Nicaragua;;Central ;2001;25,485471;USD2.15
Nicaragua;;Atlántico;2001;27,487824;USD2.15
Nicaragua;;National;2005;9,0985147;USD2.15
Nicaragua;;Managua;2005;2,8571406;USD2.15
Nicaragua;;Pacífico;2005;5,1780857;USD2.15
Nicaragua;;Central ;2005;15,273764;USD2.15
Nicaragua;;Atlántico;2005;14,062631;USD2.15
Nicaragua;;National;2009;8,2766441;USD2.15
Nicaragua;;Managua;2009;2,5349303;USD2.15
Nicaragua;;Pacífico;2009;7,0449136;USD2.15
Nicaragua;;Central ;2009;11,532085;USD2.15
Nicaragua;;Atlántico;2009;13,03873;USD2.15
Nicaragua;;National;2014;3,9410287;USD2.15
Nicaragua;;Managua;2014;0,83083207;USD2.15
Nicaragua;;Pacífico;2014;2,875353;USD2.15
Nicaragua;;Central ;2014;6,9014128;USD2.15
Nicaragua;;Atlántico;2014;3,5051625;USD2.15
Panama;Without Implicit Rent;National;1989;22,480666;USD2.15
Panama;Without Implicit Rent;Oriental;1989;70,547433;USD2.15
Panama;Without Implicit Rent;Metropolitana;1989;11,287698;USD2.15
Panama;Without Implicit Rent;Central;1989;45,838423;USD2.15
Panama;Without Implicit Rent;Occidental;1989;21,250119;USD2.15
Panama;Without Implicit Rent;National;1991;20,106024;USD2.15
Panama;Without Implicit Rent;Oriental;1991;44,285881;USD2.15
Panama;Without Implicit Rent;Metropolitana;1991;13,606945;USD2.15
Panama;Without Implicit Rent;Central;1991;36,642768;USD2.15
Panama;Without Implicit Rent;Occidental;1991;15,397216;USD2.15
Panama;Without Implicit Rent;National;1995;15,478678;USD2.15
Panama;Without Implicit Rent;Oriental;1995;58,335771;USD2.15
Panama;Without Implicit Rent;Metropolitana;1995;6,9586513;USD2.15
Panama;Without Implicit Rent;Central;1995;31,78753;USD2.15
Panama;Without Implicit Rent;Occidental;1995;17,292417;USD2.15
Panama;Without Implicit Rent;National;1997;14,335702;USD2.15
Panama;Without Implicit Rent;Oriental;1997;50,419061;USD2.15
Panama;Without Implicit Rent;Metropolitana;1997;8,3497012;USD2.15
Panama;Without Implicit Rent;Central;1997;25,378111;USD2.15
Panama;Without Implicit Rent;Occidental;1997;15,607887;USD2.15
Panama;Without Implicit Rent;National;1998;14,611682;USD2.15
Panama;Without Implicit Rent;Oriental;1998;60,195022;USD2.15
Panama;Without Implicit Rent;Metropolitana;1998;7,5856109;USD2.15
Panama;Without Implicit Rent;Central;1998;28,83012;USD2.15
Panama;Without Implicit Rent;Occidental;1998;14,045354;USD2.15
Panama;Without Implicit Rent;National;1999;12,556938;USD2.15
Panama;Without Implicit Rent;Oriental;1999;53,421427;USD2.15
Panama;Without Implicit Rent;Metropolitana;1999;6,4512093;USD2.15
Panama;Without Implicit Rent;Central;1999;25,812911;USD2.15
Panama;Without Implicit Rent;Occidental;1999;10,434451;USD2.15
Panama;Without Implicit Rent;National;2000;11,071512;USD2.15
Panama;Without Implicit Rent;Oriental;2000;35,247321;USD2.15
Panama;Without Implicit Rent;Metropolitana;2000;6,4393228;USD2.15
Panama;Without Implicit Rent;Central;2000;22,19845;USD2.15
Panama;Without Implicit Rent;Occidental;2000;9,5320648;USD2.15
Panama;Without Implicit Rent;National;2001;14,062808;USD2.15
Panama;Without Implicit Rent;Oriental;2001;47,295577;USD2.15
Panama;Without Implicit Rent;Metropolitana;2001;7,6778562;USD2.15
Panama;Without Implicit Rent;Central;2001;19,912983;USD2.15
Panama;Without Implicit Rent;Occidental;2001;20,956084;USD2.15
Panama;Without Implicit Rent;National;2002;9,5643533;USD2.15
Panama;Without Implicit Rent;Oriental;2002;23,889149;USD2.15
Panama;Without Implicit Rent;Metropolitana;2002;5,3087033;USD2.15
Panama;Without Implicit Rent;Central;2002;12,901628;USD2.15
Panama;Without Implicit Rent;Occidental;2002;16,200206;USD2.15
Panama;Without Implicit Rent;National;2003;9,9207466;USD2.15
Panama;Without Implicit Rent;Oriental;2003;38,749049;USD2.15
Panama;Without Implicit Rent;Metropolitana;2003;5,1834978;USD2.15
Panama;Without Implicit Rent;Central;2003;9,4729856;USD2.15
Panama;Without Implicit Rent;Occidental;2003;19,461586;USD2.15
Panama;Without Implicit Rent;National;2004;8,7940218;USD2.15
Panama;Without Implicit Rent;Oriental;2004;21,038862;USD2.15
Panama;Without Implicit Rent;Metropolitana;2004;3,8937709;USD2.15
Panama;Without Implicit Rent;Central;2004;12,441065;USD2.15
Panama;Without Implicit Rent;Occidental;2004;17,225976;USD2.15
Panama;Without Implicit Rent;National;2005;8,5649779;USD2.15
Panama;Without Implicit Rent;Oriental;2005;15,39366;USD2.15
Panama;Without Implicit Rent;Metropolitana;2005;3,9219725;USD2.15
Panama;Without Implicit Rent;Central;2005;11,863558;USD2.15
Panama;Without Implicit Rent;Occidental;2005;17,653205;USD2.15
Panama;Without Implicit Rent;National;2006;9,3896377;USD2.15
Panama;Without Implicit Rent;Oriental;2006;38,99455;USD2.15
Panama;Without Implicit Rent;Metropolitana;2006;4,1946905;USD2.15
Panama;Without Implicit Rent;Central;2006;9,9287485;USD2.15
Panama;Without Implicit Rent;Occidental;2006;19,584583;USD2.15
Panama;Without Implicit Rent;National;2007;6,6659413;USD2.15
Panama;Without Implicit Rent;Oriental;2007;13,766045;USD2.15
Panama;Without Implicit Rent;Metropolitana;2007;2,2913768;USD2.15
Panama;Without Implicit Rent;Central;2007;8,7045218;USD2.15
Panama;Without Implicit Rent;Occidental;2007;16,472865;USD2.15
Panama;Without Implicit Rent;National;2008;6,4437874;USD2.15
Panama;Without Implicit Rent;Oriental;2008;35,808045;USD2.15
Panama;Without Implicit Rent;Metropolitana;2008;2,0511499;USD2.15
Panama;Without Implicit Rent;Central;2008;6,8012689;USD2.15
Panama;Without Implicit Rent;Occidental;2008;14,699433;USD2.15
Panama;With Implicit Rent;National;2008;4,0731489;USD2.15
Panama;With Implicit Rent;Oriental;2008;33,083402;USD2.15
Panama;With Implicit Rent;Metropolitana;2008;0,91712049;USD2.15
Panama;With Implicit Rent;Central;2008;3,3607517;USD2.15
Panama;With Implicit Rent;Occidental;2008;9,7346744;USD2.15
Panama;With Implicit Rent;National;2009;2,5282087;USD2.15
Panama;With Implicit Rent;Oriental;2009;0,18538632;USD2.15
Panama;With Implicit Rent;Metropolitana;2009;0,71762743;USD2.15
Panama;With Implicit Rent;Central;2009;2,1188051;USD2.15
Panama;With Implicit Rent;Occidental;2009;8,873892;USD2.15
Panama;With Implicit Rent;National;2010;3,3920668;USD2.15
Panama;With Implicit Rent;Oriental;2010;19,243722;USD2.15
Panama;With Implicit Rent;Metropolitana;2010;1,2279497;USD2.15
Panama;With Implicit Rent;Central;2010;3,046171;USD2.15
Panama;With Implicit Rent;Occidental;2010;7,8918786;USD2.15
Panama;With Implicit Rent;National;2011;2,4522368;USD2.15
Panama;With Implicit Rent;Oriental;2011;13,421482;USD2.15
Panama;With Implicit Rent;Metropolitana;2011;0,63001666;USD2.15
Panama;With Implicit Rent;Central;2011;1,4558405;USD2.15
Panama;With Implicit Rent;Occidental;2011;7,0870221;USD2.15
Panama;With Implicit Rent;National;2012;3,4651457;USD2.15
Panama;With Implicit Rent;Oriental;2012;8,8027995;USD2.15
Panama;With Implicit Rent;Metropolitana;2012;0,6166587;USD2.15
Panama;With Implicit Rent;Central;2012;0,72529818;USD2.15
Panama;With Implicit Rent;Occidental;2012;13,387425;USD2.15
Panama;With Implicit Rent;National;2013;2,2445593;USD2.15
Panama;With Implicit Rent;Oriental;2013;10,162192;USD2.15
Panama;With Implicit Rent;Metropolitana;2013;0,44818342;USD2.15
Panama;With Implicit Rent;Central;2013;1,3490057;USD2.15
Panama;With Implicit Rent;Occidental;2013;7,1898308;USD2.15
Panama;With Implicit Rent;National;2014;2,8937746;USD2.15
Panama;With Implicit Rent;Oriental;2014;7,6729296;USD2.15
Panama;With Implicit Rent;Metropolitana;2014;0,7787355;USD2.15
Panama;With Implicit Rent;Central;2014;1,3876361;USD2.15
Panama;With Implicit Rent;Occidental;2014;9,7721688;USD2.15
Panama;With Implicit Rent;National;2015;1,5139549;USD2.15
Panama;With Implicit Rent;Oriental;2015;7,0205399;USD2.15
Panama;With Implicit Rent;Metropolitana;2015;0,34494655;USD2.15
Panama;With Implicit Rent;Central;2015;0,73274451;USD2.15
Panama;With Implicit Rent;Occidental;2015;4,9088949;USD2.15
Panama;With Implicit Rent;National;2016;1,5169267;USD2.15
Panama;With Implicit Rent;Oriental;2016;4,4290939;USD2.15
Panama;With Implicit Rent;Metropolitana;2016;0,45475367;USD2.15
Panama;With Implicit Rent;Central;2016;0,94091117;USD2.15
Panama;With Implicit Rent;Occidental;2016;4,789433;USD2.15
Panama;With Implicit Rent;National;2017;2,0971286;USD2.15
Panama;With Implicit Rent;Oriental;2017;0,34556764;USD2.15
Panama;With Implicit Rent;Metropolitana;2017;0,79360311;USD2.15
Panama;With Implicit Rent;Central;2017;1,1936392;USD2.15
Panama;With Implicit Rent;Occidental;2017;7,0279739;USD2.15
Panama;With Implicit Rent;National;2018;1,4056449;USD2.15
Panama;With Implicit Rent;Oriental;2018;0,24175352;USD2.15
Panama;With Implicit Rent;Metropolitana;2018;0,24608056;USD2.15
Panama;With Implicit Rent;Central;2018;1,1059966;USD2.15
Panama;With Implicit Rent;Occidental;2018;5,3344171;USD2.15
Panama;With Implicit Rent;National;2019;1,0040995;USD2.15
Panama;With Implicit Rent;Oriental;2019;0,52272487;USD2.15
Panama;With Implicit Rent;Metropolitana;2019;0,22528083;USD2.15
Panama;With Implicit Rent;Central;2019;0,21928812;USD2.15
Panama;With Implicit Rent;Occidental;2019;4,1134893;USD2.15
Panama;With Implicit Rent;National;2021;1,1082573;USD2.15
Panama;With Implicit Rent;Oriental;2021;1,1324324;USD2.15
Panama;With Implicit Rent;Metropolitana;2021;0,61945702;USD2.15
Panama;With Implicit Rent;Central;2021;0,65369348;USD2.15
Panama;With Implicit Rent;Occidental;2021;2,9989932;USD2.15
Panama;With Implicit Rent;National;2023;1,2881934;USD2.15
Panama;With Implicit Rent;Oriental;2023;1,8610692;USD2.15
Panama;With Implicit Rent;Metropolitana;2023;0,27881549;USD2.15
Panama;With Implicit Rent;Central;2023;0,67169885;USD2.15
Panama;With Implicit Rent;Occidental;2023;4,8969035;USD2.15
Paraguay;;National;1995;12,403019;USD2.15
Paraguay;;Asuncion;1995;0,97144394;USD2.15
Paraguay;;Central Urbano;1995;0,66908267;USD2.15
Paraguay;;Central Rural;1995;1,6957415;USD2.15
Paraguay;;Resto Urbano;1995;6,0925323;USD2.15
Paraguay;;Resto Rural;1995;24,067483;USD2.15
Paraguay;;National;1997;10,553169;USD2.15
Paraguay;;Asuncion;1997;0,24932542;USD2.15
Paraguay;;Central Urbano;1997;0,79694142;USD2.15
Paraguay;;Central Rural;1997;0,9220652;USD2.15
Paraguay;;Resto Urbano;1997;5,76899;USD2.15
Paraguay;;Resto Rural;1997;21,23596;USD2.15
Paraguay;;National;1999;10,206738;USD2.15
Paraguay;;Asuncion;1999;0,89412108;USD2.15
Paraguay;;Central Urbano;1999;1,388283;USD2.15
Paraguay;;Central Rural;1999;3,9306126;USD2.15
Paraguay;;Resto Urbano;1999;5,1898292;USD2.15
Paraguay;;Resto Rural;1999;20,293405;USD2.15
Paraguay;;National;2001;8,9409797;USD2.15
Paraguay;;Asuncion;2001;0,90576856;USD2.15
Paraguay;;Central Urbano;2001;0,52546891;USD2.15
Paraguay;;Central Rural;2001;2,2309;USD2.15
Paraguay;;Resto Urbano;2001;4,745943;USD2.15
Paraguay;;Resto Rural;2001;18,361227;USD2.15
Paraguay;;National;2002;13,235834;USD2.15
Paraguay;;Asuncion;2002;2,1728146;USD2.15
Paraguay;;Central Urbano;2002;4,6320346;USD2.15
Paraguay;;Central Rural;2002;10,483871;USD2.15
Paraguay;;Resto Urbano;2002;8,1656344;USD2.15
Paraguay;;Resto Rural;2002;23,723102;USD2.15
Paraguay;;National;2003;8,3024678;USD2.15
Paraguay;;Asuncion;2003;1,7552712;USD2.15
Paraguay;;Central Urbano;2003;2,881831;USD2.15
Paraguay;;Central Rural;2003;4,4538503;USD2.15
Paraguay;;Resto Urbano;2003;5,9183606;USD2.15
Paraguay;;Resto Rural;2003;14,693138;USD2.15
Paraguay;;National;2004;5,7077719;USD2.15
Paraguay;;Asuncion;2004;1,0196733;USD2.15
Paraguay;;Central Urbano;2004;1,6196329;USD2.15
Paraguay;;Central Rural;2004;2,4800747;USD2.15
Paraguay;;Resto Urbano;2004;5,4075751;USD2.15
Paraguay;;Resto Rural;2004;9,6595397;USD2.15
Paraguay;;National;2005;6,0722801;USD2.15
Paraguay;;Asuncion;2005;1,3170406;USD2.15
Paraguay;;Central Urbano;2005;1,6912251;USD2.15
Paraguay;;Central Rural;2005;0,98157016;USD2.15
Paraguay;;Resto Urbano;2005;4,262995;USD2.15
Paraguay;;Resto Rural;2005;11,440169;USD2.15
Paraguay;;National;2006;7,9477437;USD2.15
Paraguay;;Asuncion;2006;0,62073091;USD2.15
Paraguay;;Central Urbano;2006;2,3523309;USD2.15
Paraguay;;Central Rural;2006;4,1612342;USD2.15
Paraguay;;Resto Urbano;2006;5,8960129;USD2.15
Paraguay;;Resto Rural;2006;14,742175;USD2.15
Paraguay;;National;2007;7,8423054;USD2.15
Paraguay;;Asuncion;2007;1,7182987;USD2.15
Paraguay;;Central Urbano;2007;2,3848594;USD2.15
Paraguay;;Central Rural;2007;2,1967633;USD2.15
Paraguay;;Resto Urbano;2007;3,9799483;USD2.15
Paraguay;;Resto Rural;2007;15,803972;USD2.15
Paraguay;;National;2008;4,3219878;USD2.15
Paraguay;;Asuncion;2008;0,0;USD2.15
Paraguay;;Central Urbano;2008;1,0146536;USD2.15
Paraguay;;Central Rural;2008;2,526501;USD2.15
Paraguay;;Resto Urbano;2008;2,6071765;USD2.15
Paraguay;;Resto Rural;2008;8,7183515;USD2.15
Paraguay;;National;2009;5,7674919;USD2.15
Paraguay;;Asuncion;2009;2,8903723;USD2.15
Paraguay;;Central Urbano;2009;0,71989764;USD2.15
Paraguay;;Central Rural;2009;2,1066817;USD2.15
Paraguay;;Resto Urbano;2009;3,6308326;USD2.15
Paraguay;;Resto Rural;2009;11,435628;USD2.15
Paraguay;;National;2010;5,4597413;USD2.15
Paraguay;;Asuncion;2010;1,3737791;USD2.15
Paraguay;;Central Urbano;2010;0,5791364;USD2.15
Paraguay;;Central Rural;2010;1,2050826;USD2.15
Paraguay;;Resto Urbano;2010;2,0958695;USD2.15
Paraguay;;Resto Rural;2010;12,55686;USD2.15
Paraguay;;National;2011;5,0480143;USD2.15
Paraguay;;Asuncion;2011;0,95278892;USD2.15
Paraguay;;Central Urbano;2011;2,0059808;USD2.15
Paraguay;;Central Rural;2011;4,7158374;USD2.15
Paraguay;;Resto Urbano;2011;2,2385361;USD2.15
Paraguay;;Resto Rural;2011;10,03128;USD2.15
Paraguay;;National;2012;3,33131;USD2.15
Paraguay;;Asuncion;2012;0,0;USD2.15
Paraguay;;Central Urbano;2012;0,20334776;USD2.15
Paraguay;;Central Rural;2012;0,99378334;USD2.15
Paraguay;;Resto Urbano;2012;1,1922217;USD2.15
Paraguay;;Resto Rural;2012;7,9121894;USD2.15
Paraguay;;National;2013;1,787566;USD2.15
Paraguay;;Asuncion;2013;0,49019034;USD2.15
Paraguay;;Central Urbano;2013;0,45081318;USD2.15
Paraguay;;Central Rural;2013;2,0209448;USD2.15
Paraguay;;Resto Urbano;2013;1,2503623;USD2.15
Paraguay;;Resto Rural;2013;3,3824365;USD2.15
Paraguay;;National;2014;2,413888;USD2.15
Paraguay;;Asuncion;2014;0,41863947;USD2.15
Paraguay;;Central Urbano;2014;0,58891083;USD2.15
Paraguay;;Central Rural;2014;1,4964118;USD2.15
Paraguay;;Resto Urbano;2014;1,5296321;USD2.15
Paraguay;;Resto Rural;2014;4,9357195;USD2.15
Paraguay;;National;2015;1,8913446;USD2.15
Paraguay;;Asuncion;2015;0,0;USD2.15
Paraguay;;Central Urbano;2015;0,13873089;USD2.15
Paraguay;;Central Rural;2015;2,2314966;USD2.15
Paraguay;;Resto Urbano;2015;1,0104855;USD2.15
Paraguay;;Resto Rural;2015;4,2210284;USD2.15
Paraguay;;National;2016;1,6942917;USD2.15
Paraguay;;Asuncion;2016;0,09962838;USD2.15
Paraguay;;Central Urbano;2016;0,0;USD2.15
Paraguay;;Central Rural;2016;0,0;USD2.15
Paraguay;;Resto Urbano;2016;0,9235414;USD2.15
Paraguay;;Resto Rural;2016;4,1260609;USD2.15
Paraguay;;National;2017;0,98143936;USD2.15
Paraguay;;Asuncion;2017;0,34175274;USD2.15
Paraguay;;Central Urbano;2017;0,20595734;USD2.15
Paraguay;;Central Rural;2017;0,0;USD2.15
Paraguay;;Resto Urbano;2017;0,32018777;USD2.15
Paraguay;;Resto Rural;2017;2,3329343;USD2.15
Paraguay;;National;2018;1,634135;USD2.15
Paraguay;;Asuncion;2018;0,0;USD2.15
Paraguay;;Central Urbano;2018;0,0;USD2.15
Paraguay;;Central Rural;2018;3,3788136;USD2.15
Paraguay;;Resto Urbano;2018;1,0635511;USD2.15
Paraguay;;Resto Rural;2018;3,5227701;USD2.15
Paraguay;;National;2019;1,0115107;USD2.15
Paraguay;;Asuncion;2019;0,0;USD2.15
Paraguay;;Central Urbano;2019;0,36534729;USD2.15
Paraguay;;Central Rural;2019;0,0;USD2.15
Paraguay;;Resto Urbano;2019;0,65806006;USD2.15
Paraguay;;Resto Rural;2019;2,1700445;USD2.15
Paraguay;;National;2020;0,81328357;USD2.15
Paraguay;;Asuncion;2020;0,84223052;USD2.15
Paraguay;;Central Urbano;2020;0,0;USD2.15
Paraguay;;Central Rural;2020;0,0;USD2.15
Paraguay;;Resto Urbano;2020;1,3011596;USD2.15
Paraguay;;Resto Rural;2020;1,1341648;USD2.15
Paraguay;;National;2021;0,68917912;USD2.15
Paraguay;;Asuncion;2021;0,0;USD2.15
Paraguay;;Central Urbano;2021;0,0;USD2.15
Paraguay;;Central Rural;2021;2,355787;USD2.15
Paraguay;;Resto Urbano;2021;0,22553642;USD2.15
Paraguay;;Resto Rural;2021;1,5949478;USD2.15
Paraguay;;National;2022;1,3295584;USD2.15
Paraguay;;Asuncion;2022;0,0;USD2.15
Paraguay;;Central Urbano;2022;0,24966041;USD2.15
Paraguay;;Central Rural;2022;0,0;USD2.15
Paraguay;;Resto Urbano;2022;1,9088174;USD2.15
Paraguay;;Resto Rural;2022;2,1646773;USD2.15
Paraguay;EPH Continua;National;2022;1,6713848;USD2.15
Paraguay;EPH Continua;Asuncion;2022;0,23207018;USD2.15
Paraguay;EPH Continua;Central Urbano;2022;0,24993543;USD2.15
Paraguay;EPH Continua;Central Rural;2022;0,26381897;USD2.15
Paraguay;EPH Continua;Resto Urbano;2022;1,3407096;USD2.15
Paraguay;EPH Continua;Resto Rural;2022;3,647459;USD2.15
Peru;ENAHO 1;National;1997;19,838613;USD2.15
Peru;ENAHO 1;Costa Urbana;1997;5,9966698;USD2.15
Peru;ENAHO 1;Sierra Urbana;1997;9,6527623;USD2.15
Peru;ENAHO 1;Selva Urbana;1997;11,790878;USD2.15
Peru;ENAHO 1;Costa Rural;1997;30,354549;USD2.15
Peru;ENAHO 1;Sierra Rural;1997;52,326239;USD2.15
Peru;ENAHO 1;Selva Rural;1997;38,03416;USD2.15
Peru;ENAHO 1;Lima Metropolitana;1997;1,6658273;USD2.15
Peru;ENAHO 1;National;1998;19,447101;USD2.15
Peru;ENAHO 1;Costa Urbana;1998;8,1309177;USD2.15
Peru;ENAHO 1;Sierra Urbana;1998;10,250147;USD2.15
Peru;ENAHO 1;Selva Urbana;1998;10,304778;USD2.15
Peru;ENAHO 1;Costa Rural;1998;25,815009;USD2.15
Peru;ENAHO 1;Sierra Rural;1998;50,671643;USD2.15
Peru;ENAHO 1;Selva Rural;1998;29,71849;USD2.15
Peru;ENAHO 1;Lima Metropolitana;1998;3,5960358;USD2.15
Peru;ENAHO 1;National;1999;19,33591;USD2.15
Peru;ENAHO 1;Costa Urbana;1999;6,4648376;USD2.15
Peru;ENAHO 1;Sierra Urbana;1999;9,7120292;USD2.15
Peru;ENAHO 1;Selva Urbana;1999;10,011107;USD2.15
Peru;ENAHO 1;Costa Rural;1999;27,460558;USD2.15
Peru;ENAHO 1;Sierra Rural;1999;50,84139;USD2.15
Peru;ENAHO 1;Selva Rural;1999;38,49665;USD2.15
Peru;ENAHO 1;Lima Metropolitana;1999;2,8577019;USD2.15
Peru;ENAHO 1;National;2000;19,268626;USD2.15
Peru;ENAHO 1;Costa Urbana;2000;7,9872347;USD2.15
Peru;ENAHO 1;Sierra Urbana;2000;5,1954393;USD2.15
Peru;ENAHO 1;Selva Urbana;2000;6,8226304;USD2.15
Peru;ENAHO 1;Costa Rural;2000;27,483858;USD2.15
Peru;ENAHO 1;Sierra Rural;2000;53,422719;USD2.15
Peru;ENAHO 1;Selva Rural;2000;44,192326;USD2.15
Peru;ENAHO 1;Lima Metropolitana;2000;0,42053331;USD2.15
Peru;ENAHO 2;National;2001;20,254483;USD2.15
Peru;ENAHO 2;Costa Urbana;2001;7,7769187;USD2.15
Peru;ENAHO 2;Sierra Urbana;2001;13,676844;USD2.15
Peru;ENAHO 2;Selva Urbana;2001;10,949046;USD2.15
Peru;ENAHO 2;Costa Rural;2001;23,222202;USD2.15
Peru;ENAHO 2;Sierra Rural;2001;54,215548;USD2.15
Peru;ENAHO 2;Selva Rural;2001;37,227568;USD2.15
Peru;ENAHO 2;Lima Metropolitana;2001;4,2908329;USD2.15
Peru;ENAHO 2;National;2002;17,54501;USD2.15
Peru;ENAHO 2;Costa Urbana;2002;4,1547513;USD2.15
Peru;ENAHO 2;Sierra Urbana;2002;9,9930991;USD2.15
Peru;ENAHO 2;Selva Urbana;2002;9,3591752;USD2.15
Peru;ENAHO 2;Costa Rural;2002;20,020986;USD2.15
Peru;ENAHO 2;Sierra Rural;2002;53,291356;USD2.15
Peru;ENAHO 2;Selva Rural;2002;36,813924;USD2.15
Peru;ENAHO 2;Lima Metropolitana;2002;2,0745473;USD2.15
Peru;ENAHO 2;National;2003;15,129042;USD2.15
Peru;ENAHO 2;Costa Urbana;2003;6,4354219;USD2.15
Peru;ENAHO 2;Sierra Urbana;2003;8,3719161;USD2.15
Peru;ENAHO 2;Selva Urbana;2003;12,595328;USD2.15
Peru;ENAHO 2;Costa Rural;2003;15,743165;USD2.15
Peru;ENAHO 2;Sierra Rural;2003;46,932355;USD2.15
Peru;ENAHO 2;Selva Rural;2003;25,983311;USD2.15
Peru;ENAHO 2;Lima Metropolitana;2003;1,2146275;USD2.15
Peru;ENAHO 3;National;2003;14,664633;USD2.15
Peru;ENAHO 3;Costa Urbana;2003;6,8852827;USD2.15
Peru;ENAHO 3;Sierra Urbana;2003;9,6816473;USD2.15
Peru;ENAHO 3;Selva Urbana;2003;8,0536104;USD2.15
Peru;ENAHO 3;Costa Rural;2003;15,524336;USD2.15
Peru;ENAHO 3;Sierra Rural;2003;41,803845;USD2.15
Peru;ENAHO 3;Selva Rural;2003;27,720914;USD2.15
Peru;ENAHO 3;Lima Metropolitana;2003;2,1897549;USD2.15
Peru;ENAHO 3;National;2004;16,311806;USD2.15
Peru;ENAHO 3;Costa Urbana;2004;5,0257072;USD2.15
Peru;ENAHO 3;Sierra Urbana;2004;10,490853;USD2.15
Peru;ENAHO 3;Selva Urbana;2004;7,3983144;USD2.15
Peru;ENAHO 3;Costa Rural;2004;19,289621;USD2.15
Peru;ENAHO 3;Sierra Rural;2004;48,50076;USD2.15
Peru;ENAHO 3;Selva Rural;2004;42,063235;USD2.15
Peru;ENAHO 3;Lima Metropolitana;2004;1,2502097;USD2.15
Peru;ENAHO 3;National;2005;17,811798;USD2.15
Peru;ENAHO 3;Costa Urbana;2005;4,4202145;USD2.15
Peru;ENAHO 3;Sierra Urbana;2005;10,309104;USD2.15
Peru;ENAHO 3;Selva Urbana;2005;9,4784552;USD2.15
Peru;ENAHO 3;Costa Rural;2005;17,341761;USD2.15
Peru;ENAHO 3;Sierra Rural;2005;53,568209;USD2.15
Peru;ENAHO 3;Selva Rural;2005;43,127941;USD2.15
Peru;ENAHO 3;Lima Metropolitana;2005;3,7026218;USD2.15
Peru;ENAHO 3;National;2006;15,597147;USD2.15
Peru;ENAHO 3;Costa Urbana;2006;3,5910679;USD2.15
Peru;ENAHO 3;Sierra Urbana;2006;9,6248845;USD2.15
Peru;ENAHO 3;Selva Urbana;2006;10,014743;USD2.15
Peru;ENAHO 3;Costa Rural;2006;17,531315;USD2.15
Peru;ENAHO 3;Sierra Rural;2006;48,924559;USD2.15
Peru;ENAHO 3;Selva Rural;2006;39,455554;USD2.15
Peru;ENAHO 3;Lima Metropolitana;2006;1,7858502;USD2.15
Peru;ENAHO 3;National;2007;13,215263;USD2.15
Peru;ENAHO 3;Costa Urbana;2007;2,4381511;USD2.15
Peru;ENAHO 3;Sierra Urbana;2007;7,5537396;USD2.15
Peru;ENAHO 3;Selva Urbana;2007;6,536918;USD2.15
Peru;ENAHO 3;Costa Rural;2007;15,250639;USD2.15
Peru;ENAHO 3;Sierra Rural;2007;46,559586;USD2.15
Peru;ENAHO 3;Selva Rural;2007;27,019424;USD2.15
Peru;ENAHO 3;Lima Metropolitana;2007;1,1490089;USD2.15
Peru;ENAHO 3;National;2008;10,917175;USD2.15
Peru;ENAHO 3;Costa Urbana;2008;2,7167361;USD2.15
Peru;ENAHO 3;Sierra Urbana;2008;6,3776489;USD2.15
Peru;ENAHO 3;Selva Urbana;2008;5,1751886;USD2.15
Peru;ENAHO 3;Costa Rural;2008;8,4085879;USD2.15
Peru;ENAHO 3;Sierra Rural;2008;38,361082;USD2.15
Peru;ENAHO 3;Selva Rural;2008;25,916129;USD2.15
Peru;ENAHO 3;Lima Metropolitana;2008;0,81810439;USD2.15
Peru;ENAHO 3;National;2009;8,811538;USD2.15
Peru;ENAHO 3;Costa Urbana;2009;2,1966004;USD2.15
Peru;ENAHO 3;Sierra Urbana;2009;4,8727527;USD2.15
Peru;ENAHO 3;Selva Urbana;2009;4,2711747;USD2.15
Peru;ENAHO 3;Costa Rural;2009;7,5435843;USD2.15
Peru;ENAHO 3;Sierra Rural;2009;29,526079;USD2.15
Peru;ENAHO 3;Selva Rural;2009;26,326945;USD2.15
Peru;ENAHO 3;Lima Metropolitana;2009;0,87805455;USD2.15
Peru;ENAHO 3;National;2010;6,8237685;USD2.15
Peru;ENAHO 3;Costa Urbana;2010;1,4004294;USD2.15
Peru;ENAHO 3;Sierra Urbana;2010;3,2262134;USD2.15
Peru;ENAHO 3;Selva Urbana;2010;3,7093393;USD2.15
Peru;ENAHO 3;Costa Rural;2010;6,4586125;USD2.15
Peru;ENAHO 3;Sierra Rural;2010;24,366258;USD2.15
Peru;ENAHO 3;Selva Rural;2010;18,889489;USD2.15
Peru;ENAHO 3;Lima Metropolitana;2010;0,77273749;USD2.15
Peru;ENAHO 3;National;2011;6,5040248;USD2.15
Peru;ENAHO 3;Costa Urbana;2011;1,6596546;USD2.15
Peru;ENAHO 3;Sierra Urbana;2011;3,0921686;USD2.15
Peru;ENAHO 3;Selva Urbana;2011;2,439697;USD2.15
Peru;ENAHO 3;Costa Rural;2011;7,2109017;USD2.15
Peru;ENAHO 3;Sierra Rural;2011;24,946568;USD2.15
Peru;ENAHO 3;Selva Rural;2011;14,265111;USD2.15
Peru;ENAHO 3;Lima Metropolitana;2011;0,71004341;USD2.15
Peru;ENAHO 3;National;2012;6,0785469;USD2.15
Peru;ENAHO 3;Costa Urbana;2012;1,0371832;USD2.15
Peru;ENAHO 3;Sierra Urbana;2012;2,5700979;USD2.15
Peru;ENAHO 3;Selva Urbana;2012;3,1444179;USD2.15
Peru;ENAHO 3;Costa Rural;2012;7,7687689;USD2.15
Peru;ENAHO 3;Sierra Rural;2012;23,721304;USD2.15
Peru;ENAHO 3;Selva Rural;2012;16,413484;USD2.15
Peru;ENAHO 3;Lima Metropolitana;2012;0,37354789;USD2.15
Peru;ENAHO 3;National;2013;5,3963339;USD2.15
Peru;ENAHO 3;Costa Urbana;2013;1,554823;USD2.15
Peru;ENAHO 3;Sierra Urbana;2013;2,2291919;USD2.15
Peru;ENAHO 3;Selva Urbana;2013;2,4673764;USD2.15
Peru;ENAHO 3;Costa Rural;2013;6,8229785;USD2.15
Peru;ENAHO 3;Sierra Rural;2013;20,894874;USD2.15
Peru;ENAHO 3;Selva Rural;2013;15,545427;USD2.15
Peru;ENAHO 3;Lima Metropolitana;2013;0,25188327;USD2.15
Peru;ENAHO 3;National;2014;4,8248131;USD2.15
Peru;ENAHO 3;Costa Urbana;2014;1,0003015;USD2.15
Peru;ENAHO 3;Sierra Urbana;2014;2,021219;USD2.15
Peru;ENAHO 3;Selva Urbana;2014;3,3499575;USD2.15
Peru;ENAHO 3;Costa Rural;2014;7,8510628;USD2.15
Peru;ENAHO 3;Sierra Rural;2014;18,214689;USD2.15
Peru;ENAHO 3;Selva Rural;2014;14,861809;USD2.15
Peru;ENAHO 3;Lima Metropolitana;2014;0,36301978;USD2.15
Peru;ENAHO 3;National;2015;4,7185485;USD2.15
Peru;ENAHO 3;Costa Urbana;2015;1,0125221;USD2.15
Peru;ENAHO 3;Sierra Urbana;2015;2,001085;USD2.15
Peru;ENAHO 3;Selva Urbana;2015;3,0363662;USD2.15
Peru;ENAHO 3;Costa Rural;2015;6,965703;USD2.15
Peru;ENAHO 3;Sierra Rural;2015;17,868765;USD2.15
Peru;ENAHO 3;Selva Rural;2015;16,664646;USD2.15
Peru;ENAHO 3;Lima Metropolitana;2015;0,25700183;USD2.15
Peru;ENAHO 3;National;2016;4,5961828;USD2.15
Peru;ENAHO 3;Costa Urbana;2016;0,85498918;USD2.15
Peru;ENAHO 3;Sierra Urbana;2016;1,8932941;USD2.15
Peru;ENAHO 3;Selva Urbana;2016;2,4021499;USD2.15
Peru;ENAHO 3;Costa Rural;2016;7,341141;USD2.15
Peru;ENAHO 3;Sierra Rural;2016;17,4191;USD2.15
Peru;ENAHO 3;Selva Rural;2016;17,576429;USD2.15
Peru;ENAHO 3;Lima Metropolitana;2016;0,50301143;USD2.15
Peru;ENAHO 3;National;2017;4,4970593;USD2.15
Peru;ENAHO 3;Costa Urbana;2017;0,68654247;USD2.15
Peru;ENAHO 3;Sierra Urbana;2017;1,8575398;USD2.15
Peru;ENAHO 3;Selva Urbana;2017;2,6609161;USD2.15
Peru;ENAHO 3;Costa Rural;2017;7,4362784;USD2.15
Peru;ENAHO 3;Sierra Rural;2017;17,895687;USD2.15
Peru;ENAHO 3;Selva Rural;2017;17,692992;USD2.15
Peru;ENAHO 3;Lima Metropolitana;2017;0,27670478;USD2.15
Peru;ENAHO 3;National;2018;3,5750044;USD2.15
Peru;ENAHO 3;Costa Urbana;2018;0,60542104;USD2.15
Peru;ENAHO 3;Sierra Urbana;2018;1,8742822;USD2.15
Peru;ENAHO 3;Selva Urbana;2018;2,9894112;USD2.15
Peru;ENAHO 3;Costa Rural;2018;3,2258801;USD2.15
Peru;ENAHO 3;Sierra Rural;2018;13,632392;USD2.15
Peru;ENAHO 3;Selva Rural;2018;15,841911;USD2.15
Peru;ENAHO 3;Lima Metropolitana;2018;0,15932888;USD2.15
Peru;ENAHO 3;National;2019;2,9952691;USD2.15
Peru;ENAHO 3;Costa Urbana;2019;0,34084239;USD2.15
Peru;ENAHO 3;Sierra Urbana;2019;1,7140584;USD2.15
Peru;ENAHO 3;Selva Urbana;2019;1,6514807;USD2.15
Peru;ENAHO 3;Costa Rural;2019;2,8584838;USD2.15
Peru;ENAHO 3;Sierra Rural;2019;11,772979;USD2.15
Peru;ENAHO 3;Selva Rural;2019;13,028125;USD2.15
Peru;ENAHO 3;Lima Metropolitana;2019;0,3806145;USD2.15
Peru;ENAHO 3;National;2020;5,881649;USD2.15
Peru;ENAHO 3;Costa Urbana;2020;4,0913059;USD2.15
Peru;ENAHO 3;Sierra Urbana;2020;7,0793219;USD2.15
Peru;ENAHO 3;Selva Urbana;2020;3,5478151;USD2.15
Peru;ENAHO 3;Costa Rural;2020;4,4238017;USD2.15
Peru;ENAHO 3;Sierra Rural;2020;11,617103;USD2.15
Peru;ENAHO 3;Selva Rural;2020;9,1849269;USD2.15
Peru;ENAHO 3;Lima Metropolitana;2020;4,1565205;USD2.15
Peru;ENAHO 3;National;2021;2,8717488;USD2.15
Peru;ENAHO 3;Costa Urbana;2021;1,0502956;USD2.15
Peru;ENAHO 3;Sierra Urbana;2021;2,5535981;USD2.15
Peru;ENAHO 3;Selva Urbana;2021;1,2819962;USD2.15
Peru;ENAHO 3;Costa Rural;2021;2,3399798;USD2.15
Peru;ENAHO 3;Sierra Rural;2021;9,427654;USD2.15
Peru;ENAHO 3;Selva Rural;2021;8,5858786;USD2.15
Peru;ENAHO 3;Lima Metropolitana;2021;1,1337852;USD2.15
Peru;ENAHO 3;National;2022;2,656552;USD2.15
Peru;ENAHO 3;Costa Urbana;2022;0,70313314;USD2.15
Peru;ENAHO 3;Sierra Urbana;2022;2,594161;USD2.15
Peru;ENAHO 3;Selva Urbana;2022;2,6399788;USD2.15
Peru;ENAHO 3;Costa Rural;2022;2,3962371;USD2.15
Peru;ENAHO 3;Sierra Rural;2022;8,5446382;USD2.15
Peru;ENAHO 3;Selva Rural;2022;8,0559942;USD2.15
Peru;ENAHO 3;Lima Metropolitana;2022;0,8505603;USD2.15
Uruguay;Urban;National;1992;0,56086154;USD2.15
Uruguay;Urban;Montevideo;1992;0,33460076;USD2.15
Uruguay;Urban;Interior Norte;1992;1,6442902;USD2.15
Uruguay;Urban;Interior Centro Norte;1992;0,47058824;USD2.15
Uruguay;Urban;Interior Centro Sur;1992;0,62383032;USD2.15
Uruguay;Urban;Interior Sur;1992;0,45372051;USD2.15
Uruguay;Urban;National;1995;0,53446241;USD2.15
Uruguay;Urban;Montevideo;1995;0,35045858;USD2.15
Uruguay;Urban;Interior Norte;1995;1,4303594;USD2.15
Uruguay;Urban;Interior Centro Norte;1995;1,1234416;USD2.15
Uruguay;Urban;Interior Centro Sur;1995;0,33943051;USD2.15
Uruguay;Urban;Interior Sur;1995;0,2696059;USD2.15
Uruguay;Urban;National;1996;0,59042617;USD2.15
Uruguay;Urban;Montevideo;1996;0,44871088;USD2.15
Uruguay;Urban;Interior Norte;1996;1,7540751;USD2.15
Uruguay;Urban;Interior Centro Norte;1996;0,777897;USD2.15
Uruguay;Urban;Interior Centro Sur;1996;0,37885622;USD2.15
Uruguay;Urban;Interior Sur;1996;0,35395383;USD2.15
Uruguay;Urban;National;1997;0,5678494;USD2.15
Uruguay;Urban;Montevideo;1997;0,33062709;USD2.15
Uruguay;Urban;Interior Norte;1997;1,6180621;USD2.15
Uruguay;Urban;Interior Centro Norte;1997;0,97724058;USD2.15
Uruguay;Urban;Interior Centro Sur;1997;0,64493013;USD2.15
Uruguay;Urban;Interior Sur;1997;0,34372698;USD2.15
Uruguay;Urban;National;1998;0,64307722;USD2.15
Uruguay;Urban;Montevideo;1998;0,51029374;USD2.15
Uruguay;Urban;Interior Norte;1998;1,7554322;USD2.15
Uruguay;Urban;Interior Centro Norte;1998;1,0096669;USD2.15
Uruguay;Urban;Interior Centro Sur;1998;0,29043842;USD2.15
Uruguay;Urban;Interior Sur;1998;0,28571544;USD2.15
Uruguay;Urban;National;2000;0,6551623;USD2.15
Uruguay;Urban;Montevideo;2000;0,26873927;USD2.15
Uruguay;Urban;Interior Norte;2000;2,9675322;USD2.15
Uruguay;Urban;Interior Centro Norte;2000;0,45458168;USD2.15
Uruguay;Urban;Interior Centro Sur;2000;0,57419692;USD2.15
Uruguay;Urban;Interior Sur;2000;1,167965;USD2.15
Uruguay;Urban;National;2001;0,49742899;USD2.15
Uruguay;Urban;Montevideo;2001;0,28305459;USD2.15
Uruguay;Urban;Interior Norte;2001;1,9013976;USD2.15
Uruguay;Urban;Interior Centro Norte;2001;0,86928514;USD2.15
Uruguay;Urban;Interior Centro Sur;2001;0,60254419;USD2.15
Uruguay;Urban;Interior Sur;2001;0,11724086;USD2.15
Uruguay;Urban;National;2002;0,63463683;USD2.15
Uruguay;Urban;Montevideo;2002;0,41016271;USD2.15
Uruguay;Urban;Interior Norte;2002;1,3457659;USD2.15
Uruguay;Urban;Interior Centro Norte;2002;1,1026993;USD2.15
Uruguay;Urban;Interior Centro Sur;2002;0,57136644;USD2.15
Uruguay;Urban;Interior Sur;2002;0,83744941;USD2.15
Uruguay;Urban;National;2003;0,81120685;USD2.15
Uruguay;Urban;Montevideo;2003;0,64975431;USD2.15
Uruguay;Urban;Interior Norte;2003;1,2743613;USD2.15
Uruguay;Urban;Interior Centro Norte;2003;1,6344548;USD2.15
Uruguay;Urban;Interior Centro Sur;2003;0,66716241;USD2.15
Uruguay;Urban;Interior Sur;2003;0,53588998;USD2.15
Uruguay;Urban;National;2004;1,0326413;USD2.15
Uruguay;Urban;Montevideo;2004;0,82922707;USD2.15
Uruguay;Urban;Interior Norte;2004;2,0527607;USD2.15
Uruguay;Urban;Interior Centro Norte;2004;1,3958348;USD2.15
Uruguay;Urban;Interior Centro Sur;2004;1,4366802;USD2.15
Uruguay;Urban;Interior Sur;2004;0,66724348;USD2.15
Uruguay;Urban;National;2005;0,86166727;USD2.15
Uruguay;Urban;Montevideo;2005;0,82921686;USD2.15
Uruguay;Urban;Interior Norte;2005;1,5807781;USD2.15
Uruguay;Urban;Interior Centro Norte;2005;1,054109;USD2.15
Uruguay;Urban;Interior Centro Sur;2005;0,57688493;USD2.15
Uruguay;Urban;Interior Sur;2005;0,47461191;USD2.15
Uruguay;Urban;National;2006;0,96556206;USD2.15
Uruguay;Urban;Montevideo;2006;0,95640555;USD2.15
Uruguay;Urban;Interior Norte;2006;1,1117362;USD2.15
Uruguay;Urban;Interior Centro Norte;2006;0,95837466;USD2.15
Uruguay;Urban;Interior Centro Sur;2006;1,2505424;USD2.15
Uruguay;Urban;Interior Sur;2006;0,71478191;USD2.15
Uruguay;National;National;2006;0,56408826;USD2.15
Uruguay;National;Montevideo;2006;0,50290959;USD2.15
Uruguay;National;Interior Norte;2006;0,82912537;USD2.15
Uruguay;National;Interior Centro Norte;2006;0,65266868;USD2.15
Uruguay;National;Interior Centro Sur;2006;0,63001678;USD2.15
Uruguay;National;Interior Sur;2006;0,46096361;USD2.15
Uruguay;National;National;2007;0,38097278;USD2.15
Uruguay;National;Montevideo;2007;0,36873667;USD2.15
Uruguay;National;Interior Norte;2007;0,59475541;USD2.15
Uruguay;National;Interior Centro Norte;2007;0,42641076;USD2.15
Uruguay;National;Interior Centro Sur;2007;0,23843963;USD2.15
Uruguay;National;Interior Sur;2007;0,3131489;USD2.15
Uruguay;National;National;2008;0,22757798;USD2.15
Uruguay;National;Montevideo;2008;0,30361747;USD2.15
Uruguay;National;Interior Norte;2008;0,07383843;USD2.15
Uruguay;National;Interior Centro Norte;2008;0,17086089;USD2.15
Uruguay;National;Interior Centro Sur;2008;0,19325326;USD2.15
Uruguay;National;Interior Sur;2008;0,15775346;USD2.15
Uruguay;National;National;2009;0,28220024;USD2.15
Uruguay;National;Montevideo;2009;0,31157031;USD2.15
Uruguay;National;Interior Norte;2009;0,20923657;USD2.15
Uruguay;National;Interior Centro Norte;2009;0,24423101;USD2.15
Uruguay;National;Interior Centro Sur;2009;0,21293283;USD2.15
Uruguay;National;Interior Sur;2009;0,30918867;USD2.15
Uruguay;National;National;2010;0,16911624;USD2.15
Uruguay;National;Montevideo;2010;0,2205391;USD2.15
Uruguay;National;Interior Norte;2010;0,27807128;USD2.15
Uruguay;National;Interior Centro Norte;2010;0,10569701;USD2.15
Uruguay;National;Interior Centro Sur;2010;0,07153855;USD2.15
Uruguay;National;Interior Sur;2010;0,09033424;USD2.15
Uruguay;National;National;2011;0,13941856;USD2.15
Uruguay;National;Montevideo;2011;0,19491521;USD2.15
Uruguay;National;Interior Norte;2011;0,20481278;USD2.15
Uruguay;National;Interior Centro Norte;2011;0,0643836;USD2.15
Uruguay;National;Interior Centro Sur;2011;0,05218033;USD2.15
Uruguay;National;Interior Sur;2011;0,04621795;USD2.15
Uruguay;National;National;2012;0,1693853;USD2.15
Uruguay;National;Montevideo;2012;0,25094364;USD2.15
Uruguay;National;Interior Norte;2012;0,11541255;USD2.15
Uruguay;National;Interior Centro Norte;2012;0,01545709;USD2.15
Uruguay;National;Interior Centro Sur;2012;0,11101915;USD2.15
Uruguay;National;Interior Sur;2012;0,10628046;USD2.15
Uruguay;National;National;2013;0,17424801;USD2.15
Uruguay;National;Montevideo;2013;0,25088397;USD2.15
Uruguay;National;Interior Norte;2013;0,13504433;USD2.15
Uruguay;National;Interior Centro Norte;2013;0,10479061;USD2.15
Uruguay;National;Interior Centro Sur;2013;0,07518196;USD2.15
Uruguay;National;Interior Sur;2013;0,07290338;USD2.15
Uruguay;National;National;2014;0,15346178;USD2.15
Uruguay;National;Montevideo;2014;0,18499849;USD2.15
Uruguay;National;Interior Norte;2014;0,11900703;USD2.15
Uruguay;National;Interior Centro Norte;2014;0,13687056;USD2.15
Uruguay;National;Interior Centro Sur;2014;0,16417718;USD2.15
Uruguay;National;Interior Sur;2014;0,08526344;USD2.15
Uruguay;National;National;2015;0,14976595;USD2.15
Uruguay;National;Montevideo;2015;0,14928186;USD2.15
Uruguay;National;Interior Norte;2015;0,0859194;USD2.15
Uruguay;National;Interior Centro Norte;2015;0,24805936;USD2.15
Uruguay;National;Interior Centro Sur;2015;0,1020675;USD2.15
Uruguay;National;Interior Sur;2015;0,13275217;USD2.15
Uruguay;National;National;2016;0,09227167;USD2.15
Uruguay;National;Montevideo;2016;0,08009697;USD2.15
Uruguay;National;Interior Norte;2016;0,07150825;USD2.15
Uruguay;National;Interior Centro Norte;2016;0,08651314;USD2.15
Uruguay;National;Interior Centro Sur;2016;0,05941049;USD2.15
Uruguay;National;Interior Sur;2016;0,16142118;USD2.15
Uruguay;National;National;2017;0,0663459;USD2.15
Uruguay;National;Montevideo;2017;0,08778477;USD2.15
Uruguay;National;Interior Norte;2017;0,03547706;USD2.15
Uruguay;National;Interior Centro Norte;2017;0,0776323;USD2.15
Uruguay;National;Interior Centro Sur;2017;0,04342121;USD2.15
Uruguay;National;Interior Sur;2017;0,02239819;USD2.15
Uruguay;National;National;2018;0,05584995;USD2.15
Uruguay;National;Montevideo;2018;0,05774073;USD2.15
Uruguay;National;Interior Norte;2018;0,18381713;USD2.15
Uruguay;National;Interior Centro Norte;2018;0,0;USD2.15
Uruguay;National;Interior Centro Sur;2018;0,049577;USD2.15
Uruguay;National;Interior Sur;2018;0,0300743;USD2.15
Uruguay;National;National;2019;0,102072;USD2.15
Uruguay;National;Montevideo;2019;0,10355704;USD2.15
Uruguay;National;Interior Norte;2019;0,16763187;USD2.15
Uruguay;National;Interior Centro Norte;2019;0,10904127;USD2.15
Uruguay;National;Interior Centro Sur;2019;0,05117707;USD2.15
Uruguay;National;Interior Sur;2019;0,0843205;USD2.15
Uruguay;National;National;2020;0,2030182;USD2.15
Uruguay;National;National;2021;0,112155;USD2.15
Uruguay;National;Montevideo;2021;0,06864899;USD2.15
Uruguay;National;Interior Norte;2021;0,37303196;USD2.15
Uruguay;National;Interior Centro Norte;2021;0,01492665;USD2.15
Uruguay;National;Interior Centro Sur;2021;0,39965031;USD2.15
Uruguay;National;Interior Sur;2021;0,03607949;USD2.15
Uruguay;National;National;2022;0,15517578;USD2.15
Uruguay;National;Montevideo;2022;0,15647553;USD2.15
Uruguay;National;Interior Norte;2022;0,3042443;USD2.15
Uruguay;National;Interior Centro Norte;2022;0,16207834;USD2.15
Uruguay;National;Interior Centro Sur;2022;0,2024726;USD2.15
Uruguay;National;Interior Sur;2022;0,04808194;USD2.15
Argentina;15 main cities;National;1992;4,0890524;USD3.65
Argentina;15 main cities;GBA;1992;3,0264507;USD3.65
Argentina;15 main cities;Pampeana;1992;4,5322698;USD3.65
Argentina;15 main cities;Cuyo;1992;8,8157253;USD3.65
Argentina;15 main cities;NOA;1992;11,810739;USD3.65
Argentina;15 main cities;Patagonia;1992;5,5648327;USD3.65
Argentina;15 main cities;National;1993;4,8829387;USD3.65
Argentina;15 main cities;GBA;1993;4,5443506;USD3.65
Argentina;15 main cities;Pampeana;1993;3,9986706;USD3.65
Argentina;15 main cities;Cuyo;1993;6,7325265;USD3.65
Argentina;15 main cities;NOA;1993;11,545147;USD3.65
Argentina;15 main cities;Patagonia;1993;3,6800609;USD3.65
Argentina;15 main cities;National;1994;4,4168192;USD3.65
Argentina;15 main cities;GBA;1994;3,5874923;USD3.65
Argentina;15 main cities;Pampeana;1994;5,4342489;USD3.65
Argentina;15 main cities;Cuyo;1994;6,1457243;USD3.65
Argentina;15 main cities;NOA;1994;10,69738;USD3.65
Argentina;15 main cities;Patagonia;1994;5,680133;USD3.65
Argentina;15 main cities;National;1995;7,4007665;USD3.65
Argentina;15 main cities;GBA;1995;6,3261567;USD3.65
Argentina;15 main cities;Pampeana;1995;8,048647;USD3.65
Argentina;15 main cities;Cuyo;1995;11,541514;USD3.65
Argentina;15 main cities;NOA;1995;15,636673;USD3.65
Argentina;15 main cities;Patagonia;1995;6,9481051;USD3.65
Argentina;15 main cities;National;1996;8,346336;USD3.65
Argentina;15 main cities;GBA;1996;7,1686201;USD3.65
Argentina;15 main cities;Pampeana;1996;9,3431583;USD3.65
Argentina;15 main cities;Cuyo;1996;12,700352;USD3.65
Argentina;15 main cities;NOA;1996;17,825653;USD3.65
Argentina;15 main cities;Patagonia;1996;6,4581052;USD3.65
Argentina;15 main cities;National;1997;7,8055237;USD3.65
Argentina;15 main cities;GBA;1997;6,5057866;USD3.65
Argentina;15 main cities;Pampeana;1997;10,018472;USD3.65
Argentina;15 main cities;Cuyo;1997;11,615632;USD3.65
Argentina;15 main cities;NOA;1997;16,054999;USD3.65
Argentina;15 main cities;Patagonia;1997;5,7641948;USD3.65
Argentina;15 main cities;National;1998;7,1706739;USD3.65
Argentina;15 main cities;GBA;1998;6,0439241;USD3.65
Argentina;15 main cities;Pampeana;1998;8,236242;USD3.65
Argentina;15 main cities;Cuyo;1998;8,521032;USD3.65
Argentina;15 main cities;NOA;1998;16,597562;USD3.65
Argentina;15 main cities;Patagonia;1998;7,176409;USD3.65
Argentina;28 main cities;National;1998;8,2785502;USD3.65
Argentina;28 main cities;GBA;1998;6,0439241;USD3.65
Argentina;28 main cities;Pampeana;1998;8,8986711;USD3.65
Argentina;28 main cities;Cuyo;1998;8,2994861;USD3.65
Argentina;28 main cities;NOA;1998;13,6258;USD3.65
Argentina;28 main cities;Patagonia;1998;7,176409;USD3.65
Argentina;28 main cities;NEA;1998;19,404397;USD3.65
Argentina;28 main cities;National;1999;8,9165231;USD3.65
Argentina;28 main cities;GBA;1999;6,5462482;USD3.65
Argentina;28 main cities;Pampeana;1999;9,295818;USD3.65
Argentina;28 main cities;Cuyo;1999;9,7659105;USD3.65
Argentina;28 main cities;NOA;1999;14,094194;USD3.65
Argentina;28 main cities;Patagonia;1999;6,8842892;USD3.65
Argentina;28 main cities;NEA;1999;21,11834;USD3.65
Argentina;28 main cities;National;2000;10,699219;USD3.65
Argentina;28 main cities;GBA;2000;8,0303942;USD3.65
Argentina;28 main cities;Pampeana;2000;10,513491;USD3.65
Argentina;28 main cities;Cuyo;2000;13,634527;USD3.65
Argentina;28 main cities;NOA;2000;16,386317;USD3.65
Argentina;28 main cities;Patagonia;2000;7,146245;USD3.65
Argentina;28 main cities;NEA;2000;25,560434;USD3.65
Argentina;28 main cities;National;2001;15,39769;USD3.65
Argentina;28 main cities;GBA;2001;13,03156;USD3.65
Argentina;28 main cities;Pampeana;2001;15,66071;USD3.65
Argentina;28 main cities;Cuyo;2001;15,332333;USD3.65
Argentina;28 main cities;NOA;2001;20,820415;USD3.65
Argentina;28 main cities;Patagonia;2001;7,3108987;USD3.65
Argentina;28 main cities;NEA;2001;31,091233;USD3.65
Argentina;28 main cities;National;2002;23,971069;USD3.65
Argentina;28 main cities;GBA;2002;20,886004;USD3.65
Argentina;28 main cities;Pampeana;2002;23,829408;USD3.65
Argentina;28 main cities;Cuyo;2002;26,476972;USD3.65
Argentina;28 main cities;NOA;2002;32,816439;USD3.65
Argentina;28 main cities;Patagonia;2002;15,016495;USD3.65
Argentina;28 main cities;NEA;2002;38,505671;USD3.65
Argentina;28 main cities;National;2003;23,081197;USD3.65
Argentina;28 main cities;GBA;2003;21,034535;USD3.65
Argentina;28 main cities;Pampeana;2003;22,165923;USD3.65
Argentina;28 main cities;Cuyo;2003;26,386733;USD3.65
Argentina;28 main cities;NOA;2003;29,102048;USD3.65
Argentina;28 main cities;Patagonia;2003;12,715931;USD3.65
Argentina;28 main cities;NEA;2003;35,192037;USD3.65
Argentina;28 main cities;National;2003;12,723564;USD3.65
Argentina;28 main cities;GBA;2003;10,390205;USD3.65
Argentina;28 main cities;Pampeana;2003;12,768137;USD3.65
Argentina;28 main cities;Cuyo;2003;13,964712;USD3.65
Argentina;28 main cities;NOA;2003;21,087896;USD3.65
Argentina;28 main cities;Patagonia;2003;4,7448455;USD3.65
Argentina;28 main cities;NEA;2003;25,647468;USD3.65
Argentina;28 main cities;National;2004;11,181362;USD3.65
Argentina;28 main cities;GBA;2004;8,830843;USD3.65
Argentina;28 main cities;Pampeana;2004;10,213514;USD3.65
Argentina;28 main cities;Cuyo;2004;13,274962;USD3.65
Argentina;28 main cities;NOA;2004;21,954137;USD3.65
Argentina;28 main cities;Patagonia;2004;6,2756199;USD3.65
Argentina;28 main cities;NEA;2004;21,572485;USD3.65
Argentina;28 main cities;National;2004;9,762799;USD3.65
Argentina;28 main cities;GBA;2004;7,8729302;USD3.65
Argentina;28 main cities;Pampeana;2004;8,9203716;USD3.65
Argentina;28 main cities;Cuyo;2004;10,201882;USD3.65
Argentina;28 main cities;NOA;2004;18,637939;USD3.65
Argentina;28 main cities;Patagonia;2004;5,0314118;USD3.65
Argentina;28 main cities;NEA;2004;19,586857;USD3.65
Argentina;28 main cities;National;2005;9,0166333;USD3.65
Argentina;28 main cities;GBA;2005;6,9307867;USD3.65
Argentina;28 main cities;Pampeana;2005;9,2890051;USD3.65
Argentina;28 main cities;Cuyo;2005;9,1837471;USD3.65
Argentina;28 main cities;NOA;2005;16,332073;USD3.65
Argentina;28 main cities;Patagonia;2005;3,6855304;USD3.65
Argentina;28 main cities;NEA;2005;18,975489;USD3.65
Argentina;28 main cities;National;2005;8,0051405;USD3.65
Argentina;28 main cities;GBA;2005;6,1343629;USD3.65
Argentina;28 main cities;Pampeana;2005;7,8216297;USD3.65
Argentina;28 main cities;Cuyo;2005;8,5972094;USD3.65
Argentina;28 main cities;NOA;2005;15,588994;USD3.65
Argentina;28 main cities;Patagonia;2005;2,6785365;USD3.65
Argentina;28 main cities;NEA;2005;16,635752;USD3.65
Argentina;28 main cities;National;2006;7,1202234;USD3.65
Argentina;28 main cities;GBA;2006;5,6429235;USD3.65
Argentina;28 main cities;Pampeana;2006;6,1760531;USD3.65
Argentina;28 main cities;Cuyo;2006;6,8993829;USD3.65
Argentina;28 main cities;NOA;2006;13,407165;USD3.65
Argentina;28 main cities;Patagonia;2006;2,4481323;USD3.65
Argentina;28 main cities;NEA;2006;17,922863;USD3.65
Argentina;28 main cities;National;2006;6,0294248;USD3.65
Argentina;28 main cities;GBA;2006;4,7787941;USD3.65
Argentina;28 main cities;Pampeana;2006;5,2574025;USD3.65
Argentina;28 main cities;Cuyo;2006;6,2332792;USD3.65
Argentina;28 main cities;NOA;2006;11,690146;USD3.65
Argentina;28 main cities;Patagonia;2006;2,6684976;USD3.65
Argentina;28 main cities;NEA;2006;14,319649;USD3.65
Argentina;28 main cities;National;2007;5,2812224;USD3.65
Argentina;28 main cities;GBA;2007;3,9027297;USD3.65
Argentina;28 main cities;Pampeana;2007;4,5465748;USD3.65
Argentina;28 main cities;Cuyo;2007;5,9442297;USD3.65
Argentina;28 main cities;NOA;2007;10,67857;USD3.65
Argentina;28 main cities;Patagonia;2007;2,9357053;USD3.65
Argentina;28 main cities;NEA;2007;14,143871;USD3.65
Argentina;28 main cities;National;2007;4,993618;USD3.65
Argentina;28 main cities;GBA;2007;4,0923338;USD3.65
Argentina;28 main cities;Pampeana;2007;3,8370584;USD3.65
Argentina;28 main cities;Cuyo;2007;5,0760885;USD3.65
Argentina;28 main cities;NOA;2007;9,2874565;USD3.65
Argentina;28 main cities;Patagonia;2007;1,8650268;USD3.65
Argentina;28 main cities;NEA;2007;13,423261;USD3.65
Argentina;28 main cities;National;2008;5,0573973;USD3.65
Argentina;28 main cities;GBA;2008;4,3569018;USD3.65
Argentina;28 main cities;Pampeana;2008;3,8884117;USD3.65
Argentina;28 main cities;Cuyo;2008;4,7360855;USD3.65
Argentina;28 main cities;NOA;2008;8,9784205;USD3.65
Argentina;28 main cities;Patagonia;2008;2,4229381;USD3.65
Argentina;28 main cities;NEA;2008;12,605401;USD3.65
Argentina;28 main cities;National;2008;4,7997753;USD3.65
Argentina;28 main cities;GBA;2008;3,8307178;USD3.65
Argentina;28 main cities;Pampeana;2008;4,429071;USD3.65
Argentina;28 main cities;Cuyo;2008;4,8038789;USD3.65
Argentina;28 main cities;NOA;2008;8,641683;USD3.65
Argentina;28 main cities;Patagonia;2008;1,9585161;USD3.65
Argentina;28 main cities;NEA;2008;11,344383;USD3.65
Argentina;28 main cities;National;2009;4,5980431;USD3.65
Argentina;28 main cities;GBA;2009;3,3645034;USD3.65
Argentina;28 main cities;Pampeana;2009;4,4736131;USD3.65
Argentina;28 main cities;Cuyo;2009;5,3051652;USD3.65
Argentina;28 main cities;NOA;2009;8,6191916;USD3.65
Argentina;28 main cities;Patagonia;2009;3,0833935;USD3.65
Argentina;28 main cities;NEA;2009;10,76576;USD3.65
Argentina;28 main cities;National;2009;4,0624783;USD3.65
Argentina;28 main cities;GBA;2009;3,0729938;USD3.65
Argentina;28 main cities;Pampeana;2009;4,0637571;USD3.65
Argentina;28 main cities;Cuyo;2009;5,0925818;USD3.65
Argentina;28 main cities;NOA;2009;6,3833317;USD3.65
Argentina;28 main cities;Patagonia;2009;2,2706262;USD3.65
Argentina;28 main cities;NEA;2009;10,059524;USD3.65
Argentina;28 main cities;National;2010;3,5789394;USD3.65
Argentina;28 main cities;GBA;2010;2,5472985;USD3.65
Argentina;28 main cities;Pampeana;2010;3,7371258;USD3.65
Argentina;28 main cities;Cuyo;2010;4,59327;USD3.65
Argentina;28 main cities;NOA;2010;5,3517052;USD3.65
Argentina;28 main cities;Patagonia;2010;2,6333073;USD3.65
Argentina;28 main cities;NEA;2010;9,7033043;USD3.65
Argentina;28 main cities;National;2010;3,1499162;USD3.65
Argentina;28 main cities;GBA;2010;2,2956214;USD3.65
Argentina;28 main cities;Pampeana;2010;3,1089788;USD3.65
Argentina;28 main cities;Cuyo;2010;3,9687958;USD3.65
Argentina;28 main cities;NOA;2010;5,1195753;USD3.65
Argentina;28 main cities;Patagonia;2010;1,758507;USD3.65
Argentina;28 main cities;NEA;2010;8,4553686;USD3.65
Argentina;28 main cities;National;2011;2,6874298;USD3.65
Argentina;28 main cities;GBA;2011;2,3051136;USD3.65
Argentina;28 main cities;Pampeana;2011;2,4197481;USD3.65
Argentina;28 main cities;Cuyo;2011;2,3868961;USD3.65
Argentina;28 main cities;NOA;2011;3,7177409;USD3.65
Argentina;28 main cities;Patagonia;2011;1,4340343;USD3.65
Argentina;28 main cities;NEA;2011;7,1446396;USD3.65
Argentina;28 main cities;National;2011;2,1082214;USD3.65
Argentina;28 main cities;GBA;2011;1,4864899;USD3.65
Argentina;28 main cities;Pampeana;2011;2,0582808;USD3.65
Argentina;28 main cities;Cuyo;2011;2,7166725;USD3.65
Argentina;28 main cities;NOA;2011;4,0856768;USD3.65
Argentina;28 main cities;Patagonia;2011;1,1043724;USD3.65
Argentina;28 main cities;NEA;2011;4,9314601;USD3.65
Argentina;28 main cities;National;2012;2,1074441;USD3.65
Argentina;28 main cities;GBA;2012;2,0518348;USD3.65
Argentina;28 main cities;Pampeana;2012;1,8050839;USD3.65
Argentina;28 main cities;Cuyo;2012;1,3822226;USD3.65
Argentina;28 main cities;NOA;2012;3,0551036;USD3.65
Argentina;28 main cities;Patagonia;2012;1,0678486;USD3.65
Argentina;28 main cities;NEA;2012;3,7982583;USD3.65
Argentina;28 main cities;National;2012;2,3346909;USD3.65
Argentina;28 main cities;GBA;2012;2,3707132;USD3.65
Argentina;28 main cities;Pampeana;2012;1,9442477;USD3.65
Argentina;28 main cities;Cuyo;2012;1,5823153;USD3.65
Argentina;28 main cities;NOA;2012;2,9312502;USD3.65
Argentina;28 main cities;Patagonia;2012;1,3686179;USD3.65
Argentina;28 main cities;NEA;2012;4,095806;USD3.65
Argentina;28 main cities;National;2013;1,7986918;USD3.65
Argentina;28 main cities;GBA;2013;1,376271;USD3.65
Argentina;28 main cities;Pampeana;2013;1,9076858;USD3.65
Argentina;28 main cities;Cuyo;2013;1,3348917;USD3.65
Argentina;28 main cities;NOA;2013;2,9427557;USD3.65
Argentina;28 main cities;Patagonia;2013;1,2607945;USD3.65
Argentina;28 main cities;NEA;2013;4,3835044;USD3.65
Argentina;28 main cities;National;2013;2,0724904;USD3.65
Argentina;28 main cities;GBA;2013;2,1787864;USD3.65
Argentina;28 main cities;Pampeana;2013;1,6514118;USD3.65
Argentina;28 main cities;Cuyo;2013;1,0014743;USD3.65
Argentina;28 main cities;NOA;2013;2,7687816;USD3.65
Argentina;28 main cities;Patagonia;2013;0,82859293;USD3.65
Argentina;28 main cities;NEA;2013;3,6396411;USD3.65
Argentina;28 main cities;National;2014;2,2810838;USD3.65
Argentina;28 main cities;GBA;2014;2,0463726;USD3.65
Argentina;28 main cities;Pampeana;2014;2,4027885;USD3.65
Argentina;28 main cities;Cuyo;2014;2,353441;USD3.65
Argentina;28 main cities;NOA;2014;3,055585;USD3.65
Argentina;28 main cities;Patagonia;2014;1,1894053;USD3.65
Argentina;28 main cities;NEA;2014;3,4132272;USD3.65
Argentina;28 main cities;National;2014;2,1338771;USD3.65
Argentina;28 main cities;GBA;2014;2,1091839;USD3.65
Argentina;28 main cities;Pampeana;2014;1,9937096;USD3.65
Argentina;28 main cities;Cuyo;2014;1,7864391;USD3.65
Argentina;28 main cities;NOA;2014;2,2571969;USD3.65
Argentina;28 main cities;Patagonia;2014;0,916515;USD3.65
Argentina;28 main cities;NEA;2014;4,1120953;USD3.65
Argentina;28 main cities;National;2015;1,8951412;USD3.65
Argentina;28 main cities;GBA;2015;1,9979349;USD3.65
Argentina;28 main cities;Pampeana;2015;1,8276516;USD3.65
Argentina;28 main cities;Cuyo;2015;1,0299361;USD3.65
Argentina;28 main cities;NOA;2015;2,2968397;USD3.65
Argentina;28 main cities;Patagonia;2015;1,0424026;USD3.65
Argentina;28 main cities;NEA;2015;2,0960066;USD3.65
Argentina;28 main cities;National;2016;2,3062365;USD3.65
Argentina;28 main cities;GBA;2016;2,3731294;USD3.65
Argentina;28 main cities;Pampeana;2016;2,3358621;USD3.65
Argentina;28 main cities;Cuyo;2016;1,2704377;USD3.65
Argentina;28 main cities;NOA;2016;2,8689781;USD3.65
Argentina;28 main cities;Patagonia;2016;1,198105;USD3.65
Argentina;28 main cities;NEA;2016;2,4009322;USD3.65
Argentina;28 main cities;National;2017;2,9989571;USD3.65
Argentina;28 main cities;GBA;2017;3,5695405;USD3.65
Argentina;28 main cities;Pampeana;2017;2,5481368;USD3.65
Argentina;28 main cities;Cuyo;2017;2,1555744;USD3.65
Argentina;28 main cities;NOA;2017;1,9357555;USD3.65
Argentina;28 main cities;Patagonia;2017;1,3759041;USD3.65
Argentina;28 main cities;NEA;2017;2,7549471;USD3.65
Argentina;28 main cities;National;2017;2,362767;USD3.65
Argentina;28 main cities;GBA;2017;2,6676102;USD3.65
Argentina;28 main cities;Pampeana;2017;2,088768;USD3.65
Argentina;28 main cities;Cuyo;2017;1,4563455;USD3.65
Argentina;28 main cities;NOA;2017;2,1111844;USD3.65
Argentina;28 main cities;Patagonia;2017;0,92494291;USD3.65
Argentina;28 main cities;NEA;2017;2,7525578;USD3.65
Argentina;28 main cities;National;2018;2,0877115;USD3.65
Argentina;28 main cities;GBA;2018;2,2466718;USD3.65
Argentina;28 main cities;Pampeana;2018;2,0267824;USD3.65
Argentina;28 main cities;Cuyo;2018;1,5392427;USD3.65
Argentina;28 main cities;NOA;2018;1,930315;USD3.65
Argentina;28 main cities;Patagonia;2018;0,98161329;USD3.65
Argentina;28 main cities;NEA;2018;2,3585235;USD3.65
Argentina;28 main cities;National;2018;2,8698449;USD3.65
Argentina;28 main cities;GBA;2018;3,1486428;USD3.65
Argentina;28 main cities;Pampeana;2018;2,6236193;USD3.65
Argentina;28 main cities;Cuyo;2018;1,4640464;USD3.65
Argentina;28 main cities;NOA;2018;2,3634867;USD3.65
Argentina;28 main cities;Patagonia;2018;1,5547655;USD3.65
Argentina;28 main cities;NEA;2018;4,4876441;USD3.65
Argentina;28 main cities;National;2019;3,2535635;USD3.65
Argentina;28 main cities;GBA;2019;3,7279354;USD3.65
Argentina;28 main cities;Pampeana;2019;2,8115996;USD3.65
Argentina;28 main cities;Cuyo;2019;2,9864735;USD3.65
Argentina;28 main cities;NOA;2019;2,089832;USD3.65
Argentina;28 main cities;Patagonia;2019;1,240485;USD3.65
Argentina;28 main cities;NEA;2019;3,868909;USD3.65
Argentina;28 main cities;National;2019;3,3780878;USD3.65
Argentina;28 main cities;GBA;2019;3,9152696;USD3.65
Argentina;28 main cities;Pampeana;2019;2,7952434;USD3.65
Argentina;28 main cities;Cuyo;2019;2,7185895;USD3.65
Argentina;28 main cities;NOA;2019;2,6547223;USD3.65
Argentina;28 main cities;Patagonia;2019;1,5670964;USD3.65
Argentina;28 main cities;NEA;2019;3,4538554;USD3.65
Argentina;28 main cities;National;2020;3,8738801;USD3.65
Argentina;28 main cities;GBA;2020;4,1747868;USD3.65
Argentina;28 main cities;Pampeana;2020;3,4756098;USD3.65
Argentina;28 main cities;Cuyo;2020;2,9389854;USD3.65
Argentina;28 main cities;NOA;2020;3,1219176;USD3.65
Argentina;28 main cities;Patagonia;2020;2,3388971;USD3.65
Argentina;28 main cities;NEA;2020;6,0750104;USD3.65
Argentina;28 main cities;National;2020;3,9931074;USD3.65
Argentina;28 main cities;GBA;2020;5,1754793;USD3.65
Argentina;28 main cities;Pampeana;2020;2,7439451;USD3.65
Argentina;28 main cities;Cuyo;2020;2,0069849;USD3.65
Argentina;28 main cities;NOA;2020;2,7161239;USD3.65
Argentina;28 main cities;Patagonia;2020;2,5719893;USD3.65
Argentina;28 main cities;NEA;2020;2,5958564;USD3.65
Argentina;28 main cities;National;2021;3,3193983;USD3.65
Argentina;28 main cities;GBA;2021;3,7513656;USD3.65
Argentina;28 main cities;Pampeana;2021;3,1031788;USD3.65
Argentina;28 main cities;Cuyo;2021;2,0013436;USD3.65
Argentina;28 main cities;NOA;2021;2,7044328;USD3.65
Argentina;28 main cities;Patagonia;2021;2,2695038;USD3.65
Argentina;28 main cities;NEA;2021;2,7867896;USD3.65
Argentina;28 main cities;National;2021;2,8043986;USD3.65
Argentina;28 main cities;GBA;2021;3,1315043;USD3.65
Argentina;28 main cities;Pampeana;2021;2,4251259;USD3.65
Argentina;28 main cities;Cuyo;2021;1,4720367;USD3.65
Argentina;28 main cities;NOA;2021;2,6051538;USD3.65
Argentina;28 main cities;Patagonia;2021;1,2684969;USD3.65
Argentina;28 main cities;NEA;2021;3,6579083;USD3.65
Argentina;28 main cities;National;2022;2,3361716;USD3.65
Argentina;28 main cities;GBA;2022;2,6747705;USD3.65
Argentina;28 main cities;Pampeana;2022;2,1447446;USD3.65
Argentina;28 main cities;Cuyo;2022;0,55767832;USD3.65
Argentina;28 main cities;NOA;2022;1,9584351;USD3.65
Argentina;28 main cities;Patagonia;2022;1,1993028;USD3.65
Argentina;28 main cities;NEA;2022;3,0158628;USD3.65
Argentina;28 main cities;National;2022;2,5446945;USD3.65
Argentina;28 main cities;GBA;2022;2,9515547;USD3.65
Argentina;28 main cities;Pampeana;2022;2,1277738;USD3.65
Argentina;28 main cities;Cuyo;2022;1,2510366;USD3.65
Argentina;28 main cities;NOA;2022;2,277975;USD3.65
Argentina;28 main cities;Patagonia;2022;1,0099987;USD3.65
Argentina;28 main cities;NEA;2022;2,9332319;USD3.65
Bolivia;;National;2000;35,415248;USD3.65
Bolivia;;Chuquisaca;2000;55,174718;USD3.65
Bolivia;;La Paz;2000;34,204889;USD3.65
Bolivia;;Cochabamba;2000;36,393394;USD3.65
Bolivia;;Oruro;2000;52,623515;USD3.65
Bolivia;;Potosí;2000;64,670176;USD3.65
Bolivia;;Tarija;2000;33,507946;USD3.65
Bolivia;;Santa Cruz;2000;16,64;USD3.65
Bolivia;;Beni;2000;24,489559;USD3.65
Bolivia;;Pando;2000;11,914211;USD3.65
Bolivia;;National;2001;29,793773;USD3.65
Bolivia;;Chuquisaca;2001;55,602228;USD3.65
Bolivia;;La Paz;2001;29,460155;USD3.65
Bolivia;;Cochabamba;2001;30,269499;USD3.65
Bolivia;;Oruro;2001;33,458328;USD3.65
Bolivia;;Potosí;2001;54,387359;USD3.65
Bolivia;;Tarija;2001;20,431689;USD3.65
Bolivia;;Santa Cruz;2001;19,034762;USD3.65
Bolivia;;Beni;2001;18,787936;USD3.65
Bolivia;;Pando;2001;20,32032;USD3.65
Bolivia;;National;2002;31,632537;USD3.65
Bolivia;;Chuquisaca;2002;55,95482;USD3.65
Bolivia;;La Paz;2002;35,649424;USD3.65
Bolivia;;Cochabamba;2002;35,013711;USD3.65
Bolivia;;Oruro;2002;37,943498;USD3.65
Bolivia;;Potosí;2002;53,732262;USD3.65
Bolivia;;Tarija;2002;24,184814;USD3.65
Bolivia;;Santa Cruz;2002;16,435036;USD3.65
Bolivia;;Beni;2002;18,969162;USD3.65
Bolivia;;Pando;2002;4,2866637;USD3.65
Bolivia;;National;2005;25,729668;USD3.65
Bolivia;;Chuquisaca;2005;44,733834;USD3.65
Bolivia;;La Paz;2005;25,473871;USD3.65
Bolivia;;Cochabamba;2005;30,377862;USD3.65
Bolivia;;Oruro;2005;25,984017;USD3.65
Bolivia;;Potosí;2005;48,27483;USD3.65
Bolivia;;Tarija;2005;24,35613;USD3.65
Bolivia;;Santa Cruz;2005;11,637409;USD3.65
Bolivia;;Beni;2005;22,781905;USD3.65
Bolivia;;Pando;2005;17,00669;USD3.65
Bolivia;;National;2006;22,235177;USD3.65
Bolivia;;Chuquisaca;2006;39,52916;USD3.65
Bolivia;;La Paz;2006;26,102998;USD3.65
Bolivia;;Cochabamba;2006;31,133094;USD3.65
Bolivia;;Oruro;2006;15,803034;USD3.65
Bolivia;;Potosí;2006;36,450753;USD3.65
Bolivia;;Tarija;2006;21,324756;USD3.65
Bolivia;;Santa Cruz;2006;8,1459945;USD3.65
Bolivia;;Beni;2006;9,004792;USD3.65
Bolivia;;Pando;2006;5,4332663;USD3.65
Bolivia;;National;2007;18,571933;USD3.65
Bolivia;;Chuquisaca;2007;33,650162;USD3.65
Bolivia;;La Paz;2007;21,149351;USD3.65
Bolivia;;Cochabamba;2007;17,544605;USD3.65
Bolivia;;Oruro;2007;21,485634;USD3.65
Bolivia;;Potosí;2007;47,21872;USD3.65
Bolivia;;Tarija;2007;14,376267;USD3.65
Bolivia;;Santa Cruz;2007;7,4618519;USD3.65
Bolivia;;Beni;2007;4,5357534;USD3.65
Bolivia;;Pando;2007;5,0235994;USD3.65
Bolivia;;National;2011;10,358604;USD3.65
Bolivia;;Chuquisaca;2011;21,542557;USD3.65
Bolivia;;La Paz;2011;10,481174;USD3.65
Bolivia;;Cochabamba;2011;8,2310539;USD3.65
Bolivia;;Oruro;2011;11,085136;USD3.65
Bolivia;;Potosí;2011;35,44426;USD3.65
Bolivia;;Tarija;2011;5,5969856;USD3.65
Bolivia;;Santa Cruz;2011;2,6606536;USD3.65
Bolivia;;Beni;2011;7,9990641;USD3.65
Bolivia;;Pando;2011;7,1219594;USD3.65
Bolivia;;National;2012;10,998141;USD3.65
Bolivia;;Chuquisaca;2012;26,628682;USD3.65
Bolivia;;La Paz;2012;11,667556;USD3.65
Bolivia;;Cochabamba;2012;8,9799957;USD3.65
Bolivia;;Oruro;2012;6,7875623;USD3.65
Bolivia;;Potosí;2012;36,514148;USD3.65
Bolivia;;Tarija;2012;0,42493058;USD3.65
Bolivia;;Santa Cruz;2012;4,1170852;USD3.65
Bolivia;;Beni;2012;5,8542967;USD3.65
Bolivia;;Pando;2012;9,2654837;USD3.65
Bolivia;;National;2013;9,3075854;USD3.65
Bolivia;;Chuquisaca;2013;28,354395;USD3.65
Bolivia;;La Paz;2013;12,417835;USD3.65
Bolivia;;Cochabamba;2013;6,4919367;USD3.65
Bolivia;;Oruro;2013;7,2814301;USD3.65
Bolivia;;Potosí;2013;29,202631;USD3.65
Bolivia;;Tarija;2013;1,134904;USD3.65
Bolivia;;Santa Cruz;2013;0,99108383;USD3.65
Bolivia;;Beni;2013;3,3541313;USD3.65
Bolivia;;Pando;2013;6,6227938;USD3.65
Bolivia;;National;2014;8,9884552;USD3.65
Bolivia;;Chuquisaca;2014;15,613025;USD3.65
Bolivia;;La Paz;2014;10,683887;USD3.65
Bolivia;;Cochabamba;2014;8,3672948;USD3.65
Bolivia;;Oruro;2014;5,6242416;USD3.65
Bolivia;;Potosí;2014;28,141424;USD3.65
Bolivia;;Tarija;2014;2,713542;USD3.65
Bolivia;;Santa Cruz;2014;3,1841045;USD3.65
Bolivia;;Beni;2014;4,448224;USD3.65
Bolivia;;Pando;2014;8,8027188;USD3.65
Bolivia;;National;2015;8,5791739;USD3.65
Bolivia;;Chuquisaca;2015;23,561274;USD3.65
Bolivia;;La Paz;2015;7,6456173;USD3.65
Bolivia;;Cochabamba;2015;9,0880407;USD3.65
Bolivia;;Oruro;2015;7,2287057;USD3.65
Bolivia;;Potosí;2015;24,486713;USD3.65
Bolivia;;Tarija;2015;5,0227069;USD3.65
Bolivia;;Santa Cruz;2015;2,7933091;USD3.65
Bolivia;;Beni;2015;6,9667411;USD3.65
Bolivia;;Pando;2015;4,5075577;USD3.65
Bolivia;;National;2016;10,067129;USD3.65
Bolivia;;Chuquisaca;2016;17,344228;USD3.65
Bolivia;;La Paz;2016;7,7503034;USD3.65
Bolivia;;Cochabamba;2016;11,490576;USD3.65
Bolivia;;Oruro;2016;8,3720788;USD3.65
Bolivia;;Potosí;2016;36,118345;USD3.65
Bolivia;;Tarija;2016;4,2805964;USD3.65
Bolivia;;Santa Cruz;2016;4,3058102;USD3.65
Bolivia;;Beni;2016;6,868324;USD3.65
Bolivia;;Pando;2016;8,0457077;USD3.65
Bolivia;;National;2017;9,1752888;USD3.65
Bolivia;;Chuquisaca;2017;24,858805;USD3.65
Bolivia;;La Paz;2017;8,0376424;USD3.65
Bolivia;;Cochabamba;2017;9,1108338;USD3.65
Bolivia;;Oruro;2017;9,2502136;USD3.65
Bolivia;;Potosí;2017;26,054358;USD3.65
Bolivia;;Tarija;2017;3,5621017;USD3.65
Bolivia;;Santa Cruz;2017;3,2331251;USD3.65
Bolivia;;Beni;2017;9,2058215;USD3.65
Bolivia;;Pando;2017;11,708057;USD3.65
Bolivia;;National;2018;7,7030825;USD3.65
Bolivia;;Chuquisaca;2018;16,956963;USD3.65
Bolivia;;La Paz;2018;9,1166299;USD3.65
Bolivia;;Cochabamba;2018;6,2831491;USD3.65
Bolivia;;Oruro;2018;9,2708085;USD3.65
Bolivia;;Potosí;2018;23,126449;USD3.65
Bolivia;;Tarija;2018;2,0846453;USD3.65
Bolivia;;Santa Cruz;2018;2,2585623;USD3.65
Bolivia;;Beni;2018;7,0850072;USD3.65
Bolivia;;Pando;2018;3,8181619;USD3.65
Bolivia;;National;2019;5,6902158;USD3.65
Bolivia;;Chuquisaca;2019;15,623076;USD3.65
Bolivia;;La Paz;2019;6,5959484;USD3.65
Bolivia;;Cochabamba;2019;5,6439398;USD3.65
Bolivia;;Oruro;2019;5,9743983;USD3.65
Bolivia;;Potosí;2019;12,683147;USD3.65
Bolivia;;Tarija;2019;3,151274;USD3.65
Bolivia;;Santa Cruz;2019;1,7770629;USD3.65
Bolivia;;Beni;2019;5,0622126;USD3.65
Bolivia;;Pando;2019;1,8543443;USD3.65
Bolivia;;National;2020;6,4135453;USD3.65
Bolivia;;Chuquisaca;2020;12,320016;USD3.65
Bolivia;;La Paz;2020;4,249447;USD3.65
Bolivia;;Cochabamba;2020;6,1632507;USD3.65
Bolivia;;Oruro;2020;5,9635003;USD3.65
Bolivia;;Potosí;2020;27,312166;USD3.65
Bolivia;;Tarija;2020;7,5062269;USD3.65
Bolivia;;Santa Cruz;2020;1,8297353;USD3.65
Bolivia;;Beni;2020;5,0306248;USD3.65
Bolivia;;Pando;2020;4,6108622;USD3.65
Bolivia;;National;2021;5,4;USD3.65
Bolivia;;Chuquisaca;2021;21,6;USD3.65
Bolivia;;La Paz;2021;3,3;USD3.65
Bolivia;;Cochabamba;2021;4,8;USD3.65
Bolivia;;Oruro;2021;4,3;USD3.65
Bolivia;;Potosí;2021;22,2;USD3.65
Bolivia;;Tarija;2021;5,0;USD3.65
Bolivia;;Santa Cruz;2021;0,6;USD3.65
Bolivia;;Beni;2021;2,5;USD3.65
Bolivia;;Pando;2021;9,2;USD3.65
Brazil;PNAD;National;1989;36,41223;USD3.65
Brazil;PNAD;Norte;1989;34,515199;USD3.65
Brazil;PNAD;Nordeste;1989;62,60126;USD3.65
Brazil;PNAD;Sudeste;1989;24,164196;USD3.65
Brazil;PNAD;Sur;1989;27,604288;USD3.65
Brazil;PNAD;Centro-Oeste;1989;32,876605;USD3.65
Brazil;PNAD;National;1990;41,593523;USD3.65
Brazil;PNAD;Norte;1990;37,369336;USD3.65
Brazil;PNAD;Nordeste;1990;67,939044;USD3.65
Brazil;PNAD;Sudeste;1990;27,936522;USD3.65
Brazil;PNAD;Sur;1990;34,010235;USD3.65
Brazil;PNAD;Centro-Oeste;1990;36,255017;USD3.65
Brazil;New PNAD;National;1993;39,654482;USD3.65
Brazil;New PNAD;Norte;1993;47,850339;USD3.65
Brazil;New PNAD;Nordeste;1993;64,678343;USD3.65
Brazil;New PNAD;Sudeste;1993;27,750381;USD3.65
Brazil;New PNAD;Sur;1993;26,811795;USD3.65
Brazil;New PNAD;Centro-Oeste;1993;34,930393;USD3.65
Brazil;New PNAD;National;1995;29,66545;USD3.65
Brazil;New PNAD;Norte;1995;35,222132;USD3.65
Brazil;New PNAD;Nordeste;1995;53,03049;USD3.65
Brazil;New PNAD;Sudeste;1995;17,540191;USD3.65
Brazil;New PNAD;Sur;1995;20,361404;USD3.65
Brazil;New PNAD;Centro-Oeste;1995;25,693283;USD3.65
Brazil;New PNAD;National;1996;29,965788;USD3.65
Brazil;New PNAD;Norte;1996;37,116363;USD3.65
Brazil;New PNAD;Nordeste;1996;54,104459;USD3.65
Brazil;New PNAD;Sudeste;1996;17,259392;USD3.65
Brazil;New PNAD;Sur;1996;19,331231;USD3.65
Brazil;New PNAD;Centro-Oeste;1996;26,819072;USD3.65
Brazil;New PNAD;National;1997;30,17477;USD3.65
Brazil;New PNAD;Norte;1997;39,884752;USD3.65
Brazil;New PNAD;Nordeste;1997;54,538555;USD3.65
Brazil;New PNAD;Sudeste;1997;17,324363;USD3.65
Brazil;New PNAD;Sur;1997;20,543565;USD3.65
Brazil;New PNAD;Centro-Oeste;1997;24,24016;USD3.65
Brazil;New PNAD;National;1998;28,872766;USD3.65
Brazil;New PNAD;Norte;1998;39,407559;USD3.65
Brazil;New PNAD;Nordeste;1998;51,516797;USD3.65
Brazil;New PNAD;Sudeste;1998;17,359562;USD3.65
Brazil;New PNAD;Sur;1998;19,465753;USD3.65
Brazil;New PNAD;Centro-Oeste;1998;23,159222;USD3.65
Brazil;New PNAD;National;1999;29,867724;USD3.65
Brazil;New PNAD;Norte;1999;38,320696;USD3.65
Brazil;New PNAD;Nordeste;1999;52,646074;USD3.65
Brazil;New PNAD;Sudeste;1999;17,953687;USD3.65
Brazil;New PNAD;Sur;1999;20,633418;USD3.65
Brazil;New PNAD;Centro-Oeste;1999;25,524966;USD3.65
Brazil;New PNAD;National;2001;26,21236;USD3.65
Brazil;New PNAD;Norte;2001;33,940282;USD3.65
Brazil;New PNAD;Nordeste;2001;48,817448;USD3.65
Brazil;New PNAD;Sudeste;2001;14,823438;USD3.65
Brazil;New PNAD;Sur;2001;15,571979;USD3.65
Brazil;New PNAD;Centro-Oeste;2001;20,994663;USD3.65
Brazil;New PNAD;National;2002;25,329047;USD3.65
Brazil;New PNAD;Norte;2002;34,544449;USD3.65
Brazil;New PNAD;Nordeste;2002;47,881898;USD3.65
Brazil;New PNAD;Sudeste;2002;14,086282;USD3.65
Brazil;New PNAD;Sur;2002;13,806403;USD3.65
Brazil;New PNAD;Centro-Oeste;2002;19,581409;USD3.65
Brazil;New PNAD;National;2003;26,080441;USD3.65
Brazil;New PNAD;Norte;2003;34,934873;USD3.65
Brazil;New PNAD;Nordeste;2003;49,146413;USD3.65
Brazil;New PNAD;Sudeste;2003;14,948833;USD3.65
Brazil;New PNAD;Sur;2003;13,20542;USD3.65
Brazil;New PNAD;Centro-Oeste;2003;20,358682;USD3.65
Brazil;New PNAD;National;2004;23,981826;USD3.65
Brazil;New PNAD;Norte;2004;29,715624;USD3.65
Brazil;New PNAD;Nordeste;2004;46,329772;USD3.65
Brazil;New PNAD;Sudeste;2004;13,662793;USD3.65
Brazil;New PNAD;Sur;2004;12,082304;USD3.65
Brazil;New PNAD;Centro-Oeste;2004;16,669448;USD3.65
Brazil;With Rural North;National;2004;24,40952;USD3.65
Brazil;With Rural North;Norte;2004;34,005868;USD3.65
Brazil;With Rural North;Nordeste;2004;46,28511;USD3.65
Brazil;With Rural North;Sudeste;2004;13,625263;USD3.65
Brazil;With Rural North;Sur;2004;12,054028;USD3.65
Brazil;With Rural North;Centro-Oeste;2004;16,587705;USD3.65
Brazil;With Rural North;National;2005;22,347936;USD3.65
Brazil;With Rural North;Norte;2005;31,977851;USD3.65
Brazil;With Rural North;Nordeste;2005;43,0404;USD3.65
Brazil;With Rural North;Sudeste;2005;11,822997;USD3.65
Brazil;With Rural North;Sur;2005;10,82557;USD3.65
Brazil;With Rural North;Centro-Oeste;2005;15,738653;USD3.65
Brazil;With Rural North;National;2006;19,40435;USD3.65
Brazil;With Rural North;Norte;2006;27,94842;USD3.65
Brazil;With Rural North;Nordeste;2006;38,231505;USD3.65
Brazil;With Rural North;Sudeste;2006;9,8569538;USD3.65
Brazil;With Rural North;Sur;2006;9,1892025;USD3.65
Brazil;With Rural North;Centro-Oeste;2006;12,594587;USD3.65
Brazil;With Rural North;National;2007;18,012377;USD3.65
Brazil;With Rural North;Norte;2007;27,110449;USD3.65
Brazil;With Rural North;Nordeste;2007;35,568735;USD3.65
Brazil;With Rural North;Sudeste;2007;9,0588801;USD3.65
Brazil;With Rural North;Sur;2007;8,0242954;USD3.65
Brazil;With Rural North;Centro-Oeste;2007;11,317776;USD3.65
Brazil;With Rural North;National;2008;15,689588;USD3.65
Brazil;With Rural North;Norte;2008;22,229268;USD3.65
Brazil;With Rural North;Nordeste;2008;31,59533;USD3.65
Brazil;With Rural North;Sudeste;2008;7,8062314;USD3.65
Brazil;With Rural North;Sur;2008;6,9237645;USD3.65
Brazil;With Rural North;Centro-Oeste;2008;9,5578215;USD3.65
Brazil;With Rural North;National;2009;14,604086;USD3.65
Brazil;With Rural North;Norte;2009;22,086322;USD3.65
Brazil;With Rural North;Nordeste;2009;29,342934;USD3.65
Brazil;With Rural North;Sudeste;2009;7,1557092;USD3.65
Brazil;With Rural North;Sur;2009;6,0435331;USD3.65
Brazil;With Rural North;Centro-Oeste;2009;8,804942;USD3.65
Brazil;With Rural North;National;2011;12,028791;USD3.65
Brazil;With Rural North;Norte;2011;21,033193;USD3.65
Brazil;With Rural North;Nordeste;2011;25,157264;USD3.65
Brazil;With Rural North;Sudeste;2011;5,2148594;USD3.65
Brazil;With Rural North;Sur;2011;4,5286158;USD3.65
Brazil;With Rural North;Centro-Oeste;2011;5,4803838;USD3.65
Brazil;With Rural North;National;2012;9,9659617;USD3.65
Brazil;With Rural North;Norte;2012;17,218421;USD3.65
Brazil;With Rural North;Nordeste;2012;20,351318;USD3.65
Brazil;With Rural North;Sudeste;2012;4,6486739;USD3.65
Brazil;With Rural North;Sur;2012;3,5384392;USD3.65
Brazil;With Rural North;Centro-Oeste;2012;4,9164446;USD3.65
Brazil;With Rural North;National;2013;9,4007536;USD3.65
Brazil;With Rural North;Norte;2013;16,157497;USD3.65
Brazil;With Rural North;Nordeste;2013;18,864826;USD3.65
Brazil;With Rural North;Sudeste;2013;4,6102892;USD3.65
Brazil;With Rural North;Sur;2013;3,3787534;USD3.65
Brazil;With Rural North;Centro-Oeste;2013;4,636876;USD3.65
Brazil;With Rural North;National;2014;8,1879978;USD3.65
Brazil;With Rural North;Norte;2014;14,489165;USD3.65
Brazil;With Rural North;Nordeste;2014;16,914994;USD3.65
Brazil;With Rural North;Sudeste;2014;3,8404911;USD3.65
Brazil;With Rural North;Sur;2014;2,8028788;USD3.65
Brazil;With Rural North;Centro-Oeste;2014;3,2050988;USD3.65
Brazil;With Rural North;National;2015;9,2210258;USD3.65
Brazil;With Rural North;Norte;2015;15,097243;USD3.65
Brazil;With Rural North;Nordeste;2015;19,233526;USD3.65
Brazil;With Rural North;Sudeste;2015;4,2727915;USD3.65
Brazil;With Rural North;Sur;2015;3,52569;USD3.65
Brazil;With Rural North;Centro-Oeste;2015;3,905919;USD3.65
Brazil;New PNADC;National;2012;10,632418;USD3.65
Brazil;New PNADC;Norte;2012;19,245131;USD3.65
Brazil;New PNADC;Nordeste;2012;21,69163;USD3.65
Brazil;New PNADC;Sudeste;2012;5,2065647;USD3.65
Brazil;New PNADC;Sur;2012;3,5445188;USD3.65
Brazil;New PNADC;Centro-Oeste;2012;4,994365;USD3.65
Brazil;New PNADC;National;2013;9,4838098;USD3.65
Brazil;New PNADC;Norte;2013;16,91668;USD3.65
Brazil;New PNADC;Nordeste;2013;19,68383;USD3.65
Brazil;New PNADC;Sudeste;2013;4,6161378;USD3.65
Brazil;New PNADC;Sur;2013;2,9065734;USD3.65
Brazil;New PNADC;Centro-Oeste;2013;4,2635578;USD3.65
Brazil;New PNADC;National;2014;8,6149575;USD3.65
Brazil;New PNADC;Norte;2014;16,20668;USD3.65
Brazil;New PNADC;Nordeste;2014;17,304029;USD3.65
Brazil;New PNADC;Sudeste;2014;4,2540515;USD3.65
Brazil;New PNADC;Sur;2014;2,7471872;USD3.65
Brazil;New PNADC;Centro-Oeste;2014;4,4735657;USD3.65
Brazil;New PNADC;National;2015;9,2831991;USD3.65
Brazil;New PNADC;Norte;2015;17,187925;USD3.65
Brazil;New PNADC;Nordeste;2015;18,500504;USD3.65
Brazil;New PNADC;Sudeste;2015;4,6919593;USD3.65
Brazil;New PNADC;Sur;2015;2,9451458;USD3.65
Brazil;New PNADC;Centro-Oeste;2015;4,9959876;USD3.65
Brazil;New PNADC;National;2016;10,616014;USD3.65
Brazil;New PNADC;Norte;2016;19,800898;USD3.65
Brazil;New PNADC;Nordeste;2016;21,434479;USD3.65
Brazil;New PNADC;Sudeste;2016;5,1380378;USD3.65
Brazil;New PNADC;Sur;2016;3,6516983;USD3.65
Brazil;New PNADC;Centro-Oeste;2016;4,9640115;USD3.65
Brazil;New PNADC;National;2017;10,997057;USD3.65
Brazil;New PNADC;Norte;2017;18,917111;USD3.65
Brazil;New PNADC;Nordeste;2017;22,443145;USD3.65
Brazil;New PNADC;Sudeste;2017;5,5884094;USD3.65
Brazil;New PNADC;Sur;2017;3,5523983;USD3.65
Brazil;New PNADC;Centro-Oeste;2017;5,080747;USD3.65
Brazil;New PNADC;National;2018;10,882201;USD3.65
Brazil;New PNADC;Norte;2018;19,306045;USD3.65
Brazil;New PNADC;Nordeste;2018;22,354611;USD3.65
Brazil;New PNADC;Sudeste;2018;5,3784576;USD3.65
Brazil;New PNADC;Sur;2018;3,5873198;USD3.65
Brazil;New PNADC;Centro-Oeste;2018;4,6286156;USD3.65
Brazil;New PNADC;National;2019;10,754983;USD3.65
Brazil;New PNADC;Norte;2019;20,495419;USD3.65
Brazil;New PNADC;Nordeste;2019;22,173235;USD3.65
Brazil;New PNADC;Sudeste;2019;5,0105814;USD3.65
Brazil;New PNADC;Sur;2019;3,3551341;USD3.65
Brazil;New PNADC;Centro-Oeste;2019;4,7647901;USD3.65
Brazil;New PNADC;National;2020;5,3188235;USD3.65
Brazil;New PNADC;Norte;2020;9,2919175;USD3.65
Brazil;New PNADC;Nordeste;2020;10,296774;USD3.65
Brazil;New PNADC;Sudeste;2020;2,8574893;USD3.65
Brazil;New PNADC;Sur;2020;1,9510538;USD3.65
Brazil;New PNADC;Centro-Oeste;2020;3,0604443;USD3.65
Brazil;New PNADC;National;2021;11,255068;USD3.65
Brazil;New PNADC;Norte;2021;18,240677;USD3.65
Brazil;New PNADC;Nordeste;2021;21,692755;USD3.65
Brazil;New PNADC;Sudeste;2021;6,6678232;USD3.65
Brazil;New PNADC;Sur;2021;3,6557474;USD3.65
Brazil;New PNADC;Centro-Oeste;2021;5,9335514;USD3.65
Brazil;New PNADC;National;2022;8,4150133;USD3.65
Brazil;New PNADC;Norte;2022;14,476302;USD3.65
Brazil;New PNADC;Nordeste;2022;17,349833;USD3.65
Brazil;New PNADC;Sudeste;2022;4,2292756;USD3.65
Brazil;New PNADC;Sur;2022;2,618464;USD3.65
Brazil;New PNADC;Centro-Oeste;2022;3,9328092;USD3.65
Chile;;National;1987;34,781301;USD3.65
Chile;;Region 1;1987;30,818999;USD3.65
Chile;;Region 2;1987;27,196084;USD3.65
Chile;;Region 3;1987;30,276418;USD3.65
Chile;;Region 4;1987;38,232977;USD3.65
Chile;;Region 5;1987;29,693587;USD3.65
Chile;;Region 6;1987;37,39528;USD3.65
Chile;;Region 7;1987;37,839038;USD3.65
Chile;;Region 8;1987;47,360999;USD3.65
Chile;;Region 9;1987;53,186567;USD3.65
Chile;;Region 10;1987;47,319079;USD3.65
Chile;;Region 11;1987;20,631366;USD3.65
Chile;;Region 12;1987;14,134162;USD3.65
Chile;;Region 13;1987;27,359016;USD3.65
Chile;;National;1990;28,133481;USD3.65
Chile;;Region 1;1990;17,8406;USD3.65
Chile;;Region 2;1990;20,688959;USD3.65
Chile;;Region 3;1990;22,707094;USD3.65
Chile;;Region 4;1990;34,110026;USD3.65
Chile;;Region 5;1990;30,873;USD3.65
Chile;;Region 6;1990;33,159566;USD3.65
Chile;;Region 7;1990;34,946085;USD3.65
Chile;;Region 8;1990;37,378574;USD3.65
Chile;;Region 9;1990;37,520517;USD3.65
Chile;;Region 10;1990;31,379477;USD3.65
Chile;;Region 11;1990;19,650794;USD3.65
Chile;;Region 12;1990;20,928876;USD3.65
Chile;;Region 13;1990;21,818278;USD3.65
Chile;;National;1992;21,620692;USD3.65
Chile;;Region 1;1992;16,518597;USD3.65
Chile;;Region 2;1992;16,258077;USD3.65
Chile;;Region 3;1992;17,44803;USD3.65
Chile;;Region 4;1992;27,108278;USD3.65
Chile;;Region 5;1992;21,542109;USD3.65
Chile;;Region 6;1992;21,380591;USD3.65
Chile;;Region 7;1992;30,322255;USD3.65
Chile;;Region 8;1992;33,616229;USD3.65
Chile;;Region 9;1992;31,277542;USD3.65
Chile;;Region 10;1992;24,719365;USD3.65
Chile;;Region 11;1992;20,198786;USD3.65
Chile;;Region 12;1992;12,851101;USD3.65
Chile;;Region 13;1992;15,173296;USD3.65
Chile;;National;1994;20,213692;USD3.65
Chile;;Region 1;1994;13,673186;USD3.65
Chile;;Region 2;1994;15,866534;USD3.65
Chile;;Region 3;1994;20,351713;USD3.65
Chile;;Region 4;1994;24,211464;USD3.65
Chile;;Region 5;1994;17,878019;USD3.65
Chile;;Region 6;1994;25,921263;USD3.65
Chile;;Region 7;1994;32,905588;USD3.65
Chile;;Region 8;1994;31,199626;USD3.65
Chile;;Region 9;1994;26,333216;USD3.65
Chile;;Region 10;1994;24,555029;USD3.65
Chile;;Region 11;1994;20,261171;USD3.65
Chile;;Region 12;1994;6,7945972;USD3.65
Chile;;Region 13;1994;13,583673;USD3.65
Chile;;National;1996;16,204704;USD3.65
Chile;;Region 1;1996;14,854326;USD3.65
Chile;;Region 2;1996;10,645374;USD3.65
Chile;;Region 3;1996;16,295999;USD3.65
Chile;;Region 4;1996;21,494437;USD3.65
Chile;;Region 5;1996;15,988194;USD3.65
Chile;;Region 6;1996;20,404043;USD3.65
Chile;;Region 7;1996;25,855495;USD3.65
Chile;;Region 8;1996;25,493052;USD3.65
Chile;;Region 9;1996;29,22869;USD3.65
Chile;;Region 10;1996;25,261503;USD3.65
Chile;;Region 11;1996;12,635595;USD3.65
Chile;;Region 12;1996;8,4702087;USD3.65
Chile;;Region 13;1996;8,3265105;USD3.65
Chile;;National;1998;14,862622;USD3.65
Chile;;Region 1;1998;11,309923;USD3.65
Chile;;Region 2;1998;8,3907657;USD3.65
Chile;;Region 3;1998;19,00651;USD3.65
Chile;;Region 4;1998;18,103102;USD3.65
Chile;;Region 5;1998;11,726181;USD3.65
Chile;;Region 6;1998;16,477182;USD3.65
Chile;;Region 7;1998;21,423172;USD3.65
Chile;;Region 8;1998;22,912822;USD3.65
Chile;;Region 9;1998;26,53199;USD3.65
Chile;;Region 10;1998;22,736438;USD3.65
Chile;;Region 11;1998;10,232183;USD3.65
Chile;;Region 12;1998;6,4601311;USD3.65
Chile;;Region 13;1998;9,6356436;USD3.65
Chile;;National;2000;16,564959;USD3.65
Chile;;Region 1;2000;14,246939;USD3.65
Chile;;Region 2;2000;7,685681;USD3.65
Chile;;Region 3;2000;21,568714;USD3.65
Chile;;Region 4;2000;21,121466;USD3.65
Chile;;Region 5;2000;14,767142;USD3.65
Chile;;Region 6;2000;18,21627;USD3.65
Chile;;Region 7;2000;22,653396;USD3.65
Chile;;Region 8;2000;22,69484;USD3.65
Chile;;Region 9;2000;29,883997;USD3.65
Chile;;Region 10;2000;21,999962;USD3.65
Chile;;Region 11;2000;11,146314;USD3.65
Chile;;Region 12;2000;6,2654617;USD3.65
Chile;;Region 13;2000;11,676984;USD3.65
Chile;;National;2003;15,8305;USD3.65
Chile;;Region 1;2003;15,382888;USD3.65
Chile;;Region 2;2003;11,454471;USD3.65
Chile;;Region 3;2003;20,604303;USD3.65
Chile;;Region 4;2003;17,824121;USD3.65
Chile;;Region 5;2003;17,028345;USD3.65
Chile;;Region 6;2003;14,627248;USD3.65
Chile;;Region 7;2003;22,811574;USD3.65
Chile;;Region 8;2003;23,091252;USD3.65
Chile;;Region 9;2003;27,38962;USD3.65
Chile;;Region 10;2003;19,375419;USD3.65
Chile;;Region 11;2003;12,360518;USD3.65
Chile;;Region 12;2003;6,1112848;USD3.65
Chile;;Region 13;2003;10,452758;USD3.65
Chile;;starting in 2006, the results are not directly comparable with previous years;2006;7,5984693;USD3.65
Chile;;starting in 2006, the results are not directly comparable with previous years;2009;5,536884;USD3.65
Chile;;starting in 2006, the results are not directly comparable with previous years;2011;3,8553641;USD3.65
Chile;;starting in 2006, the results are not directly comparable with previous years;2013;1,9575598;USD3.65
Chile;;starting in 2006, the results are not directly comparable with previous years;2015;1,5461362;USD3.65
Chile;;starting in 2006, the results are not directly comparable with previous years;2017;1,0341494;USD3.65
Chile;;starting in 2006, the results are not directly comparable with previous years;2020;2,7032576;USD3.65
Chile;;starting in 2006, the results are not directly comparable with previous years;2022;0,87066093;USD3.65
Colombia;ECH-National;National;2002;30,921073;USD3.65
Colombia;ECH-National;Atlántica;2002;41,432275;USD3.65
Colombia;ECH-National;Oriental;2002;31,82438;USD3.65
Colombia;ECH-National;Central;2002;28,72436;USD3.65
Colombia;ECH-National;Pacífica;2002;36,862795;USD3.65
Colombia;ECH-National; Bogotá;2002;12,973241;USD3.65
Colombia;ECH-National;National;2003;29,333113;USD3.65
Colombia;ECH-National;Atlántica;2003;30,391868;USD3.65
Colombia;ECH-National;Oriental;2003;31,044425;USD3.65
Colombia;ECH-National;Central;2003;30,843634;USD3.65
Colombia;ECH-National;Pacífica;2003;36,098995;USD3.65
Colombia;ECH-National; Bogotá;2003;16,210933;USD3.65
Colombia;ECH-National;National;2004;28,822426;USD3.65
Colombia;ECH-National;Atlántica;2004;35,660904;USD3.65
Colombia;ECH-National;Oriental;2004;30,439349;USD3.65
Colombia;ECH-National;Central;2004;30,075704;USD3.65
Colombia;ECH-National;Pacífica;2004;32,28734;USD3.65
Colombia;ECH-National; Bogotá;2004;12,122854;USD3.65
Colombia;ECH-National;National;2005;25,634961;USD3.65
Colombia;ECH-National;Atlántica;2005;34,303839;USD3.65
Colombia;ECH-National;Oriental;2005;24,985158;USD3.65
Colombia;ECH-National;Central;2005;25,889108;USD3.65
Colombia;ECH-National;Pacífica;2005;30,178108;USD3.65
Colombia;ECH-National; Bogotá;2005;9,5624043;USD3.65
Colombia;GEIH-National;National;2008;24,061386;USD3.65
Colombia;GEIH-National;Atlántica;2008;36,926077;USD3.65
Colombia;GEIH-National;Oriental;2008;21,295355;USD3.65
Colombia;GEIH-National;Central;2008;23,827318;USD3.65
Colombia;GEIH-National;Pacífica;2008;28,248713;USD3.65
Colombia;GEIH-National; Bogotá;2008;6,3183462;USD3.65
Colombia;GEIH-National;National;2009;22,279799;USD3.65
Colombia;GEIH-National;Atlántica;2009;33,491964;USD3.65
Colombia;GEIH-National;Oriental;2009;18,346818;USD3.65
Colombia;GEIH-National;Central;2009;22,090225;USD3.65
Colombia;GEIH-National;Pacífica;2009;27,782244;USD3.65
Colombia;GEIH-National; Bogotá;2009;5,9211354;USD3.65
Colombia;GEIH-National;National;2010;20,01104;USD3.65
Colombia;GEIH-National;Atlántica;2010;29,838263;USD3.65
Colombia;GEIH-National;Oriental;2010;16,247878;USD3.65
Colombia;GEIH-National;Central;2010;19,430789;USD3.65
Colombia;GEIH-National;Pacífica;2010;26,775441;USD3.65
Colombia;GEIH-National; Bogotá;2010;4,9444643;USD3.65
Colombia;GEIH-National;National;2011;17,93603;USD3.65
Colombia;GEIH-National;Atlántica;2011;26,613362;USD3.65
Colombia;GEIH-National;Oriental;2011;14,526254;USD3.65
Colombia;GEIH-National;Central;2011;17,368573;USD3.65
Colombia;GEIH-National;Pacífica;2011;24,79489;USD3.65
Colombia;GEIH-National; Bogotá;2011;3,8289389;USD3.65
Colombia;GEIH-National;National;2012;16,779212;USD3.65
Colombia;GEIH-National;Atlántica;2012;24,081108;USD3.65
Colombia;GEIH-National;Oriental;2012;14,230652;USD3.65
Colombia;GEIH-National;Central;2012;16,31178;USD3.65
Colombia;GEIH-National;Pacífica;2012;23,543622;USD3.65
Colombia;GEIH-National; Bogotá;2012;3,5456396;USD3.65
Colombia;GEIH-National;National;2013;15,337523;USD3.65
Colombia;GEIH-National;Atlántica;2013;21,56841;USD3.65
Colombia;GEIH-National;Oriental;2013;13,879833;USD3.65
Colombia;GEIH-National;Central;2013;14,92632;USD3.65
Colombia;GEIH-National;Pacífica;2013;21,371077;USD3.65
Colombia;GEIH-National; Bogotá;2013;3,002623;USD3.65
Colombia;GEIH-National;National;2014;14,272863;USD3.65
Colombia;GEIH-National;Atlántica;2014;19,362573;USD3.65
Colombia;GEIH-National;Oriental;2014;13,547786;USD3.65
Colombia;GEIH-National;Central;2014;14,258356;USD3.65
Colombia;GEIH-National;Pacífica;2014;19,109358;USD3.65
Colombia;GEIH-National; Bogotá;2014;3,2994852;USD3.65
Colombia;GEIH-National;National;2015;12,986654;USD3.65
Colombia;GEIH-National;Atlántica;2015;17,39994;USD3.65
Colombia;GEIH-National;Oriental;2015;11,656285;USD3.65
Colombia;GEIH-National;Central;2015;13,191091;USD3.65
Colombia;GEIH-National;Pacífica;2015;17,637039;USD3.65
Colombia;GEIH-National; Bogotá;2015;3,4150201;USD3.65
Colombia;GEIH-National;National;2016;12,868622;USD3.65
Colombia;GEIH-National;Atlántica;2016;18,156446;USD3.65
Colombia;GEIH-National;Oriental;2016;11,915421;USD3.65
Colombia;GEIH-National;Central;2016;11,674942;USD3.65
Colombia;GEIH-National;Pacífica;2016;17,730958;USD3.65
Colombia;GEIH-National; Bogotá;2016;3,6498188;USD3.65
Colombia;GEIH-National;National;2017;12,118529;USD3.65
Colombia;GEIH-National;Atlántica;2017;17,424099;USD3.65
Colombia;GEIH-National;Oriental;2017;11,400827;USD3.65
Colombia;GEIH-National;Central;2017;10,341394;USD3.65
Colombia;GEIH-National;Pacífica;2017;16,673985;USD3.65
Colombia;GEIH-National; Bogotá;2017;3,8315996;USD3.65
Colombia;GEIH-National;National;2018;12,227751;USD3.65
Colombia;GEIH-National;Atlántica;2018;17,37924;USD3.65
Colombia;GEIH-National;Oriental;2018;10,962596;USD3.65
Colombia;GEIH-National;Central;2018;10,75652;USD3.65
Colombia;GEIH-National;Pacífica;2018;17,06716;USD3.65
Colombia;GEIH-National; Bogotá;2018;3,9536073;USD3.65
Colombia;GEIH-National;National;2019;13,715467;USD3.65
Colombia;GEIH-National;Atlántica;2019;19,929917;USD3.65
Colombia;GEIH-National;Oriental;2019;12,836625;USD3.65
Colombia;GEIH-National;Central;2019;11,653532;USD3.65
Colombia;GEIH-National;Pacífica;2019;19,088019;USD3.65
Colombia;GEIH-National; Bogotá;2019;3,9614505;USD3.65
Colombia;GEIH-National;National;2020;19,311295;USD3.65
Colombia;GEIH-National;Atlántica;2020;26,20111;USD3.65
Colombia;GEIH-National;Oriental;2020;18,818012;USD3.65
Colombia;GEIH-National;Central;2020;15,468502;USD3.65
Colombia;GEIH-National;Pacífica;2020;22,940559;USD3.65
Colombia;GEIH-National; Bogotá;2020;12,725688;USD3.65
Colombia;GEIH-National;National;2021;15,982585;USD3.65
Colombia;GEIH-National;Atlántica;2021;24,306319;USD3.65
Colombia;GEIH-National;Oriental;2021;15,111741;USD3.65
Colombia;GEIH-National;Central;2021;11,547177;USD3.65
Colombia;GEIH-National;Pacífica;2021;18,510601;USD3.65
Colombia;GEIH-National; Bogotá;2021;9,9154394;USD3.65
Colombia;GEIH-National - New Methodology;National;2021;16,441173;USD3.65
Colombia;GEIH-National - New Methodology;Atlántica;2021;24,521922;USD3.65
Colombia;GEIH-National - New Methodology;Oriental;2021;16,161526;USD3.65
Colombia;GEIH-National - New Methodology;Central;2021;13,78251;USD3.65
Colombia;GEIH-National - New Methodology;Pacífica;2021;18,043336;USD3.65
Colombia;GEIH-National - New Methodology; Bogotá;2021;7,3118865;USD3.65
Colombia;GEIH-National - New Methodology;National;2022;14,045053;USD3.65
Colombia;GEIH-National - New Methodology;Atlántica;2022;23,883869;USD3.65
Colombia;GEIH-National - New Methodology;Oriental;2022;12,232387;USD3.65
Colombia;GEIH-National - New Methodology;Central;2022;11,146979;USD3.65
Colombia;GEIH-National - New Methodology;Pacífica;2022;14,934823;USD3.65
Colombia;GEIH-National - New Methodology; Bogotá;2022;5,3437593;USD3.65
Costa Rica;Without Implicit Rent;National;1989;21,498078;USD3.65
Costa Rica;Without Implicit Rent;Region 1;1989;15,314459;USD3.65
Costa Rica;Without Implicit Rent;Region 2;1989;41,240575;USD3.65
Costa Rica;Without Implicit Rent;Region 3;1989;27,224564;USD3.65
Costa Rica;Without Implicit Rent;Region 4;1989;36,500875;USD3.65
Costa Rica;Without Implicit Rent;Region 5;1989;17,757908;USD3.65
Costa Rica;Without Implicit Rent;Region 6;1989;32,643448;USD3.65
Costa Rica;Without Implicit Rent;National;1990;20,804466;USD3.65
Costa Rica;Without Implicit Rent;Region 1;1990;14,135899;USD3.65
Costa Rica;Without Implicit Rent;Region 2;1990;42,186633;USD3.65
Costa Rica;Without Implicit Rent;Region 3;1990;29,401081;USD3.65
Costa Rica;Without Implicit Rent;Region 4;1990;40,14767;USD3.65
Costa Rica;Without Implicit Rent;Region 5;1990;17,222485;USD3.65
Costa Rica;Without Implicit Rent;Region 6;1990;33,707478;USD3.65
Costa Rica;Without Implicit Rent;National;1991;24,508655;USD3.65
Costa Rica;Without Implicit Rent;Region 1;1991;18,305385;USD3.65
Costa Rica;Without Implicit Rent;Region 2;1991;45,188297;USD3.65
Costa Rica;Without Implicit Rent;Region 3;1991;28,818193;USD3.65
Costa Rica;Without Implicit Rent;Region 4;1991;41,055508;USD3.65
Costa Rica;Without Implicit Rent;Region 5;1991;21,802443;USD3.65
Costa Rica;Without Implicit Rent;Region 6;1991;28,10822;USD3.65
Costa Rica;Without Implicit Rent;National;1992;21,164497;USD3.65
Costa Rica;Without Implicit Rent;Region 1;1992;16,024456;USD3.65
Costa Rica;Without Implicit Rent;Region 2;1992;36,137726;USD3.65
Costa Rica;Without Implicit Rent;Region 3;1992;24,627012;USD3.65
Costa Rica;Without Implicit Rent;Region 4;1992;38,497093;USD3.65
Costa Rica;Without Implicit Rent;Region 5;1992;17,293612;USD3.65
Costa Rica;Without Implicit Rent;Region 6;1992;27,839582;USD3.65
Costa Rica;Without Implicit Rent;National;1993;17,411264;USD3.65
Costa Rica;Without Implicit Rent;Region 1;1993;12,07429;USD3.65
Costa Rica;Without Implicit Rent;Region 2;1993;32,58578;USD3.65
Costa Rica;Without Implicit Rent;Region 3;1993;21,216233;USD3.65
Costa Rica;Without Implicit Rent;Region 4;1993;34,823689;USD3.65
Costa Rica;Without Implicit Rent;Region 5;1993;15,361316;USD3.65
Costa Rica;Without Implicit Rent;Region 6;1993;21,004891;USD3.65
Costa Rica;Without Implicit Rent;National;1994;14,689736;USD3.65
Costa Rica;Without Implicit Rent;Region 1;1994;9,2804002;USD3.65
Costa Rica;Without Implicit Rent;Region 2;1994;31,83702;USD3.65
Costa Rica;Without Implicit Rent;Region 3;1994;14,983295;USD3.65
Costa Rica;Without Implicit Rent;Region 4;1994;31,083664;USD3.65
Costa Rica;Without Implicit Rent;Region 5;1994;16,560924;USD3.65
Costa Rica;Without Implicit Rent;Region 6;1994;17,317276;USD3.65
Costa Rica;Without Implicit Rent;National;1995;15,32558;USD3.65
Costa Rica;Without Implicit Rent;Region 1;1995;10,73889;USD3.65
Costa Rica;Without Implicit Rent;Region 2;1995;28,936246;USD3.65
Costa Rica;Without Implicit Rent;Region 3;1995;14,537436;USD3.65
Costa Rica;Without Implicit Rent;Region 4;1995;31,371703;USD3.65
Costa Rica;Without Implicit Rent;Region 5;1995;15,03019;USD3.65
Costa Rica;Without Implicit Rent;Region 6;1995;21,595851;USD3.65
Costa Rica;Without Implicit Rent;National;1996;17,593717;USD3.65
Costa Rica;Without Implicit Rent;Region 1;1996;11,547969;USD3.65
Costa Rica;Without Implicit Rent;Region 2;1996;30,874349;USD3.65
Costa Rica;Without Implicit Rent;Region 3;1996;17,695961;USD3.65
Costa Rica;Without Implicit Rent;Region 4;1996;35,544454;USD3.65
Costa Rica;Without Implicit Rent;Region 5;1996;21,696418;USD3.65
Costa Rica;Without Implicit Rent;Region 6;1996;27,052894;USD3.65
Costa Rica;Without Implicit Rent;National;1997;15,100013;USD3.65
Costa Rica;Without Implicit Rent;Region 1;1997;9,1989177;USD3.65
Costa Rica;Without Implicit Rent;Region 2;1997;30,972687;USD3.65
Costa Rica;Without Implicit Rent;Region 3;1997;18,024228;USD3.65
Costa Rica;Without Implicit Rent;Region 4;1997;27,538195;USD3.65
Costa Rica;Without Implicit Rent;Region 5;1997;20,199652;USD3.65
Costa Rica;Without Implicit Rent;Region 6;1997;23,56879;USD3.65
Costa Rica;Without Implicit Rent;National;1998;11,851184;USD3.65
Costa Rica;Without Implicit Rent;Region 1;1998;7,1167087;USD3.65
Costa Rica;Without Implicit Rent;Region 2;1998;26,144332;USD3.65
Costa Rica;Without Implicit Rent;Region 3;1998;13,078687;USD3.65
Costa Rica;Without Implicit Rent;Region 4;1998;24,72244;USD3.65
Costa Rica;Without Implicit Rent;Region 5;1998;11,578421;USD3.65
Costa Rica;Without Implicit Rent;Region 6;1998;19,505236;USD3.65
Costa Rica;Without Implicit Rent;National;1999;14,013288;USD3.65
Costa Rica;Without Implicit Rent;Region 1;1999;8,7814036;USD3.65
Costa Rica;Without Implicit Rent;Region 2;1999;29,308584;USD3.65
Costa Rica;Without Implicit Rent;Region 3;1999;18,744498;USD3.65
Costa Rica;Without Implicit Rent;Region 4;1999;27,197132;USD3.65
Costa Rica;Without Implicit Rent;Region 5;1999;16,852557;USD3.65
Costa Rica;Without Implicit Rent;Region 6;1999;18,925659;USD3.65
Costa Rica;Without Implicit Rent;National;2000;14,775194;USD3.65
Costa Rica;Without Implicit Rent;Region 1;2000;9,0735618;USD3.65
Costa Rica;Without Implicit Rent;Region 2;2000;30,29664;USD3.65
Costa Rica;Without Implicit Rent;Region 3;2000;19,193792;USD3.65
Costa Rica;Without Implicit Rent;Region 4;2000;30,878393;USD3.65
Costa Rica;Without Implicit Rent;Region 5;2000;17,520543;USD3.65
Costa Rica;Without Implicit Rent;Region 6;2000;20,854717;USD3.65
Costa Rica;Without Implicit Rent;National;2001;15,198756;USD3.65
Costa Rica;Without Implicit Rent;Region 1;2001;9,5832982;USD3.65
Costa Rica;Without Implicit Rent;Region 2;2001;29,329639;USD3.65
Costa Rica;Without Implicit Rent;Region 3;2001;23,11713;USD3.65
Costa Rica;Without Implicit Rent;Region 4;2001;33,423601;USD3.65
Costa Rica;Without Implicit Rent;Region 5;2001;17,197114;USD3.65
Costa Rica;Without Implicit Rent;Region 6;2001;22,871831;USD3.65
Costa Rica;With Implicit Rent;National;2001;11,528378;USD3.65
Costa Rica;With Implicit Rent;Region 1;2001;6,308967;USD3.65
Costa Rica;With Implicit Rent;Region 2;2001;24,521052;USD3.65
Costa Rica;With Implicit Rent;Region 3;2001;18,376258;USD3.65
Costa Rica;With Implicit Rent;Region 4;2001;28,546011;USD3.65
Costa Rica;With Implicit Rent;Region 5;2001;13,495231;USD3.65
Costa Rica;With Implicit Rent;Region 6;2001;18,962471;USD3.65
Costa Rica;With Implicit Rent;National;2002;10,51742;USD3.65
Costa Rica;With Implicit Rent;Region 1;2002;5,8427276;USD3.65
Costa Rica;With Implicit Rent;Region 2;2002;23,072587;USD3.65
Costa Rica;With Implicit Rent;Region 3;2002;12,457934;USD3.65
Costa Rica;With Implicit Rent;Region 4;2002;27,376695;USD3.65
Costa Rica;With Implicit Rent;Region 5;2002;13,711828;USD3.65
Costa Rica;With Implicit Rent;Region 6;2002;12,595094;USD3.65
Costa Rica;With Implicit Rent;National;2003;10,49784;USD3.65
Costa Rica;With Implicit Rent;Region 1;2003;5,9087176;USD3.65
Costa Rica;With Implicit Rent;Region 2;2003;22,679382;USD3.65
Costa Rica;With Implicit Rent;Region 3;2003;13,184447;USD3.65
Costa Rica;With Implicit Rent;Region 4;2003;23,453173;USD3.65
Costa Rica;With Implicit Rent;Region 5;2003;15,012188;USD3.65
Costa Rica;With Implicit Rent;Region 6;2003;14,88443;USD3.65
Costa Rica;With Implicit Rent;National;2004;9,8382594;USD3.65
Costa Rica;With Implicit Rent;Region 1;2004;5,3582311;USD3.65
Costa Rica;With Implicit Rent;Region 2;2004;20,467377;USD3.65
Costa Rica;With Implicit Rent;Region 3;2004;12,069804;USD3.65
Costa Rica;With Implicit Rent;Region 4;2004;22,83575;USD3.65
Costa Rica;With Implicit Rent;Region 5;2004;13,939938;USD3.65
Costa Rica;With Implicit Rent;Region 6;2004;18,466267;USD3.65
Costa Rica;With Implicit Rent;National;2005;8,4585264;USD3.65
Costa Rica;With Implicit Rent;Region 1;2005;5,0290581;USD3.65
Costa Rica;With Implicit Rent;Region 2;2005;17,996429;USD3.65
Costa Rica;With Implicit Rent;Region 3;2005;11,424309;USD3.65
Costa Rica;With Implicit Rent;Region 4;2005;16,377414;USD3.65
Costa Rica;With Implicit Rent;Region 5;2005;12,871656;USD3.65
Costa Rica;With Implicit Rent;Region 6;2005;13,04871;USD3.65
Costa Rica;With Implicit Rent;National;2006;8,2493508;USD3.65
Costa Rica;With Implicit Rent;Region 1;2006;5,0011757;USD3.65
Costa Rica;With Implicit Rent;Region 2;2006;19,70071;USD3.65
Costa Rica;With Implicit Rent;Region 3;2006;8,6201314;USD3.65
Costa Rica;With Implicit Rent;Region 4;2006;16,38925;USD3.65
Costa Rica;With Implicit Rent;Region 5;2006;10,685846;USD3.65
Costa Rica;With Implicit Rent;Region 6;2006;13,245313;USD3.65
Costa Rica;With Implicit Rent;National;2007;5,922898;USD3.65
Costa Rica;With Implicit Rent;Region 1;2007;3,6099844;USD3.65
Costa Rica;With Implicit Rent;Region 2;2007;13,617665;USD3.65
Costa Rica;With Implicit Rent;Region 3;2007;6,0647664;USD3.65
Costa Rica;With Implicit Rent;Region 4;2007;11,992232;USD3.65
Costa Rica;With Implicit Rent;Region 5;2007;9,0247673;USD3.65
Costa Rica;With Implicit Rent;Region 6;2007;6,6522608;USD3.65
Costa Rica;With Implicit Rent;National;2008;5,7363985;USD3.65
Costa Rica;With Implicit Rent;Region 1;2008;3,2591242;USD3.65
Costa Rica;With Implicit Rent;Region 2;2008;10,576604;USD3.65
Costa Rica;With Implicit Rent;Region 3;2008;7,7044255;USD3.65
Costa Rica;With Implicit Rent;Region 4;2008;13,340658;USD3.65
Costa Rica;With Implicit Rent;Region 5;2008;9,3426034;USD3.65
Costa Rica;With Implicit Rent;Region 6;2008;6,7882906;USD3.65
Costa Rica;With Implicit Rent;National;2009;6,0567027;USD3.65
Costa Rica;With Implicit Rent;Region 1;2009;3,8395665;USD3.65
Costa Rica;With Implicit Rent;Region 2;2009;11,746052;USD3.65
Costa Rica;With Implicit Rent;Region 3;2009;6,7756158;USD3.65
Costa Rica;With Implicit Rent;Region 4;2009;12,45096;USD3.65
Costa Rica;With Implicit Rent;Region 5;2009;8,9948905;USD3.65
Costa Rica;With Implicit Rent;Region 6;2009;8,4863071;USD3.65
Costa Rica;With Implicit Rent;National;2010;4,0792353;USD3.65
Costa Rica;With Implicit Rent;Region 1;2010;1,9650408;USD3.65
Costa Rica;With Implicit Rent;Region 2;2010;7,9969305;USD3.65
Costa Rica;With Implicit Rent;Region 3;2010;6,7827517;USD3.65
Costa Rica;With Implicit Rent;Region 4;2010;9,0400316;USD3.65
Costa Rica;With Implicit Rent;Region 5;2010;6,6921167;USD3.65
Costa Rica;With Implicit Rent;Region 6;2010;7,5526718;USD3.65
Costa Rica;With Implicit Rent;National;2011;4,8340574;USD3.65
Costa Rica;With Implicit Rent;Region 1;2011;2,7747382;USD3.65
Costa Rica;With Implicit Rent;Region 2;2011;7,3400181;USD3.65
Costa Rica;With Implicit Rent;Region 3;2011;6,5234055;USD3.65
Costa Rica;With Implicit Rent;Region 4;2011;10,269272;USD3.65
Costa Rica;With Implicit Rent;Region 5;2011;8,0136471;USD3.65
Costa Rica;With Implicit Rent;Region 6;2011;8,7932394;USD3.65
Costa Rica;With Implicit Rent;National;2012;4,3949824;USD3.65
Costa Rica;With Implicit Rent;Region 1;2012;2,4425277;USD3.65
Costa Rica;With Implicit Rent;Region 2;2012;8,0959374;USD3.65
Costa Rica;With Implicit Rent;Region 3;2012;4,5249975;USD3.65
Costa Rica;With Implicit Rent;Region 4;2012;9,3099822;USD3.65
Costa Rica;With Implicit Rent;Region 5;2012;8,1521648;USD3.65
Costa Rica;With Implicit Rent;Region 6;2012;7,3055385;USD3.65
Costa Rica;With Implicit Rent;National;2013;4,3481691;USD3.65
Costa Rica;With Implicit Rent;Region 1;2013;2,001145;USD3.65
Costa Rica;With Implicit Rent;Region 2;2013;8,1290013;USD3.65
Costa Rica;With Implicit Rent;Region 3;2013;6,7796735;USD3.65
Costa Rica;With Implicit Rent;Region 4;2013;10,28743;USD3.65
Costa Rica;With Implicit Rent;Region 5;2013;8,5076636;USD3.65
Costa Rica;With Implicit Rent;Region 6;2013;7,1482743;USD3.65
Costa Rica;With Implicit Rent;National;2014;4,251587;USD3.65
Costa Rica;With Implicit Rent;Region 1;2014;2,4235687;USD3.65
Costa Rica;With Implicit Rent;Region 2;2014;7,4494457;USD3.65
Costa Rica;With Implicit Rent;Region 3;2014;5,1678133;USD3.65
Costa Rica;With Implicit Rent;Region 4;2014;9,1749305;USD3.65
Costa Rica;With Implicit Rent;Region 5;2014;7,2795744;USD3.65
Costa Rica;With Implicit Rent;Region 6;2014;6,8324334;USD3.65
Costa Rica;With Implicit Rent;National;2015;4,3861072;USD3.65
Costa Rica;With Implicit Rent;Region 1;2015;2,291039;USD3.65
Costa Rica;With Implicit Rent;Region 2;2015;5,9391215;USD3.65
Costa Rica;With Implicit Rent;Region 3;2015;6,618302;USD3.65
Costa Rica;With Implicit Rent;Region 4;2015;7,8130226;USD3.65
Costa Rica;With Implicit Rent;Region 5;2015;8,1381821;USD3.65
Costa Rica;With Implicit Rent;Region 6;2015;10,219806;USD3.65
Costa Rica;With Implicit Rent;National;2016;4,055177;USD3.65
Costa Rica;With Implicit Rent;Region 1;2016;2,2333116;USD3.65
Costa Rica;With Implicit Rent;Region 2;2016;6,2835671;USD3.65
Costa Rica;With Implicit Rent;Region 3;2016;5,7077184;USD3.65
Costa Rica;With Implicit Rent;Region 4;2016;7,2224747;USD3.65
Costa Rica;With Implicit Rent;Region 5;2016;6,696337;USD3.65
Costa Rica;With Implicit Rent;Region 6;2016;8,974395;USD3.65
Costa Rica;With Implicit Rent;National;2017;3,0860656;USD3.65
Costa Rica;With Implicit Rent;Region 1;2017;1,6252428;USD3.65
Costa Rica;With Implicit Rent;Region 2;2017;3,7152959;USD3.65
Costa Rica;With Implicit Rent;Region 3;2017;4,9379384;USD3.65
Costa Rica;With Implicit Rent;Region 4;2017;6,4766682;USD3.65
Costa Rica;With Implicit Rent;Region 5;2017;6,9859776;USD3.65
Costa Rica;With Implicit Rent;Region 6;2017;4,9392053;USD3.65
Costa Rica;With Implicit Rent;National;2018;3,9590825;USD3.65
Costa Rica;With Implicit Rent;Region 1;2018;2,3622939;USD3.65
Costa Rica;With Implicit Rent;Region 2;2018;4,5592602;USD3.65
Costa Rica;With Implicit Rent;Region 3;2018;5,4398701;USD3.65
Costa Rica;With Implicit Rent;Region 4;2018;7,5274222;USD3.65
Costa Rica;With Implicit Rent;Region 5;2018;7,1176829;USD3.65
Costa Rica;With Implicit Rent;Region 6;2018;7,7493356;USD3.65
Costa Rica;With Implicit Rent;National;2019;3,461355;USD3.65
Costa Rica;With Implicit Rent;Region 1;2019;2,0310905;USD3.65
Costa Rica;With Implicit Rent;Region 2;2019;3,4270594;USD3.65
Costa Rica;With Implicit Rent;Region 3;2019;6,4574549;USD3.65
Costa Rica;With Implicit Rent;Region 4;2019;6,2763972;USD3.65
Costa Rica;With Implicit Rent;Region 5;2019;5,7826157;USD3.65
Costa Rica;With Implicit Rent;Region 6;2019;7,0794133;USD3.65
Costa Rica;With Implicit Rent;National;2020;5,9506397;USD3.65
Costa Rica;With Implicit Rent;Region 1;2020;4,2415233;USD3.65
Costa Rica;With Implicit Rent;Region 2;2020;5,9306683;USD3.65
Costa Rica;With Implicit Rent;Region 3;2020;11,812036;USD3.65
Costa Rica;With Implicit Rent;Region 4;2020;4,9366066;USD3.65
Costa Rica;With Implicit Rent;Region 5;2020;10,165117;USD3.65
Costa Rica;With Implicit Rent;Region 6;2020;10,845186;USD3.65
Costa Rica;With Implicit Rent;National;2021;3,6923379;USD3.65
Costa Rica;With Implicit Rent;Region 1;2021;2,0868031;USD3.65
Costa Rica;With Implicit Rent;Region 2;2021;4,03064;USD3.65
Costa Rica;With Implicit Rent;Region 3;2021;4,978787;USD3.65
Costa Rica;With Implicit Rent;Region 4;2021;6,3556253;USD3.65
Costa Rica;With Implicit Rent;Region 5;2021;5,8436253;USD3.65
Costa Rica;With Implicit Rent;Region 6;2021;9,7274016;USD3.65
Costa Rica;With Implicit Rent;National;2022;3,3232362;USD3.65
Costa Rica;With Implicit Rent;Region 1;2022;1,7345297;USD3.65
Costa Rica;With Implicit Rent;Region 2;2022;4,4869496;USD3.65
Costa Rica;With Implicit Rent;Region 3;2022;6,3781402;USD3.65
Costa Rica;With Implicit Rent;Region 4;2022;4,9553711;USD3.65
Costa Rica;With Implicit Rent;Region 5;2022;7,2222388;USD3.65
Costa Rica;With Implicit Rent;Region 6;2022;6,1613991;USD3.65
Costa Rica;With Implicit Rent;National;2023;3,0435181;USD3.65
Costa Rica;With Implicit Rent;Region 1;2023;1,8135089;USD3.65
Costa Rica;With Implicit Rent;Region 2;2023;4,1980156;USD3.65
Costa Rica;With Implicit Rent;Region 3;2023;3,5145043;USD3.65
Costa Rica;With Implicit Rent;Region 4;2023;3,2760076;USD3.65
Costa Rica;With Implicit Rent;Region 5;2023;6,6517376;USD3.65
Costa Rica;With Implicit Rent;Region 6;2023;6,5547463;USD3.65
Costa Rica;Dominican Rep.;National;2000;16,080323;USD3.65
Costa Rica;Dominican Rep.;Ozama;2000;7,0492669;USD3.65
Costa Rica;Dominican Rep.;Cibao Norte;2000;9,5905481;USD3.65
Costa Rica;Dominican Rep.;Cibao Sur;2000;17,230193;USD3.65
Costa Rica;Dominican Rep.;Cibao Nordeste;2000;13,977535;USD3.65
Costa Rica;Dominican Rep.;Cibao Noroeste;2000;28,12723;USD3.65
Costa Rica;Dominican Rep.;Valdesia;2000;27,085069;USD3.65
Costa Rica;Dominican Rep.;El Valle;2000;51,697333;USD3.65
Costa Rica;Dominican Rep.;Enriquillo;2000;29,327237;USD3.65
Costa Rica;Dominican Rep.;Higuamo;2000;24,181955;USD3.65
Costa Rica;Dominican Rep.;Yuma;2000;14,124196;USD3.65
Costa Rica;Dominican Rep.;National;2001;16,146627;USD3.65
Costa Rica;Dominican Rep.;Ozama;2001;6,9928636;USD3.65
Costa Rica;Dominican Rep.;Cibao Norte;2001;10,055344;USD3.65
Costa Rica;Dominican Rep.;Cibao Sur;2001;15,177945;USD3.65
Costa Rica;Dominican Rep.;Cibao Nordeste;2001;16,106144;USD3.65
Costa Rica;Dominican Rep.;Cibao Noroeste;2001;25,733476;USD3.65
Costa Rica;Dominican Rep.;Valdesia;2001;23,243074;USD3.65
Costa Rica;Dominican Rep.;El Valle;2001;45,223727;USD3.65
Costa Rica;Dominican Rep.;Enriquillo;2001;36,202302;USD3.65
Costa Rica;Dominican Rep.;Higuamo;2001;27,979498;USD3.65
Costa Rica;Dominican Rep.;Yuma;2001;19,782257;USD3.65
Costa Rica;Dominican Rep.;National;2002;17,701528;USD3.65
Costa Rica;Dominican Rep.;Ozama;2002;8,3033632;USD3.65
Costa Rica;Dominican Rep.;Cibao Norte;2002;13,034874;USD3.65
Costa Rica;Dominican Rep.;Cibao Sur;2002;21,204748;USD3.65
Costa Rica;Dominican Rep.;Cibao Nordeste;2002;20,077467;USD3.65
Costa Rica;Dominican Rep.;Cibao Noroeste;2002;24,168715;USD3.65
Costa Rica;Dominican Rep.;Valdesia;2002;26,270316;USD3.65
Costa Rica;Dominican Rep.;El Valle;2002;55,633413;USD3.65
Costa Rica;Dominican Rep.;Enriquillo;2002;30,81882;USD3.65
Costa Rica;Dominican Rep.;Higuamo;2002;21,448457;USD3.65
Costa Rica;Dominican Rep.;Yuma;2002;18,478966;USD3.65
Costa Rica;Dominican Rep.;National;2003;21,841022;USD3.65
Costa Rica;Dominican Rep.;Ozama;2003;11,884549;USD3.65
Costa Rica;Dominican Rep.;Cibao Norte;2003;15,611602;USD3.65
Costa Rica;Dominican Rep.;Cibao Sur;2003;26,364303;USD3.65
Costa Rica;Dominican Rep.;Cibao Nordeste;2003;20,446852;USD3.65
Costa Rica;Dominican Rep.;Cibao Noroeste;2003;31,252312;USD3.65
Costa Rica;Dominican Rep.;Valdesia;2003;29,030646;USD3.65
Costa Rica;Dominican Rep.;El Valle;2003;51,273193;USD3.65
Costa Rica;Dominican Rep.;Enriquillo;2003;50,742683;USD3.65
Costa Rica;Dominican Rep.;Higuamo;2003;33,759469;USD3.65
Costa Rica;Dominican Rep.;Yuma;2003;20,425902;USD3.65
Costa Rica;Dominican Rep.;National;2004;27,888331;USD3.65
Costa Rica;Dominican Rep.;Ozama;2004;17,981749;USD3.65
Costa Rica;Dominican Rep.;Cibao Norte;2004;21,811992;USD3.65
Costa Rica;Dominican Rep.;Cibao Sur;2004;29,326712;USD3.65
Costa Rica;Dominican Rep.;Cibao Nordeste;2004;25,553883;USD3.65
Costa Rica;Dominican Rep.;Cibao Noroeste;2004;41,485616;USD3.65
Costa Rica;Dominican Rep.;Valdesia;2004;37,625984;USD3.65
Costa Rica;Dominican Rep.;El Valle;2004;53,086761;USD3.65
Costa Rica;Dominican Rep.;Enriquillo;2004;57,699772;USD3.65
Costa Rica;Dominican Rep.;Higuamo;2004;37,440971;USD3.65
Costa Rica;Dominican Rep.;Yuma;2004;28,349728;USD3.65
Costa Rica;ENFT 3;National;2005;21,37258;USD3.65
Costa Rica;ENFT 3;Ozama;2005;13,532007;USD3.65
Costa Rica;ENFT 3;Cibao Norte;2005;17,147231;USD3.65
Costa Rica;ENFT 3;Cibao Sur;2005;22,688379;USD3.65
Costa Rica;ENFT 3;Cibao Nordeste;2005;20,58463;USD3.65
Costa Rica;ENFT 3;Cibao Noroeste;2005;33,149696;USD3.65
Costa Rica;ENFT 3;Valdesia;2005;25,956414;USD3.65
Costa Rica;ENFT 3;El Valle;2005;39,882379;USD3.65
Costa Rica;ENFT 3;Enriquillo;2005;49,91395;USD3.65
Costa Rica;ENFT 3;Higuamo;2005;32,861919;USD3.65
Costa Rica;ENFT 3;Yuma;2005;17,940851;USD3.65
Costa Rica;ENFT 3;National;2006;18,558836;USD3.65
Costa Rica;ENFT 3;Ozama;2006;10,073881;USD3.65
Costa Rica;ENFT 3;Cibao Norte;2006;14,524566;USD3.65
Costa Rica;ENFT 3;Cibao Sur;2006;20,973151;USD3.65
Costa Rica;ENFT 3;Cibao Nordeste;2006;22,787176;USD3.65
Costa Rica;ENFT 3;Cibao Noroeste;2006;29,679104;USD3.65
Costa Rica;ENFT 3;Valdesia;2006;23,164361;USD3.65
Costa Rica;ENFT 3;El Valle;2006;39,439131;USD3.65
Costa Rica;ENFT 3;Enriquillo;2006;46,379965;USD3.65
Costa Rica;ENFT 3;Higuamo;2006;27,964024;USD3.65
Costa Rica;ENFT 3;Yuma;2006;13,868413;USD3.65
Costa Rica;ENFT 3;National;2007;18,077883;USD3.65
Costa Rica;ENFT 3;Ozama;2007;11,97512;USD3.65
Costa Rica;ENFT 3;Cibao Norte;2007;14,733136;USD3.65
Costa Rica;ENFT 3;Cibao Sur;2007;16,044261;USD3.65
Costa Rica;ENFT 3;Cibao Nordeste;2007;17,766612;USD3.65
Costa Rica;ENFT 3;Cibao Noroeste;2007;29,37245;USD3.65
Costa Rica;ENFT 3;Valdesia;2007;24,182526;USD3.65
Costa Rica;ENFT 3;El Valle;2007;31,560727;USD3.65
Costa Rica;ENFT 3;Enriquillo;2007;40,852247;USD3.65
Costa Rica;ENFT 3;Higuamo;2007;24,125477;USD3.65
Costa Rica;ENFT 3;Yuma;2007;17,453716;USD3.65
Costa Rica;ENFT 4;National;2008;18,587785;USD3.65
Costa Rica;ENFT 4;Ozama;2008;10,930866;USD3.65
Costa Rica;ENFT 4;Cibao Norte;2008;12,065176;USD3.65
Costa Rica;ENFT 4;Cibao Sur;2008;23,123836;USD3.65
Costa Rica;ENFT 4;Cibao Nordeste;2008;21,823041;USD3.65
Costa Rica;ENFT 4;Cibao Noroeste;2008;29,869466;USD3.65
Costa Rica;ENFT 4;Valdesia;2008;24,758349;USD3.65
Costa Rica;ENFT 4;El Valle;2008;37,94004;USD3.65
Costa Rica;ENFT 4;Enriquillo;2008;38,668486;USD3.65
Costa Rica;ENFT 4;Higuamo;2008;26,642142;USD3.65
Costa Rica;ENFT 4;Yuma;2008;19,886249;USD3.65
Costa Rica;ENFT 4;National;2009;16,815942;USD3.65
Costa Rica;ENFT 4;Ozama;2009;11,491802;USD3.65
Costa Rica;ENFT 4;Cibao Norte;2009;13,518832;USD3.65
Costa Rica;ENFT 4;Cibao Sur;2009;17,833825;USD3.65
Costa Rica;ENFT 4;Cibao Nordeste;2009;22,197344;USD3.65
Costa Rica;ENFT 4;Cibao Noroeste;2009;21,172719;USD3.65
Costa Rica;ENFT 4;Valdesia;2009;22,818149;USD3.65
Costa Rica;ENFT 4;El Valle;2009;26,76418;USD3.65
Costa Rica;ENFT 4;Enriquillo;2009;30,727519;USD3.65
Costa Rica;ENFT 4;Higuamo;2009;22,05868;USD3.65
Costa Rica;ENFT 4;Yuma;2009;15,888803;USD3.65
Costa Rica;ENFT 4;National;2010;16,707173;USD3.65
Costa Rica;ENFT 4;Ozama;2010;13,08245;USD3.65
Costa Rica;ENFT 4;Cibao Norte;2010;13,220585;USD3.65
Costa Rica;ENFT 4;Cibao Sur;2010;13,053021;USD3.65
Costa Rica;ENFT 4;Cibao Nordeste;2010;18,601644;USD3.65
Costa Rica;ENFT 4;Cibao Noroeste;2010;24,602887;USD3.65
Costa Rica;ENFT 4;Valdesia;2010;21,655624;USD3.65
Costa Rica;ENFT 4;El Valle;2010;35,985414;USD3.65
Costa Rica;ENFT 4;Enriquillo;2010;30,154883;USD3.65
Costa Rica;ENFT 4;Higuamo;2010;19,517023;USD3.65
Costa Rica;ENFT 4;Yuma;2010;13,991604;USD3.65
Costa Rica;ENFT 4;National;2011;13,739577;USD3.65
Costa Rica;ENFT 4;Ozama;2011;8,5637698;USD3.65
Costa Rica;ENFT 4;Cibao Norte;2011;10,308037;USD3.65
Costa Rica;ENFT 4;Cibao Sur;2011;13,278056;USD3.65
Costa Rica;ENFT 4;Cibao Nordeste;2011;13,641368;USD3.65
Costa Rica;ENFT 4;Cibao Noroeste;2011;22,521803;USD3.65
Costa Rica;ENFT 4;Valdesia;2011;21,581078;USD3.65
Costa Rica;ENFT 4;El Valle;2011;26,574186;USD3.65
Costa Rica;ENFT 4;Enriquillo;2011;30,372293;USD3.65
Costa Rica;ENFT 4;Higuamo;2011;18,202042;USD3.65
Costa Rica;ENFT 4;Yuma;2011;12,33467;USD3.65
Costa Rica;ENFT 4;National;2012;14,299748;USD3.65
Costa Rica;ENFT 4;Ozama;2012;10,062489;USD3.65
Costa Rica;ENFT 4;Cibao Norte;2012;10,662847;USD3.65
Costa Rica;ENFT 4;Cibao Sur;2012;14,752402;USD3.65
Costa Rica;ENFT 4;Cibao Nordeste;2012;16,504054;USD3.65
Costa Rica;ENFT 4;Cibao Noroeste;2012;22,525739;USD3.65
Costa Rica;ENFT 4;Valdesia;2012;21,309727;USD3.65
Costa Rica;ENFT 4;El Valle;2012;28,072342;USD3.65
Costa Rica;ENFT 4;Enriquillo;2012;27,881605;USD3.65
Costa Rica;ENFT 4;Higuamo;2012;15,91261;USD3.65
Costa Rica;ENFT 4;Yuma;2012;11,004958;USD3.65
Costa Rica;ENFT 4;National;2013;13,717524;USD3.65
Costa Rica;ENFT 4;Ozama;2013;9,6923976;USD3.65
Costa Rica;ENFT 4;Cibao Norte;2013;8,8823995;USD3.65
Costa Rica;ENFT 4;Cibao Sur;2013;12,827434;USD3.65
Costa Rica;ENFT 4;Cibao Nordeste;2013;13,863155;USD3.65
Costa Rica;ENFT 4;Cibao Noroeste;2013;20,384383;USD3.65
Costa Rica;ENFT 4;Valdesia;2013;18,278112;USD3.65
Costa Rica;ENFT 4;El Valle;2013;29,340827;USD3.65
Costa Rica;ENFT 4;Enriquillo;2013;29,085778;USD3.65
Costa Rica;ENFT 4;Higuamo;2013;20,21658;USD3.65
Costa Rica;ENFT 4;Yuma;2013;14,886442;USD3.65
Costa Rica;ENFT 4;National;2014;10,938219;USD3.65
Costa Rica;ENFT 4;Ozama;2014;7,4015715;USD3.65
Costa Rica;ENFT 4;Cibao Norte;2014;7,2037105;USD3.65
Costa Rica;ENFT 4;Cibao Sur;2014;10,188119;USD3.65
Costa Rica;ENFT 4;Cibao Nordeste;2014;12,836293;USD3.65
Costa Rica;ENFT 4;Cibao Noroeste;2014;18,668305;USD3.65
Costa Rica;ENFT 4;Valdesia;2014;12,147435;USD3.65
Costa Rica;ENFT 4;El Valle;2014;30,493587;USD3.65
Costa Rica;ENFT 4;Enriquillo;2014;25,689264;USD3.65
Costa Rica;ENFT 4;Higuamo;2014;11,571702;USD3.65
Costa Rica;ENFT 4;Yuma;2014;13,784564;USD3.65
Costa Rica;ENFT 4;National;2015;8,8373492;USD3.65
Costa Rica;ENFT 4;Ozama;2015;6,0433345;USD3.65
Costa Rica;ENFT 4;Cibao Norte;2015;4,621294;USD3.65
Costa Rica;ENFT 4;Cibao Sur;2015;5,3189036;USD3.65
Costa Rica;ENFT 4;Cibao Nordeste;2015;9,9638819;USD3.65
Costa Rica;ENFT 4;Cibao Noroeste;2015;13,980274;USD3.65
Costa Rica;ENFT 4;Valdesia;2015;11,739563;USD3.65
Costa Rica;ENFT 4;El Valle;2015;24,356163;USD3.65
Costa Rica;ENFT 4;Enriquillo;2015;25,452612;USD3.65
Costa Rica;ENFT 4;Higuamo;2015;11,08962;USD3.65
Costa Rica;ENFT 4;Yuma;2015;10,965346;USD3.65
Costa Rica;ENFT 4;National;2016;8,0499105;USD3.65
Costa Rica;ENFT 4;Ozama;2016;5,9516961;USD3.65
Costa Rica;ENFT 4;Cibao Norte;2016;4,1626652;USD3.65
Costa Rica;ENFT 4;Cibao Sur;2016;7,3776887;USD3.65
Costa Rica;ENFT 4;Cibao Nordeste;2016;6,5445378;USD3.65
Costa Rica;ENFT 4;Cibao Noroeste;2016;12,100982;USD3.65
Costa Rica;ENFT 4;Valdesia;2016;10,622434;USD3.65
Costa Rica;ENFT 4;El Valle;2016;15,496565;USD3.65
Costa Rica;ENFT 4;Enriquillo;2016;23,348315;USD3.65
Costa Rica;ENFT 4;Higuamo;2016;13,471073;USD3.65
Costa Rica;ENFT 4;Yuma;2016;7,9049933;USD3.65
Costa Rica;ENFT 4;National;2016;6,0644766;USD3.65
Costa Rica;ENFT 4;Ozama;2016;5,3479182;USD3.65
Costa Rica;ENFT 4;Cibao Norte;2016;4,2622663;USD3.65
Costa Rica;ENFT 4;Cibao Sur;2016;2,6226772;USD3.65
Costa Rica;ENFT 4;Cibao Nordeste;2016;1,8479134;USD3.65
Costa Rica;ENFT 4;Cibao Noroeste;2016;14,144389;USD3.65
Costa Rica;ENFT 4;Valdesia;2016;7,6220403;USD3.65
Costa Rica;ENFT 4;El Valle;2016;8,6326568;USD3.65
Costa Rica;ENFT 4;Enriquillo;2016;13,205754;USD3.65
Costa Rica;ENFT 4;Higuamo;2016;9,7950709;USD3.65
Costa Rica;ENFT 4;Yuma;2016;6,2723324;USD3.65
Costa Rica;ENFT 4;National;2017;5,3680276;USD3.65
Costa Rica;ENFT 4;Ozama;2017;5,6305155;USD3.65
Costa Rica;ENFT 4;Cibao Norte;2017;4,0765512;USD3.65
Costa Rica;ENFT 4;Cibao Sur;2017;2,0074776;USD3.65
Costa Rica;ENFT 4;Cibao Nordeste;2017;2,7630628;USD3.65
Costa Rica;ENFT 4;Cibao Noroeste;2017;12,551392;USD3.65
Costa Rica;ENFT 4;Valdesia;2017;5,2007338;USD3.65
Costa Rica;ENFT 4;El Valle;2017;6,4377965;USD3.65
Costa Rica;ENFT 4;Enriquillo;2017;9,8768067;USD3.65
Costa Rica;ENFT 4;Higuamo;2017;6,9789462;USD3.65
Costa Rica;ENFT 4;Yuma;2017;4,5886423;USD3.65
Costa Rica;ENFT 4;National;2018;4,2007689;USD3.65
Costa Rica;ENFT 4;Ozama;2018;3,7711642;USD3.65
Costa Rica;ENFT 4;Cibao Norte;2018;3,4987521;USD3.65
Costa Rica;ENFT 4;Cibao Sur;2018;3,294013;USD3.65
Costa Rica;ENFT 4;Cibao Nordeste;2018;1,209117;USD3.65
Costa Rica;ENFT 4;Cibao Noroeste;2018;4,7682807;USD3.65
Costa Rica;ENFT 4;Valdesia;2018;5,4864864;USD3.65
Costa Rica;ENFT 4;El Valle;2018;8,34009;USD3.65
Costa Rica;ENFT 4;Enriquillo;2018;9,9303081;USD3.65
Costa Rica;ENFT 4;Higuamo;2018;5,0310945;USD3.65
Costa Rica;ENFT 4;Yuma;2018;3,9981932;USD3.65
Costa Rica;ENFT 4;National;2019;3,5359498;USD3.65
Costa Rica;ENFT 4;Ozama;2019;4,0062455;USD3.65
Costa Rica;ENFT 4;Cibao Norte;2019;2,2029046;USD3.65
Costa Rica;ENFT 4;Cibao Sur;2019;2,3096608;USD3.65
Costa Rica;ENFT 4;Cibao Nordeste;2019;1,4325002;USD3.65
Costa Rica;ENFT 4;Cibao Noroeste;2019;3,510092;USD3.65
Costa Rica;ENFT 4;Valdesia;2019;4,9684419;USD3.65
Costa Rica;ENFT 4;El Valle;2019;1,1421382;USD3.65
Costa Rica;ENFT 4;Enriquillo;2019;9,6425677;USD3.65
Costa Rica;ENFT 4;Higuamo;2019;3,5858901;USD3.65
Costa Rica;ENFT 4;Yuma;2019;2,5717588;USD3.65
Costa Rica;ENFT 4;National;2020;5,175084;USD3.65
Costa Rica;ENFT 4;Ozama;2020;5,462348;USD3.65
Costa Rica;ENFT 4;Cibao Norte;2020;3,7216517;USD3.65
Costa Rica;ENFT 4;Cibao Sur;2020;4,8615605;USD3.65
Costa Rica;ENFT 4;Cibao Nordeste;2020;1,8707776;USD3.65
Costa Rica;ENFT 4;Cibao Noroeste;2020;9,7145059;USD3.65
Costa Rica;ENFT 4;Valdesia;2020;3,7260602;USD3.65
Costa Rica;ENFT 4;El Valle;2020;2,3414247;USD3.65
Costa Rica;ENFT 4;Enriquillo;2020;4,7341038;USD3.65
Costa Rica;ENFT 4;Higuamo;2020;9,0280167;USD3.65
Costa Rica;ENFT 4;Yuma;2020;8,0281092;USD3.65
Costa Rica;ENFT 4;National;2021;4,3445675;USD3.65
Costa Rica;ENFT 4;Ozama;2021;4,477946;USD3.65
Costa Rica;ENFT 4;Cibao Norte;2021;3,0127038;USD3.65
Costa Rica;ENFT 4;Cibao Sur;2021;2,4490089;USD3.65
Costa Rica;ENFT 4;Cibao Nordeste;2021;0,0;USD3.65
Costa Rica;ENFT 4;Cibao Noroeste;2021;1,8692791;USD3.65
Costa Rica;ENFT 4;Valdesia;2021;6,1235793;USD3.65
Costa Rica;ENFT 4;El Valle;2021;9,4456948;USD3.65
Costa Rica;ENFT 4;Enriquillo;2021;11,782759;USD3.65
Costa Rica;ENFT 4;Higuamo;2021;6,2756123;USD3.65
Costa Rica;ENFT 4;Yuma;2021;3,6074375;USD3.65
Costa Rica;ENFT 4;National;2022;4,0;USD3.65
Costa Rica;ENFT 4;Ozama;2022;4,8;USD3.65
Costa Rica;ENFT 4;Cibao Norte;2022;1,9;USD3.65
Costa Rica;ENFT 4;Cibao Sur;2022;2,6;USD3.65
Costa Rica;ENFT 4;Cibao Nordeste;2022;0,3;USD3.65
Costa Rica;ENFT 4;Cibao Noroeste;2022;4,4;USD3.65
Costa Rica;ENFT 4;Valdesia;2022;5,2;USD3.65
Costa Rica;ENFT 4;El Valle;2022;9,1;USD3.65
Costa Rica;ENFT 4;Enriquillo;2022;9,5;USD3.65
Costa Rica;ENFT 4;Higuamo;2022;2,6;USD3.65
Costa Rica;ENFT 4;Yuma;2022;3,5;USD3.65
Ecuador;ENEMDU;National;2003;30,734844;USD3.65
Ecuador;ENEMDU;Costa;2003;25,901265;USD3.65
Ecuador;ENEMDU;Sierra;2003;33,925766;USD3.65
Ecuador;ENEMDU;Oriente;2003;44,322508;USD3.65
Ecuador;ENEMDU;National;2004;32,353751;USD3.65
Ecuador;ENEMDU;Costa;2004;29,006113;USD3.65
Ecuador;ENEMDU;Sierra;2004;33,714076;USD3.65
Ecuador;ENEMDU;Oriente;2004;49,560201;USD3.65
Ecuador;ENEMDU;National;2005;25,504349;USD3.65
Ecuador;ENEMDU;Costa;2005;23,969496;USD3.65
Ecuador;ENEMDU;Sierra;2005;25,329169;USD3.65
Ecuador;ENEMDU;Oriente;2005;41,727384;USD3.65
Ecuador;ENEMDU;National;2006;20,139406;USD3.65
Ecuador;ENEMDU;Costa;2006;17,723371;USD3.65
Ecuador;ENEMDU;Sierra;2006;21,108665;USD3.65
Ecuador;ENEMDU;Oriente;2006;32,589465;USD3.65
Ecuador;ENEMDU;National;2007;19,582285;USD3.65
Ecuador;ENEMDU;Costa;2007;18,094915;USD3.65
Ecuador;ENEMDU;Sierra;2007;18,913008;USD3.65
Ecuador;ENEMDU;Oriente;2007;40,323819;USD3.65
Ecuador;ENEMDU;National;2008;18,528873;USD3.65
Ecuador;ENEMDU;Costa;2008;18,450879;USD3.65
Ecuador;ENEMDU;Sierra;2008;17,108065;USD3.65
Ecuador;ENEMDU;Oriente;2008;33,600265;USD3.65
Ecuador;ENEMDU;National;2009;17,699389;USD3.65
Ecuador;ENEMDU;Costa;2009;18,088071;USD3.65
Ecuador;ENEMDU;Sierra;2009;15,454765;USD3.65
Ecuador;ENEMDU;Oriente;2009;37,211495;USD3.65
Ecuador;ENEMDU;National;2010;15,132233;USD3.65
Ecuador;ENEMDU;Costa;2010;15,630023;USD3.65
Ecuador;ENEMDU;Sierra;2010;13,175719;USD3.65
Ecuador;ENEMDU;Oriente;2010;30,297134;USD3.65
Ecuador;ENEMDU;National;2011;12,318237;USD3.65
Ecuador;ENEMDU;Costa;2011;13,686781;USD3.65
Ecuador;ENEMDU;Sierra;2011;9,3175064;USD3.65
Ecuador;ENEMDU;Oriente;2011;30,100066;USD3.65
Ecuador;ENEMDU;National;2012;11,663498;USD3.65
Ecuador;ENEMDU;Costa;2012;13,021353;USD3.65
Ecuador;ENEMDU;Sierra;2012;8,9680632;USD3.65
Ecuador;ENEMDU;Oriente;2012;26,841402;USD3.65
Ecuador;ENEMDU;National;2013;10,179194;USD3.65
Ecuador;ENEMDU;Costa;2013;8,9281006;USD3.65
Ecuador;ENEMDU;Sierra;2013;10,140954;USD3.65
Ecuador;ENEMDU;Oriente;2013;20,622603;USD3.65
Ecuador;ENEMDU;National;2014;8,6865379;USD3.65
Ecuador;ENEMDU;Costa;2014;6,9162129;USD3.65
Ecuador;ENEMDU;Sierra;2014;8,6830723;USD3.65
Ecuador;ENEMDU;Oriente;2014;23,947844;USD3.65
Ecuador;ENEMDU;Insular;2014;0,81772891;USD3.65
Ecuador;ENEMDU;National;2015;9,5398682;USD3.65
Ecuador;ENEMDU;Costa;2015;8,6078967;USD3.65
Ecuador;ENEMDU;Sierra;2015;8,2943114;USD3.65
Ecuador;ENEMDU;Oriente;2015;29,244393;USD3.65
Ecuador;ENEMDU;Insular;2015;0,23497029;USD3.65
Ecuador;ENEMDU;National;2016;9,543384;USD3.65
Ecuador;ENEMDU;Costa;2016;9,108523;USD3.65
Ecuador;ENEMDU;Sierra;2016;7,9083729;USD3.65
Ecuador;ENEMDU;Oriente;2016;28,469685;USD3.65
Ecuador;ENEMDU;Insular;2016;0,60456711;USD3.65
Ecuador;ENEMDU;National;2017;8,8838526;USD3.65
Ecuador;ENEMDU;Costa;2017;8,6785447;USD3.65
Ecuador;ENEMDU;Sierra;2017;7,1860003;USD3.65
Ecuador;ENEMDU;Oriente;2017;26,368325;USD3.65
Ecuador;ENEMDU;National;2018;9,706987;USD3.65
Ecuador;ENEMDU;Costa;2018;8,6206019;USD3.65
Ecuador;ENEMDU;Sierra;2018;8,7280422;USD3.65
Ecuador;ENEMDU;Oriente;2018;27,401659;USD3.65
Ecuador;ENEMDU;National;2019;9,8814227;USD3.65
Ecuador;ENEMDU;Costa;2019;9,2099166;USD3.65
Ecuador;ENEMDU;Sierra;2019;8,7441998;USD3.65
Ecuador;ENEMDU;Oriente;2019;25,917229;USD3.65
Ecuador;ENEMDU;Insular;2019;0,39159299;USD3.65
Ecuador;ENEMDU;National;2020;14,386576;USD3.65
Ecuador;ENEMDU;Costa;2020;9,9166126;USD3.65
Ecuador;ENEMDU;Sierra;2020;10,470022;USD3.65
Ecuador;ENEMDU;Oriente;2020;46,266306;USD3.65
Ecuador;ENEMDU;National;2021;10,911194;USD3.65
Ecuador;ENEMDU;Costa;2021;5,9250209;USD3.65
Ecuador;ENEMDU;Sierra;2021;7,4670954;USD3.65
Ecuador;ENEMDU;Oriente;2021;42,250718;USD3.65
Ecuador;ENEMDU;Insular;2021;0,64383778;USD3.65
Ecuador;ENEMDU;National;2022;9,4800469;USD3.65
Ecuador;ENEMDU;Costa;2022;5,0387763;USD3.65
Ecuador;ENEMDU;Sierra;2022;6,2508056;USD3.65
Ecuador;ENEMDU;Oriente;2022;37,87676;USD3.65
Ecuador;ENEMDU;Insular;2022;1,9715795;USD3.65
Ecuador;ENEMDU;National;2023;10,308997;USD3.65
Ecuador;ENEMDU;Costa;2023;5,6959924;USD3.65
Ecuador;ENEMDU;Sierra;2023;5,6432338;USD3.65
Ecuador;ENEMDU;Oriente;2023;40,111345;USD3.65
El Salvador;;National;2000;25,69553;USD3.65
El Salvador;;Occidental;2000;35,751549;USD3.65
El Salvador;;Central 1;2000;27,479559;USD3.65
El Salvador;;Central 2;2000;36,872385;USD3.65
El Salvador;;Oriental;2000;36,427302;USD3.65
El Salvador;;AMSS;2000;7,3179063;USD3.65
El Salvador;;National;2001;27,469415;USD3.65
El Salvador;;Occidental;2001;36,20315;USD3.65
El Salvador;;Central 1;2001;28,437556;USD3.65
El Salvador;;Central 2;2001;40,778801;USD3.65
El Salvador;;Oriental;2001;36,788368;USD3.65
El Salvador;;AMSS;2001;10,901964;USD3.65
El Salvador;;National;2002;27,691485;USD3.65
El Salvador;;Occidental;2002;35,956654;USD3.65
El Salvador;;Central 1;2002;29,742737;USD3.65
El Salvador;;Central 2;2002;40,94446;USD3.65
El Salvador;;Oriental;2002;36,918426;USD3.65
El Salvador;;AMSS;2002;11,058816;USD3.65
El Salvador;;National;2003;28,420849;USD3.65
El Salvador;;Occidental;2003;36,982781;USD3.65
El Salvador;;Central 1;2003;30,200778;USD3.65
El Salvador;;Central 2;2003;43,086774;USD3.65
El Salvador;;Oriental;2003;38,907623;USD3.65
El Salvador;;AMSS;2003;10,588907;USD3.65
El Salvador;;National;2004;24,094021;USD3.65
El Salvador;;Occidental;2004;29,573691;USD3.65
El Salvador;;Central 1;2004;23,341886;USD3.65
El Salvador;;Central 2;2004;37,542473;USD3.65
El Salvador;;Oriental;2004;32,844868;USD3.65
El Salvador;;AMSS;2004;9,9937838;USD3.65
El Salvador;;National;2005;24,237814;USD3.65
El Salvador;;Occidental;2005;30,997562;USD3.65
El Salvador;;Central 1;2005;24,667598;USD3.65
El Salvador;;Central 2;2005;35,872366;USD3.65
El Salvador;;Oriental;2005;31,040098;USD3.65
El Salvador;;AMSS;2005;11,999223;USD3.65
El Salvador;;National;2006;20,963594;USD3.65
El Salvador;;Occidental;2006;28,151738;USD3.65
El Salvador;;Central 1;2006;22,311116;USD3.65
El Salvador;;Central 2;2006;29,32263;USD3.65
El Salvador;;Oriental;2006;27,573287;USD3.65
El Salvador;;AMSS;2006;9,0188109;USD3.65
El Salvador;;National;2007;16,753447;USD3.65
El Salvador;;Occidental;2007;19,28688;USD3.65
El Salvador;;Central 1;2007;16,894944;USD3.65
El Salvador;;Central 2;2007;25,211261;USD3.65
El Salvador;;Oriental;2007;24,703479;USD3.65
El Salvador;;AMSS;2007;5,1626528;USD3.65
El Salvador;;National;2008;21,329204;USD3.65
El Salvador;;Occidental;2008;26,063693;USD3.65
El Salvador;;Central 1;2008;23,928003;USD3.65
El Salvador;;Central 2;2008;32,306177;USD3.65
El Salvador;;Oriental;2008;27,909945;USD3.65
El Salvador;;AMSS;2008;6,480872;USD3.65
El Salvador;;National;2009;20,711319;USD3.65
El Salvador;;Occidental;2009;26,345818;USD3.65
El Salvador;;Central 1;2009;22,761815;USD3.65
El Salvador;;Central 2;2009;26,989615;USD3.65
El Salvador;;Oriental;2009;27,589563;USD3.65
El Salvador;;AMSS;2009;7,4632444;USD3.65
El Salvador;;National;2010;19,857965;USD3.65
El Salvador;;Occidental;2010;26,536339;USD3.65
El Salvador;;Central 1;2010;20,786584;USD3.65
El Salvador;;Central 2;2010;24,088855;USD3.65
El Salvador;;Oriental;2010;27,126881;USD3.65
El Salvador;;AMSS;2010;6,4972982;USD3.65
El Salvador;;National;2011;18,394162;USD3.65
El Salvador;;Occidental;2011;23,922012;USD3.65
El Salvador;;Central 1;2011;19,146014;USD3.65
El Salvador;;Central 2;2011;23,217001;USD3.65
El Salvador;;Oriental;2011;24,469484;USD3.65
El Salvador;;AMSS;2011;6,7275477;USD3.65
El Salvador;;National;2012;16,074549;USD3.65
El Salvador;;Occidental;2012;19,36159;USD3.65
El Salvador;;Central 1;2012;17,052436;USD3.65
El Salvador;;Central 2;2012;22,044521;USD3.65
El Salvador;;Oriental;2012;23,075494;USD3.65
El Salvador;;AMSS;2012;5,3916752;USD3.65
El Salvador;;National;2013;14,237723;USD3.65
El Salvador;;Occidental;2013;17,524729;USD3.65
El Salvador;;Central 1;2013;14,908309;USD3.65
El Salvador;;Central 2;2013;20,859851;USD3.65
El Salvador;;Oriental;2013;18,94946;USD3.65
El Salvador;;AMSS;2013;5,0214978;USD3.65
El Salvador;;National;2014;13,744939;USD3.65
El Salvador;;Occidental;2014;16,486342;USD3.65
El Salvador;;Central 1;2014;14,926253;USD3.65
El Salvador;;Central 2;2014;20,472619;USD3.65
El Salvador;;Oriental;2014;19,198104;USD3.65
El Salvador;;AMSS;2014;4,0108573;USD3.65
El Salvador;;National;2015;11,471304;USD3.65
El Salvador;;Occidental;2015;14,423325;USD3.65
El Salvador;;Central 1;2015;11,171461;USD3.65
El Salvador;;Central 2;2015;16,889884;USD3.65
El Salvador;;Oriental;2015;16,332322;USD3.65
El Salvador;;AMSS;2015;3,5231333;USD3.65
El Salvador;;National;2016;11,96315;USD3.65
El Salvador;;Occidental;2016;15,562671;USD3.65
El Salvador;;Central 1;2016;12,715797;USD3.65
El Salvador;;Central 2;2016;15,148952;USD3.65
El Salvador;;Oriental;2016;16,899093;USD3.65
El Salvador;;AMSS;2016;3,5000588;USD3.65
El Salvador;;National;2017;9,6713148;USD3.65
El Salvador;;Occidental;2017;11,512457;USD3.65
El Salvador;;Central 1;2017;10,444959;USD3.65
El Salvador;;Central 2;2017;11,973499;USD3.65
El Salvador;;Oriental;2017;13,675598;USD3.65
El Salvador;;AMSS;2017;3,3018651;USD3.65
El Salvador;;National;2018;8,9516013;USD3.65
El Salvador;;Occidental;2018;12,75989;USD3.65
El Salvador;;Central 1;2018;8,9272407;USD3.65
El Salvador;;Central 2;2018;10,408287;USD3.65
El Salvador;;Oriental;2018;11,593857;USD3.65
El Salvador;;AMSS;2018;3,2599388;USD3.65
El Salvador;;National;2019;6,5912574;USD3.65
El Salvador;;Occidental;2019;7,9900786;USD3.65
El Salvador;;Central 1;2019;6,095591;USD3.65
El Salvador;;Central 2;2019;9,5866459;USD3.65
El Salvador;;Oriental;2019;10,045458;USD3.65
El Salvador;;AMSS;2019;1,9596271;USD3.65
El Salvador;;National;2021;8,7138048;USD3.65
El Salvador;;Occidental;2021;11,495289;USD3.65
El Salvador;;Central 1;2021;7,8073194;USD3.65
El Salvador;;Central 2;2021;13,576422;USD3.65
El Salvador;;Oriental;2021;11,51777;USD3.65
El Salvador;;AMSS;2021;2,7260004;USD3.65
El Salvador;;National;2022;8,6418217;USD3.65
El Salvador;;Occidental;2022;10,525064;USD3.65
El Salvador;;Central 1;2022;7,4786079;USD3.65
El Salvador;;Central 2;2022;11,86729;USD3.65
El Salvador;;Oriental;2022;12,1261;USD3.65
El Salvador;;AMSS;2022;3,8266146;USD3.65
Guatemala;ENCOVI;National;2000;23,433428;USD3.65
Guatemala;ENCOVI;Urbano Metropolitano;2000;4,241857;USD3.65
Guatemala;ENCOVI;Resto Urbano;2000;15,982862;USD3.65
Guatemala;ENCOVI;Resto Rural;2000;31,50975;USD3.65
Guatemala;ENCOVI;National;2006;25,237121;USD3.65
Guatemala;ENCOVI;Urbano Metropolitano;2006;2,0508368;USD3.65
Guatemala;ENCOVI;Resto Urbano;2006;16,668714;USD3.65
Guatemala;ENCOVI;Resto Rural;2006;38,75241;USD3.65
Guatemala;ENCOVI;National;2011;28,459634;USD3.65
Guatemala;ENCOVI;Urbano Metropolitano;2011;4,3837378;USD3.65
Guatemala;ENCOVI;Resto Urbano;2011;23,869257;USD3.65
Guatemala;ENCOVI;Resto Rural;2011;39,820592;USD3.65
Guatemala;ENCOVI;National;2014;25,860234;USD3.65
Guatemala;ENCOVI;Urbano Metropolitano;2014;3,6706812;USD3.65
Guatemala;ENCOVI;Resto Urbano;2014;19,77705;USD3.65
Guatemala;ENCOVI;Resto Rural;2014;37,613003;USD3.65
Honduras;INE;National;2001;33,982582;USD3.65
Honduras;INE;Metropolitana;2001;8,2344785;USD3.65
Honduras;INE;Norte;2001;26,569418;USD3.65
Honduras;INE;Occidente;2001;56,413365;USD3.65
Honduras;INE;Sur;2001;40,151724;USD3.65
Honduras;INE;Oriente;2001;47,934498;USD3.65
Honduras;INE;Central;2001;51,734309;USD3.65
Honduras;INE;National;2002;38,044086;USD3.65
Honduras;INE;Metropolitana;2002;10,467613;USD3.65
Honduras;INE;Norte;2002;32,46876;USD3.65
Honduras;INE;Occidente;2002;62,062925;USD3.65
Honduras;INE;Sur;2002;53,994698;USD3.65
Honduras;INE;Oriente;2002;42,036043;USD3.65
Honduras;INE;Central;2002;49,580877;USD3.65
Honduras;INE;National;2003;43,273311;USD3.65
Honduras;INE;Metropolitana;2003;13,626174;USD3.65
Honduras;INE;Norte;2003;35,501866;USD3.65
Honduras;INE;Occidente;2003;63,904636;USD3.65
Honduras;INE;Sur;2003;50,917239;USD3.65
Honduras;INE;Oriente;2003;58,0894;USD3.65
Honduras;INE;Central;2003;59,04048;USD3.65
Honduras;INE;National;2004;42,018093;USD3.65
Honduras;INE;Metropolitana;2004;14,279537;USD3.65
Honduras;INE;Norte;2004;33,585954;USD3.65
Honduras;INE;Occidente;2004;63,99226;USD3.65
Honduras;INE;Sur;2004;52,478364;USD3.65
Honduras;INE;Oriente;2004;56,490608;USD3.65
Honduras;INE;Central;2004;54,991796;USD3.65
Honduras;INE;National;2005;39,848818;USD3.65
Honduras;INE;Metropolitana;2005;11,091775;USD3.65
Honduras;INE;Norte;2005;31,923645;USD3.65
Honduras;INE;Occidente;2005;58,291478;USD3.65
Honduras;INE;Sur;2005;49,03539;USD3.65
Honduras;INE;Oriente;2005;59,767372;USD3.65
Honduras;INE;Central;2005;51,87924;USD3.65
Honduras;INE;National;2006;35,064135;USD3.65
Honduras;INE;Metropolitana;2006;8,0773019;USD3.65
Honduras;INE;Norte;2006;25,266742;USD3.65
Honduras;INE;Occidente;2006;58,746511;USD3.65
Honduras;INE;Sur;2006;46,311218;USD3.65
Honduras;INE;Oriente;2006;50,485977;USD3.65
Honduras;INE;Central;2006;47,852503;USD3.65
Honduras;INE;National;2007;30,196115;USD3.65
Honduras;INE;Metropolitana;2007;5,357001;USD3.65
Honduras;INE;Norte;2007;22,168219;USD3.65
Honduras;INE;Occidente;2007;53,888024;USD3.65
Honduras;INE;Sur;2007;38,109943;USD3.65
Honduras;INE;Oriente;2007;41,25344;USD3.65
Honduras;INE;Central;2007;39,530872;USD3.65
Honduras;INE;National;2008;28,888931;USD3.65
Honduras;INE;Metropolitana;2008;7,1362399;USD3.65
Honduras;INE;Norte;2008;18,005734;USD3.65
Honduras;INE;Occidente;2008;52,560214;USD3.65
Honduras;INE;Sur;2008;38,925761;USD3.65
Honduras;INE;Oriente;2008;39,092518;USD3.65
Honduras;INE;Central;2008;39,152561;USD3.65
Honduras;INE;National;2009;25,687745;USD3.65
Honduras;INE;Metropolitana;2009;3,2610683;USD3.65
Honduras;INE;Norte;2009;16,532427;USD3.65
Honduras;INE;Occidente;2009;48,376161;USD3.65
Honduras;INE;Sur;2009;27,215543;USD3.65
Honduras;INE;Oriente;2009;39,123786;USD3.65
Honduras;INE;Central;2009;38,047509;USD3.65
Honduras;INE;National;2010;27,783341;USD3.65
Honduras;INE;Metropolitana;2010;4,6916354;USD3.65
Honduras;INE;Norte;2010;17,677757;USD3.65
Honduras;INE;Occidente;2010;44,957364;USD3.65
Honduras;INE;Sur;2010;41,312589;USD3.65
Honduras;INE;Oriente;2010;42,20842;USD3.65
Honduras;INE;Central;2010;41,364294;USD3.65
Honduras;INE;National;2011;28,060024;USD3.65
Honduras;INE;Metropolitana;2011;8,0279375;USD3.65
Honduras;INE;Norte;2011;20,227101;USD3.65
Honduras;INE;Occidente;2011;39,478968;USD3.65
Honduras;INE;Sur;2011;34,782402;USD3.65
Honduras;INE;Oriente;2011;41,952798;USD3.65
Honduras;INE;Central;2011;42,123885;USD3.65
Honduras;INE;National;2012;32,810433;USD3.65
Honduras;INE;Metropolitana;2012;10,25978;USD3.65
Honduras;INE;Norte;2012;29,374927;USD3.65
Honduras;INE;Occidente;2012;43,751175;USD3.65
Honduras;INE;Sur;2012;41,558628;USD3.65
Honduras;INE;Oriente;2012;46,470882;USD3.65
Honduras;INE;Central;2012;41,745105;USD3.65
Honduras;INE;National;2013;29,226548;USD3.65
Honduras;INE;Metropolitana;2013;8,843972;USD3.65
Honduras;INE;Norte;2013;23,201946;USD3.65
Honduras;INE;Occidente;2013;41,159367;USD3.65
Honduras;INE;Sur;2013;36,314459;USD3.65
Honduras;INE;Oriente;2013;48,156117;USD3.65
Honduras;INE;Central;2013;36,797019;USD3.65
Honduras;INE;National;2014;28,788208;USD3.65
Honduras;INE;Metropolitana;2014;8,4951682;USD3.65
Honduras;INE;Norte;2014;22,471604;USD3.65
Honduras;INE;Occidente;2014;53,340999;USD3.65
Honduras;INE;Sur;2014;26,297939;USD3.65
Honduras;INE;Oriente;2014;43,395711;USD3.65
Honduras;INE;Central;2014;41,879611;USD3.65
Honduras;INE;National;2015;28,571993;USD3.65
Honduras;INE;Metropolitana;2015;7,7778801;USD3.65
Honduras;INE;Norte;2015;21,763381;USD3.65
Honduras;INE;Occidente;2015;47,645618;USD3.65
Honduras;INE;Sur;2015;35,747029;USD3.65
Honduras;INE;Oriente;2015;42,932001;USD3.65
Honduras;INE;Central;2015;38,950573;USD3.65
Honduras;INE;National;2016;28,314154;USD3.65
Honduras;INE;Metropolitana;2016;6,7507132;USD3.65
Honduras;INE;Norte;2016;21,701896;USD3.65
Honduras;INE;Occidente;2016;52,819553;USD3.65
Honduras;INE;Sur;2016;35,124593;USD3.65
Honduras;INE;Oriente;2016;39,781949;USD3.65
Honduras;INE;Central;2016;43,348661;USD3.65
Honduras;INE;National;2017;27,505461;USD3.65
Honduras;INE;Metropolitana;2017;5,3604604;USD3.65
Honduras;INE;Norte;2017;21,852201;USD3.65
Honduras;INE;Occidente;2017;43,846569;USD3.65
Honduras;INE;Sur;2017;34,656885;USD3.65
Honduras;INE;Oriente;2017;43,648845;USD3.65
Honduras;INE;Central;2017;39,590909;USD3.65
Honduras;INE;National;2018;27,245783;USD3.65
Honduras;INE;Metropolitana;2018;7,0158428;USD3.65
Honduras;INE;Norte;2018;21,113303;USD3.65
Honduras;INE;Occidente;2018;48,186988;USD3.65
Honduras;INE;Sur;2018;29,707848;USD3.65
Honduras;INE;Oriente;2018;38,826868;USD3.65
Honduras;INE;Central;2018;32,951836;USD3.65
Honduras;INE;National;2019;26,4;USD3.65
Honduras;INE;Metropolitana;2019;7,5;USD3.65
Honduras;INE;Norte;2019;16,1;USD3.65
Honduras;INE;Occidente;2019;35,8;USD3.65
Honduras;INE;Sur;2019;25,0;USD3.65
Honduras;INE;Oriente;2019;34,6;USD3.65
Honduras;INE;Central;2019;33,6;USD3.65
Mexico;;National;1989;24,217048;USD3.65
Mexico;;Noroeste;1989;12,33233;USD3.65
Mexico;;Norte;1989;22,761627;USD3.65
Mexico;;Noreste;1989;11,682534;USD3.65
Mexico;;Centro-occidente;1989;28,793961;USD3.65
Mexico;;Centro-este;1989;21,541107;USD3.65
Mexico;;Sur;1989;35,432542;USD3.65
Mexico;;Oriente;1989;31,363541;USD3.65
Mexico;;Peninsula de Yucatan;1989;25,005567;USD3.65
Mexico;;National;1992;20,919777;USD3.65
Mexico;;Noroeste;1992;11,824374;USD3.65
Mexico;;Norte;1992;20,531312;USD3.65
Mexico;;Noreste;1992;6,4686996;USD3.65
Mexico;;Centro-occidente;1992;13,995521;USD3.65
Mexico;;Centro-este;1992;18,640043;USD3.65
Mexico;;Sur;1992;48,799828;USD3.65
Mexico;;Oriente;1992;25,18493;USD3.65
Mexico;;Peninsula de Yucatan;1992;23,054307;USD3.65
Mexico;;National;1994;21,739142;USD3.65
Mexico;;Noroeste;1994;12,365;USD3.65
Mexico;;Norte;1994;24,642646;USD3.65
Mexico;;Noreste;1994;6,8385478;USD3.65
Mexico;;Centro-occidente;1994;19,661685;USD3.65
Mexico;;Centro-este;1994;16,349068;USD3.65
Mexico;;Sur;1994;44,126336;USD3.65
Mexico;;Oriente;1994;36,974669;USD3.65
Mexico;;Peninsula de Yucatan;1994;20,226274;USD3.65
Mexico;;National;1996;32,055758;USD3.65
Mexico;;Noroeste;1996;15,257534;USD3.65
Mexico;;Norte;1996;30,755309;USD3.65
Mexico;;Noreste;1996;18,083291;USD3.65
Mexico;;Centro-occidente;1996;31,976102;USD3.65
Mexico;;Centro-este;1996;27,502379;USD3.65
Mexico;;Sur;1996;59,069589;USD3.65
Mexico;;Oriente;1996;43,116036;USD3.65
Mexico;;Peninsula de Yucatan;1996;41,497973;USD3.65
Mexico;;National;1998;30,611654;USD3.65
Mexico;;Noroeste;1998;17,257421;USD3.65
Mexico;;Norte;1998;25,487937;USD3.65
Mexico;;Noreste;1998;17,978619;USD3.65
Mexico;;Centro-occidente;1998;26,917111;USD3.65
Mexico;;Centro-este;1998;27,575555;USD3.65
Mexico;;Sur;1998;61,338218;USD3.65
Mexico;;Oriente;1998;37,786644;USD3.65
Mexico;;Peninsula de Yucatan;1998;38,818937;USD3.65
Mexico;;National;2000;23,646424;USD3.65
Mexico;;Noroeste;2000;12,912647;USD3.65
Mexico;;Norte;2000;16,833957;USD3.65
Mexico;;Noreste;2000;9,5145017;USD3.65
Mexico;;Centro-occidente;2000;20,117528;USD3.65
Mexico;;Centro-este;2000;18,484026;USD3.65
Mexico;;Sur;2000;52,125783;USD3.65
Mexico;;Oriente;2000;39,975765;USD3.65
Mexico;;Peninsula de Yucatan;2000;35,339843;USD3.65
Mexico;;National;2002;20,632745;USD3.65
Mexico;;Noroeste;2002;13,00327;USD3.65
Mexico;;Norte;2002;16,690239;USD3.65
Mexico;;Noreste;2002;5,7508922;USD3.65
Mexico;;Centro-occidente;2002;15,661306;USD3.65
Mexico;;Centro-este;2002;15,334766;USD3.65
Mexico;;Sur;2002;46,87602;USD3.65
Mexico;;Oriente;2002;38,339215;USD3.65
Mexico;;Peninsula de Yucatan;2002;29,092428;USD3.65
Mexico;;National;2004;17,658032;USD3.65
Mexico;;Noroeste;2004;11,056107;USD3.65
Mexico;;Norte;2004;18,397937;USD3.65
Mexico;;Noreste;2004;6,7764848;USD3.65
Mexico;;Centro-occidente;2004;11,335937;USD3.65
Mexico;;Centro-este;2004;14,07486;USD3.65
Mexico;;Sur;2004;39,417465;USD3.65
Mexico;;Oriente;2004;32,141981;USD3.65
Mexico;;Peninsula de Yucatan;2004;15,13853;USD3.65
Mexico;;National;2005;17,752845;USD3.65
Mexico;;Noroeste;2005;10,561611;USD3.65
Mexico;;Norte;2005;16,047825;USD3.65
Mexico;;Noreste;2005;5,3714868;USD3.65
Mexico;;Centro-occidente;2005;17,734807;USD3.65
Mexico;;Centro-este;2005;13,882407;USD3.65
Mexico;;Sur;2005;37,778051;USD3.65
Mexico;;Oriente;2005;27,614789;USD3.65
Mexico;;Peninsula de Yucatan;2005;18,380599;USD3.65
Mexico;;National;2006;14,992516;USD3.65
Mexico;;Noroeste;2006;8,5239672;USD3.65
Mexico;;Norte;2006;12,357644;USD3.65
Mexico;;Noreste;2006;5,0396114;USD3.65
Mexico;;Centro-occidente;2006;14,629242;USD3.65
Mexico;;Centro-este;2006;10,920105;USD3.65
Mexico;;Sur;2006;37,244176;USD3.65
Mexico;;Oriente;2006;21,542647;USD3.65
Mexico;;Peninsula de Yucatan;2006;14,863411;USD3.65
Mexico;;National;2008;16,618162;USD3.65
Mexico;;Noroeste;2008;9,9424908;USD3.65
Mexico;;Norte;2008;15,683644;USD3.65
Mexico;;Noreste;2008;6,4136051;USD3.65
Mexico;;Centro-occidente;2008;14,571156;USD3.65
Mexico;;Centro-este;2008;13,17917;USD3.65
Mexico;;Sur;2008;39,026541;USD3.65
Mexico;;Oriente;2008;23,749683;USD3.65
Mexico;;Peninsula de Yucatan;2008;14,033165;USD3.65
Mexico;;National;2010;14,339867;USD3.65
Mexico;;Noroeste;2010;7,6259335;USD3.65
Mexico;;Norte;2010;14,716014;USD3.65
Mexico;;Noreste;2010;4,7978056;USD3.65
Mexico;;Centro-occidente;2010;12,217319;USD3.65
Mexico;;Centro-este;2010;10,889382;USD3.65
Mexico;;Sur;2010;37,323235;USD3.65
Mexico;;Oriente;2010;20,000193;USD3.65
Mexico;;Peninsula de Yucatan;2010;10,719827;USD3.65
Mexico;;National;2012;13,454025;USD3.65
Mexico;;Noroeste;2012;6,6809252;USD3.65
Mexico;;Norte;2012;11,152371;USD3.65
Mexico;;Noreste;2012;3,3632999;USD3.65
Mexico;;Centro-occidente;2012;14,47409;USD3.65
Mexico;;Centro-este;2012;10,956935;USD3.65
Mexico;;Sur;2012;31,87076;USD3.65
Mexico;;Oriente;2012;17,457868;USD3.65
Mexico;;Peninsula de Yucatan;2012;11,830621;USD3.65
Mexico;;National;2014;13,092414;USD3.65
Mexico;;Noroeste;2014;6,5406926;USD3.65
Mexico;;Norte;2014;12,404397;USD3.65
Mexico;;Noreste;2014;4,5568854;USD3.65
Mexico;;Centro-occidente;2014;9,8157309;USD3.65
Mexico;;Centro-este;2014;9,514198;USD3.65
Mexico;;Sur;2014;39,042871;USD3.65
Mexico;;Oriente;2014;17,411253;USD3.65
Mexico;;Peninsula de Yucatan;2014;10,662488;USD3.65
Mexico;;National;2016;8,8636687;USD3.65
Mexico;;Noroeste;2016;3,9484826;USD3.65
Mexico;;Norte;2016;7,8278273;USD3.65
Mexico;;Noreste;2016;3,5135765;USD3.65
Mexico;;Centro-occidente;2016;5,5887049;USD3.65
Mexico;;Centro-este;2016;6,0133272;USD3.65
Mexico;;Sur;2016;28,497295;USD3.65
Mexico;;Oriente;2016;14,81198;USD3.65
Mexico;;Peninsula de Yucatan;2016;6,9074177;USD3.65
Mexico;;National;2018;7,8296037;USD3.65
Mexico;;Noroeste;2018;3,1282747;USD3.65
Mexico;;Norte;2018;6,08458;USD3.65
Mexico;;Noreste;2018;3,6252178;USD3.65
Mexico;;Centro-occidente;2018;4,5380251;USD3.65
Mexico;;Centro-este;2018;4,7678329;USD3.65
Mexico;;Sur;2018;26,830228;USD3.65
Mexico;;Oriente;2018;15,016688;USD3.65
Mexico;;Peninsula de Yucatan;2018;6,6114226;USD3.65
Mexico;;National;2020;8,1882333;USD3.65
Mexico;;Noroeste;2020;3,0298385;USD3.65
Mexico;;Norte;2020;6,5970857;USD3.65
Mexico;;Noreste;2020;3,4931884;USD3.65
Mexico;;Centro-occidente;2020;4,6751744;USD3.65
Mexico;;Centro-este;2020;7,2249604;USD3.65
Mexico;;Sur;2020;22,101034;USD3.65
Mexico;;Oriente;2020;12,119795;USD3.65
Mexico;;Peninsula de Yucatan;2020;11,444853;USD3.65
Mexico;;National;2022;4,6922886;USD3.65
Mexico;;Noroeste;2022;1,7145138;USD3.65
Mexico;;Norte;2022;4,2111716;USD3.65
Mexico;;Noreste;2022;1,4781239;USD3.65
Mexico;;Centro-occidente;2022;2,6225169;USD3.65
Mexico;;Centro-este;2022;3,4041062;USD3.65
Mexico;;Sur;2022;15,593726;USD3.65
Mexico;;Oriente;2022;7,7284236;USD3.65
Mexico;;Peninsula de Yucatan;2022;3,5631627;USD3.65
Nicaragua;;National;1993;58,638043;USD3.65
Nicaragua;;Managua;1993;42,11799;USD3.65
Nicaragua;;Pacífico;1993;59,669874;USD3.65
Nicaragua;;Central ;1993;74,893046;USD3.65
Nicaragua;;Atlántico;1993;67,701689;USD3.65
Nicaragua;;National;1998;48,04275;USD3.65
Nicaragua;;Managua;1998;27,479583;USD3.65
Nicaragua;;Pacífico;1998;51,200623;USD3.65
Nicaragua;;Central ;1998;58,321726;USD3.65
Nicaragua;;Atlántico;1998;58,466144;USD3.65
Nicaragua;;National;2001;40,095339;USD3.65
Nicaragua;;Managua;2001;20,91747;USD3.65
Nicaragua;;Pacífico;2001;37,437872;USD3.65
Nicaragua;;Central ;2001;53,016313;USD3.65
Nicaragua;;Atlántico;2001;53,358296;USD3.65
Nicaragua;;National;2005;29,298917;USD3.65
Nicaragua;;Managua;2005;13,874137;USD3.65
Nicaragua;;Pacífico;2005;23,368618;USD3.65
Nicaragua;;Central ;2005;42,450935;USD3.65
Nicaragua;;Atlántico;2005;38,523052;USD3.65
Nicaragua;;National;2009;24,242998;USD3.65
Nicaragua;;Managua;2009;11,529263;USD3.65
Nicaragua;;Pacífico;2009;21,630819;USD3.65
Nicaragua;;Central ;2009;31,28014;USD3.65
Nicaragua;;Atlántico;2009;34,929927;USD3.65
Nicaragua;;National;2014;14,441279;USD3.65
Nicaragua;;Managua;2014;5,0140989;USD3.65
Nicaragua;;Pacífico;2014;11,198008;USD3.65
Nicaragua;;Central ;2014;20,287954;USD3.65
Nicaragua;;Atlántico;2014;19,728691;USD3.65
Panama;Without Implicit Rent;National;1989;31,810373;USD3.65
Panama;Without Implicit Rent;Oriental;1989;75,485961;USD3.65
Panama;Without Implicit Rent;Metropolitana;1989;19,451932;USD3.65
Panama;Without Implicit Rent;Central;1989;56,644023;USD3.65
Panama;Without Implicit Rent;Occidental;1989;32,509399;USD3.65
Panama;Without Implicit Rent;National;1991;28,893847;USD3.65
Panama;Without Implicit Rent;Oriental;1991;59,133622;USD3.65
Panama;Without Implicit Rent;Metropolitana;1991;19,718747;USD3.65
Panama;Without Implicit Rent;Central;1991;50,326312;USD3.65
Panama;Without Implicit Rent;Occidental;1991;25,320111;USD3.65
Panama;Without Implicit Rent;National;1995;22,782738;USD3.65
Panama;Without Implicit Rent;Oriental;1995;65,016574;USD3.65
Panama;Without Implicit Rent;Metropolitana;1995;12,035215;USD3.65
Panama;Without Implicit Rent;Central;1995;42,950733;USD3.65
Panama;Without Implicit Rent;Occidental;1995;26,860649;USD3.65
Panama;Without Implicit Rent;National;1997;21,84101;USD3.65
Panama;Without Implicit Rent;Oriental;1997;58,741227;USD3.65
Panama;Without Implicit Rent;Metropolitana;1997;13,358943;USD3.65
Panama;Without Implicit Rent;Central;1997;36,72153;USD3.65
Panama;Without Implicit Rent;Occidental;1997;26,251647;USD3.65
Panama;Without Implicit Rent;National;1998;21,898847;USD3.65
Panama;Without Implicit Rent;Oriental;1998;70,469667;USD3.65
Panama;Without Implicit Rent;Metropolitana;1998;12,193499;USD3.65
Panama;Without Implicit Rent;Central;1998;38,687351;USD3.65
Panama;Without Implicit Rent;Occidental;1998;26,734432;USD3.65
Panama;Without Implicit Rent;National;1999;19,69079;USD3.65
Panama;Without Implicit Rent;Oriental;1999;64,00119;USD3.65
Panama;Without Implicit Rent;Metropolitana;1999;10,466152;USD3.65
Panama;Without Implicit Rent;Central;1999;38,08848;USD3.65
Panama;Without Implicit Rent;Occidental;1999;20,709274;USD3.65
Panama;Without Implicit Rent;National;2000;18,298584;USD3.65
Panama;Without Implicit Rent;Oriental;2000;47,686293;USD3.65
Panama;Without Implicit Rent;Metropolitana;2000;10,782343;USD3.65
Panama;Without Implicit Rent;Central;2000;33,673945;USD3.65
Panama;Without Implicit Rent;Occidental;2000;20,710945;USD3.65
Panama;Without Implicit Rent;National;2001;22,914763;USD3.65
Panama;Without Implicit Rent;Oriental;2001;62,972231;USD3.65
Panama;Without Implicit Rent;Metropolitana;2001;13,208796;USD3.65
Panama;Without Implicit Rent;Central;2001;32,858208;USD3.65
Panama;Without Implicit Rent;Occidental;2001;33,944036;USD3.65
Panama;Without Implicit Rent;National;2002;19,614261;USD3.65
Panama;Without Implicit Rent;Oriental;2002;49,23131;USD3.65
Panama;Without Implicit Rent;Metropolitana;2002;11,346677;USD3.65
Panama;Without Implicit Rent;Central;2002;27,873872;USD3.65
Panama;Without Implicit Rent;Occidental;2002;30,369118;USD3.65
Panama;Without Implicit Rent;National;2003;18,857435;USD3.65
Panama;Without Implicit Rent;Oriental;2003;58,301628;USD3.65
Panama;Without Implicit Rent;Metropolitana;2003;10,141163;USD3.65
Panama;Without Implicit Rent;Central;2003;24,6968;USD3.65
Panama;Without Implicit Rent;Occidental;2003;31,59713;USD3.65
Panama;Without Implicit Rent;National;2004;17,641485;USD3.65
Panama;Without Implicit Rent;Oriental;2004;51,177774;USD3.65
Panama;Without Implicit Rent;Metropolitana;2004;8,8454354;USD3.65
Panama;Without Implicit Rent;Central;2004;25,428469;USD3.65
Panama;Without Implicit Rent;Occidental;2004;29,366038;USD3.65
Panama;Without Implicit Rent;National;2005;16,407041;USD3.65
Panama;Without Implicit Rent;Oriental;2005;43,253148;USD3.65
Panama;Without Implicit Rent;Metropolitana;2005;7,8727696;USD3.65
Panama;Without Implicit Rent;Central;2005;24,965857;USD3.65
Panama;Without Implicit Rent;Occidental;2005;28,173331;USD3.65
Panama;Without Implicit Rent;National;2006;17,407079;USD3.65
Panama;Without Implicit Rent;Oriental;2006;52,422119;USD3.65
Panama;Without Implicit Rent;Metropolitana;2006;8,3084034;USD3.65
Panama;Without Implicit Rent;Central;2006;23,34352;USD3.65
Panama;Without Implicit Rent;Occidental;2006;32,807712;USD3.65
Panama;Without Implicit Rent;National;2007;14,876364;USD3.65
Panama;Without Implicit Rent;Oriental;2007;44,41585;USD3.65
Panama;Without Implicit Rent;Metropolitana;2007;6,0309403;USD3.65
Panama;Without Implicit Rent;Central;2007;21,244641;USD3.65
Panama;Without Implicit Rent;Occidental;2007;30,215094;USD3.65
Panama;Without Implicit Rent;National;2008;13,258807;USD3.65
Panama;Without Implicit Rent;Oriental;2008;44,010509;USD3.65
Panama;Without Implicit Rent;Metropolitana;2008;4,7101395;USD3.65
Panama;Without Implicit Rent;Central;2008;18,897793;USD3.65
Panama;Without Implicit Rent;Occidental;2008;28,494527;USD3.65
Panama;With Implicit Rent;National;2008;10,519485;USD3.65
Panama;With Implicit Rent;Oriental;2008;42,581769;USD3.65
Panama;With Implicit Rent;Metropolitana;2008;3,052137;USD3.65
Panama;With Implicit Rent;Central;2008;13,170821;USD3.65
Panama;With Implicit Rent;Occidental;2008;25,308566;USD3.65
Panama;With Implicit Rent;National;2009;8,029662;USD3.65
Panama;With Implicit Rent;Oriental;2009;11,092281;USD3.65
Panama;With Implicit Rent;Metropolitana;2009;2,8143568;USD3.65
Panama;With Implicit Rent;Central;2009;10,718706;USD3.65
Panama;With Implicit Rent;Occidental;2009;20,772904;USD3.65
Panama;With Implicit Rent;National;2010;9,0679702;USD3.65
Panama;With Implicit Rent;Oriental;2010;43,853274;USD3.65
Panama;With Implicit Rent;Metropolitana;2010;2,9968762;USD3.65
Panama;With Implicit Rent;Central;2010;11,788577;USD3.65
Panama;With Implicit Rent;Occidental;2010;19,509458;USD3.65
Panama;With Implicit Rent;National;2011;7,2718473;USD3.65
Panama;With Implicit Rent;Oriental;2011;31,804578;USD3.65
Panama;With Implicit Rent;Metropolitana;2011;1,8458994;USD3.65
Panama;With Implicit Rent;Central;2011;7,2465765;USD3.65
Panama;With Implicit Rent;Occidental;2011;19,444437;USD3.65
Panama;With Implicit Rent;National;2012;8,6597187;USD3.65
Panama;With Implicit Rent;Oriental;2012;30,415496;USD3.65
Panama;With Implicit Rent;Metropolitana;2012;2,2661757;USD3.65
Panama;With Implicit Rent;Central;2012;6,9729005;USD3.65
Panama;With Implicit Rent;Occidental;2012;25,545134;USD3.65
Panama;With Implicit Rent;National;2013;7,0271169;USD3.65
Panama;With Implicit Rent;Oriental;2013;30,510826;USD3.65
Panama;With Implicit Rent;Metropolitana;2013;1,6933517;USD3.65
Panama;With Implicit Rent;Central;2013;6,7345569;USD3.65
Panama;With Implicit Rent;Occidental;2013;19,573636;USD3.65
Panama;With Implicit Rent;National;2014;7,4248786;USD3.65
Panama;With Implicit Rent;Oriental;2014;25,849022;USD3.65
Panama;With Implicit Rent;Metropolitana;2014;2,1459132;USD3.65
Panama;With Implicit Rent;Central;2014;6,1555868;USD3.65
Panama;With Implicit Rent;Occidental;2014;21,491593;USD3.65
Panama;With Implicit Rent;National;2015;5,570803;USD3.65
Panama;With Implicit Rent;Oriental;2015;21,269928;USD3.65
Panama;With Implicit Rent;Metropolitana;2015;1,3630918;USD3.65
Panama;With Implicit Rent;Central;2015;3,961865;USD3.65
Panama;With Implicit Rent;Occidental;2015;17,275793;USD3.65
Panama;With Implicit Rent;National;2016;5,8233209;USD3.65
Panama;With Implicit Rent;Oriental;2016;13,302981;USD3.65
Panama;With Implicit Rent;Metropolitana;2016;1,2044939;USD3.65
Panama;With Implicit Rent;Central;2016;4,0055569;USD3.65
Panama;With Implicit Rent;Occidental;2016;20,147369;USD3.65
Panama;With Implicit Rent;National;2017;5,3179165;USD3.65
Panama;With Implicit Rent;Oriental;2017;6,4793933;USD3.65
Panama;With Implicit Rent;Metropolitana;2017;1,714108;USD3.65
Panama;With Implicit Rent;Central;2017;4,6233972;USD3.65
Panama;With Implicit Rent;Occidental;2017;16,58479;USD3.65
Panama;With Implicit Rent;National;2018;4,4099715;USD3.65
Panama;With Implicit Rent;Oriental;2018;5,8889366;USD3.65
Panama;With Implicit Rent;Metropolitana;2018;0,94180839;USD3.65
Panama;With Implicit Rent;Central;2018;4,631545;USD3.65
Panama;With Implicit Rent;Occidental;2018;14,53678;USD3.65
Panama;With Implicit Rent;National;2019;3,7361362;USD3.65
Panama;With Implicit Rent;Oriental;2019;7,2511548;USD3.65
Panama;With Implicit Rent;Metropolitana;2019;0,89162841;USD3.65
Panama;With Implicit Rent;Central;2019;2,3535713;USD3.65
Panama;With Implicit Rent;Occidental;2019;13,127588;USD3.65
Panama;With Implicit Rent;National;2021;4,3202276;USD3.65
Panama;With Implicit Rent;Oriental;2021;11,124934;USD3.65
Panama;With Implicit Rent;Metropolitana;2021;1,4518351;USD3.65
Panama;With Implicit Rent;Central;2021;3,1549924;USD3.65
Panama;With Implicit Rent;Occidental;2021;13,28279;USD3.65
Panama;With Implicit Rent;National;2023;4,4063613;USD3.65
Panama;With Implicit Rent;Oriental;2023;13,011564;USD3.65
Panama;With Implicit Rent;Metropolitana;2023;0,82425919;USD3.65
Panama;With Implicit Rent;Central;2023;5,019948;USD3.65
Panama;With Implicit Rent;Occidental;2023;14,071514;USD3.65
Paraguay;;National;1995;23,497928;USD3.65
Paraguay;;Asuncion;1995;2,5532608;USD3.65
Paraguay;;Central Urbano;1995;3,1648086;USD3.65
Paraguay;;Central Rural;1995;5,485385;USD3.65
Paraguay;;Resto Urbano;1995;13,517918;USD3.65
Paraguay;;Resto Rural;1995;43,438656;USD3.65
Paraguay;;National;1997;20,361813;USD3.65
Paraguay;;Asuncion;1997;1,0971044;USD3.65
Paraguay;;Central Urbano;1997;2,7636588;USD3.65
Paraguay;;Central Rural;1997;2,7157669;USD3.65
Paraguay;;Resto Urbano;1997;15,621598;USD3.65
Paraguay;;Resto Rural;1997;37,545592;USD3.65
Paraguay;;National;1999;20,367469;USD3.65
Paraguay;;Asuncion;1999;1,4860382;USD3.65
Paraguay;;Central Urbano;1999;2,384513;USD3.65
Paraguay;;Central Rural;1999;9,074774;USD3.65
Paraguay;;Resto Urbano;1999;14,202812;USD3.65
Paraguay;;Resto Rural;1999;38,438706;USD3.65
Paraguay;;National;2001;18,428588;USD3.65
Paraguay;;Asuncion;2001;1,7965609;USD3.65
Paraguay;;Central Urbano;2001;2,9410847;USD3.65
Paraguay;;Central Rural;2001;9,9881633;USD3.65
Paraguay;;Resto Urbano;2001;11,60189;USD3.65
Paraguay;;Resto Rural;2001;35,203012;USD3.65
Paraguay;;National;2002;27,232107;USD3.65
Paraguay;;Asuncion;2002;6,6700354;USD3.65
Paraguay;;Central Urbano;2002;11,212121;USD3.65
Paraguay;;Central Rural;2002;31,182796;USD3.65
Paraguay;;Resto Urbano;2002;20,185222;USD3.65
Paraguay;;Resto Rural;2002;44,18303;USD3.65
Paraguay;;National;2003;19,984102;USD3.65
Paraguay;;Asuncion;2003;6,2485699;USD3.65
Paraguay;;Central Urbano;2003;8,9794054;USD3.65
Paraguay;;Central Rural;2003;13,924462;USD3.65
Paraguay;;Resto Urbano;2003;14,936656;USD3.65
Paraguay;;Resto Rural;2003;32,965129;USD3.65
Paraguay;;National;2004;17,332758;USD3.65
Paraguay;;Asuncion;2004;3,9856596;USD3.65
Paraguay;;Central Urbano;2004;7,9898611;USD3.65
Paraguay;;Central Rural;2004;12,784756;USD3.65
Paraguay;;Resto Urbano;2004;14,659595;USD3.65
Paraguay;;Resto Rural;2004;27,848439;USD3.65
Paraguay;;National;2005;15,016791;USD3.65
Paraguay;;Asuncion;2005;3,7473657;USD3.65
Paraguay;;Central Urbano;2005;5,0141953;USD3.65
Paraguay;;Central Rural;2005;11,239388;USD3.65
Paraguay;;Resto Urbano;2005;15,401862;USD3.65
Paraguay;;Resto Rural;2005;23,525409;USD3.65
Paraguay;;National;2006;19,469818;USD3.65
Paraguay;;Asuncion;2006;4,3721298;USD3.65
Paraguay;;Central Urbano;2006;8,1276899;USD3.65
Paraguay;;Central Rural;2006;10,951134;USD3.65
Paraguay;;Resto Urbano;2006;15,545564;USD3.65
Paraguay;;Resto Rural;2006;33,255127;USD3.65
Paraguay;;National;2007;16,681856;USD3.65
Paraguay;;Asuncion;2007;3,7337352;USD3.65
Paraguay;;Central Urbano;2007;5,9313344;USD3.65
Paraguay;;Central Rural;2007;6,0792119;USD3.65
Paraguay;;Resto Urbano;2007;11,658475;USD3.65
Paraguay;;Resto Rural;2007;30,791564;USD3.65
Paraguay;;National;2008;14,181721;USD3.65
Paraguay;;Asuncion;2008;2,9312184;USD3.65
Paraguay;;Central Urbano;2008;3,287389;USD3.65
Paraguay;;Central Rural;2008;7,1934391;USD3.65
Paraguay;;Resto Urbano;2008;10,570643;USD3.65
Paraguay;;Resto Rural;2008;26,750724;USD3.65
Paraguay;;National;2009;14,605594;USD3.65
Paraguay;;Asuncion;2009;4,139239;USD3.65
Paraguay;;Central Urbano;2009;3,2072306;USD3.65
Paraguay;;Central Rural;2009;5,5662671;USD3.65
Paraguay;;Resto Urbano;2009;9,731765;USD3.65
Paraguay;;Resto Rural;2009;28,409562;USD3.65
Paraguay;;National;2010;13,517568;USD3.65
Paraguay;;Asuncion;2010;3,9637615;USD3.65
Paraguay;;Central Urbano;2010;2,8326811;USD3.65
Paraguay;;Central Rural;2010;5,7653937;USD3.65
Paraguay;;Resto Urbano;2010;7,1907044;USD3.65
Paraguay;;Resto Rural;2010;28,219196;USD3.65
Paraguay;;National;2011;12,93567;USD3.65
Paraguay;;Asuncion;2011;3,4594306;USD3.65
Paraguay;;Central Urbano;2011;4,38428;USD3.65
Paraguay;;Central Rural;2011;11,150209;USD3.65
Paraguay;;Resto Urbano;2011;7,9931195;USD3.65
Paraguay;;Resto Rural;2011;24,482245;USD3.65
Paraguay;;National;2012;10,160446;USD3.65
Paraguay;;Asuncion;2012;2,1138475;USD3.65
Paraguay;;Central Urbano;2012;1,8573871;USD3.65
Paraguay;;Central Rural;2012;4,8331202;USD3.65
Paraguay;;Resto Urbano;2012;5,1864606;USD3.65
Paraguay;;Resto Rural;2012;21,576419;USD3.65
Paraguay;;National;2013;6,8001524;USD3.65
Paraguay;;Asuncion;2013;1,2533586;USD3.65
Paraguay;;Central Urbano;2013;1,5052762;USD3.65
Paraguay;;Central Rural;2013;3,6204718;USD3.65
Paraguay;;Resto Urbano;2013;4,4789411;USD3.65
Paraguay;;Resto Rural;2013;13,966393;USD3.65
Paraguay;;National;2014;7,5807083;USD3.65
Paraguay;;Asuncion;2014;1,9835305;USD3.65
Paraguay;;Central Urbano;2014;1,5939237;USD3.65
Paraguay;;Central Rural;2014;2,7767923;USD3.65
Paraguay;;Resto Urbano;2014;4,67327;USD3.65
Paraguay;;Resto Rural;2014;15,868537;USD3.65
Paraguay;;National;2015;7,1435638;USD3.65
Paraguay;;Asuncion;2015;1,1435696;USD3.65
Paraguay;;Central Urbano;2015;1,0662207;USD3.65
Paraguay;;Central Rural;2015;3,0267491;USD3.65
Paraguay;;Resto Urbano;2015;4,578587;USD3.65
Paraguay;;Resto Rural;2015;15,362885;USD3.65
Paraguay;;National;2016;7,1810162;USD3.65
Paraguay;;Asuncion;2016;1,9271804;USD3.65
Paraguay;;Central Urbano;2016;1,1595314;USD3.65
Paraguay;;Central Rural;2016;6,2416581;USD3.65
Paraguay;;Resto Urbano;2016;3,7969304;USD3.65
Paraguay;;Resto Rural;2016;15,623831;USD3.65
Paraguay;;National;2017;5,2144201;USD3.65
Paraguay;;Asuncion;2017;1,3728429;USD3.65
Paraguay;;Central Urbano;2017;1,374206;USD3.65
Paraguay;;Central Rural;2017;1,3338032;USD3.65
Paraguay;;Resto Urbano;2017;3,078745;USD3.65
Paraguay;;Resto Rural;2017;11,055671;USD3.65
Paraguay;;National;2018;5,9777472;USD3.65
Paraguay;;Asuncion;2018;1,181977;USD3.65
Paraguay;;Central Urbano;2018;0,52142196;USD3.65
Paraguay;;Central Rural;2018;3,725284;USD3.65
Paraguay;;Resto Urbano;2018;4,4523081;USD3.65
Paraguay;;Resto Rural;2018;12,771941;USD3.65
Paraguay;;National;2019;5,1173153;USD3.65
Paraguay;;Asuncion;2019;0,30624566;USD3.65
Paraguay;;Central Urbano;2019;0,94284566;USD3.65
Paraguay;;Central Rural;2019;0,63559764;USD3.65
Paraguay;;Resto Urbano;2019;3,8832923;USD3.65
Paraguay;;Resto Rural;2019;11,073902;USD3.65
Paraguay;;National;2020;5,167429;USD3.65
Paraguay;;Asuncion;2020;2,8293923;USD3.65
Paraguay;;Central Urbano;2020;1,3197128;USD3.65
Paraguay;;Central Rural;2020;0,33913916;USD3.65
Paraguay;;Resto Urbano;2020;3,6231974;USD3.65
Paraguay;;Resto Rural;2020;10,863073;USD3.65
Paraguay;;National;2021;4,1296646;USD3.65
Paraguay;;Asuncion;2021;0,82505378;USD3.65
Paraguay;;Central Urbano;2021;1,3512545;USD3.65
Paraguay;;Central Rural;2021;2,355787;USD3.65
Paraguay;;Resto Urbano;2021;2,7646491;USD3.65
Paraguay;;Resto Rural;2021;8,6040466;USD3.65
Paraguay;;National;2022;5,6085601;USD3.65
Paraguay;;Asuncion;2022;0,15896833;USD3.65
Paraguay;;Central Urbano;2022;1,3363631;USD3.65
Paraguay;;Central Rural;2022;0,0;USD3.65
Paraguay;;Resto Urbano;2022;5,4708719;USD3.65
Paraguay;;Resto Rural;2022;11,273451;USD3.65
Paraguay;EPH Continua;National;2022;6,1889707;USD3.65
Paraguay;EPH Continua;Asuncion;2022;0,46765302;USD3.65
Paraguay;EPH Continua;Central Urbano;2022;1,6076525;USD3.65
Paraguay;EPH Continua;Central Rural;2022;2,7455579;USD3.65
Paraguay;EPH Continua;Resto Urbano;2022;5,1633161;USD3.65
Paraguay;EPH Continua;Resto Rural;2022;12,597778;USD3.65
Peru;ENAHO 1;National;1997;35,931873;USD3.65
Peru;ENAHO 1;Costa Urbana;1997;20,514467;USD3.65
Peru;ENAHO 1;Sierra Urbana;1997;27,255946;USD3.65
Peru;ENAHO 1;Selva Urbana;1997;26,746868;USD3.65
Peru;ENAHO 1;Costa Rural;1997;56,212026;USD3.65
Peru;ENAHO 1;Sierra Rural;1997;76,269048;USD3.65
Peru;ENAHO 1;Selva Rural;1997;63,426606;USD3.65
Peru;ENAHO 1;Lima Metropolitana;1997;7,8020743;USD3.65
Peru;ENAHO 1;National;1998;34,908516;USD3.65
Peru;ENAHO 1;Costa Urbana;1998;23,947253;USD3.65
Peru;ENAHO 1;Sierra Urbana;1998;26,878243;USD3.65
Peru;ENAHO 1;Selva Urbana;1998;28,191533;USD3.65
Peru;ENAHO 1;Costa Rural;1998;50,757456;USD3.65
Peru;ENAHO 1;Sierra Rural;1998;72,602559;USD3.65
Peru;ENAHO 1;Selva Rural;1998;56,710083;USD3.65
Peru;ENAHO 1;Lima Metropolitana;1998;7,8459811;USD3.65
Peru;ENAHO 1;National;1999;36,308835;USD3.65
Peru;ENAHO 1;Costa Urbana;1999;23,426775;USD3.65
Peru;ENAHO 1;Sierra Urbana;1999;24,917389;USD3.65
Peru;ENAHO 1;Selva Urbana;1999;25,226796;USD3.65
Peru;ENAHO 1;Costa Rural;1999;56,161766;USD3.65
Peru;ENAHO 1;Sierra Rural;1999;76,424522;USD3.65
Peru;ENAHO 1;Selva Rural;1999;68,700223;USD3.65
Peru;ENAHO 1;Lima Metropolitana;1999;8,9808682;USD3.65
Peru;ENAHO 1;National;2000;35,35451;USD3.65
Peru;ENAHO 1;Costa Urbana;2000;21,42287;USD3.65
Peru;ENAHO 1;Sierra Urbana;2000;21,057195;USD3.65
Peru;ENAHO 1;Selva Urbana;2000;25,093067;USD3.65
Peru;ENAHO 1;Costa Rural;2000;53,842059;USD3.65
Peru;ENAHO 1;Sierra Rural;2000;77,912442;USD3.65
Peru;ENAHO 1;Selva Rural;2000;71,20937;USD3.65
Peru;ENAHO 1;Lima Metropolitana;2000;6,5953394;USD3.65
Peru;ENAHO 2;National;2001;37,546125;USD3.65
Peru;ENAHO 2;Costa Urbana;2001;22,908953;USD3.65
Peru;ENAHO 2;Sierra Urbana;2001;32,214191;USD3.65
Peru;ENAHO 2;Selva Urbana;2001;30,448136;USD3.65
Peru;ENAHO 2;Costa Rural;2001;52,963573;USD3.65
Peru;ENAHO 2;Sierra Rural;2001;79,567569;USD3.65
Peru;ENAHO 2;Selva Rural;2001;65,393975;USD3.65
Peru;ENAHO 2;Lima Metropolitana;2001;11,797019;USD3.65
Peru;ENAHO 2;National;2002;34,166665;USD3.65
Peru;ENAHO 2;Costa Urbana;2002;19,866762;USD3.65
Peru;ENAHO 2;Sierra Urbana;2002;25,752369;USD3.65
Peru;ENAHO 2;Selva Urbana;2002;30,364632;USD3.65
Peru;ENAHO 2;Costa Rural;2002;48,158685;USD3.65
Peru;ENAHO 2;Sierra Rural;2002;78,101822;USD3.65
Peru;ENAHO 2;Selva Rural;2002;70,422427;USD3.65
Peru;ENAHO 2;Lima Metropolitana;2002;7,7162604;USD3.65
Peru;ENAHO 2;National;2003;31,802145;USD3.65
Peru;ENAHO 2;Costa Urbana;2003;17,670207;USD3.65
Peru;ENAHO 2;Sierra Urbana;2003;25,296363;USD3.65
Peru;ENAHO 2;Selva Urbana;2003;35,806062;USD3.65
Peru;ENAHO 2;Costa Rural;2003;43,913383;USD3.65
Peru;ENAHO 2;Sierra Rural;2003;76,2628;USD3.65
Peru;ENAHO 2;Selva Rural;2003;67,51115;USD3.65
Peru;ENAHO 2;Lima Metropolitana;2003;4,9676943;USD3.65
Peru;ENAHO 3;National;2003;32,331798;USD3.65
Peru;ENAHO 3;Costa Urbana;2003;18,192097;USD3.65
Peru;ENAHO 3;Sierra Urbana;2003;25,265429;USD3.65
Peru;ENAHO 3;Selva Urbana;2003;32,615338;USD3.65
Peru;ENAHO 3;Costa Rural;2003;44,23782;USD3.65
Peru;ENAHO 3;Sierra Rural;2003;73,349716;USD3.65
Peru;ENAHO 3;Selva Rural;2003;67,273137;USD3.65
Peru;ENAHO 3;Lima Metropolitana;2003;7,8162824;USD3.65
Peru;ENAHO 3;National;2004;32,782547;USD3.65
Peru;ENAHO 3;Costa Urbana;2004;18,049555;USD3.65
Peru;ENAHO 3;Sierra Urbana;2004;28,070324;USD3.65
Peru;ENAHO 3;Selva Urbana;2004;31,292704;USD3.65
Peru;ENAHO 3;Costa Rural;2004;44,878764;USD3.65
Peru;ENAHO 3;Sierra Rural;2004;76,417196;USD3.65
Peru;ENAHO 3;Selva Rural;2004;74,745551;USD3.65
Peru;ENAHO 3;Lima Metropolitana;2004;5,6241945;USD3.65
Peru;ENAHO 3;National;2005;35,174858;USD3.65
Peru;ENAHO 3;Costa Urbana;2005;17,053246;USD3.65
Peru;ENAHO 3;Sierra Urbana;2005;30,996774;USD3.65
Peru;ENAHO 3;Selva Urbana;2005;34,22578;USD3.65
Peru;ENAHO 3;Costa Rural;2005;45,218441;USD3.65
Peru;ENAHO 3;Sierra Rural;2005;78,883041;USD3.65
Peru;ENAHO 3;Selva Rural;2005;74,447239;USD3.65
Peru;ENAHO 3;Lima Metropolitana;2005;11,559785;USD3.65
Peru;ENAHO 3;National;2006;30,442505;USD3.65
Peru;ENAHO 3;Costa Urbana;2006;13,207257;USD3.65
Peru;ENAHO 3;Sierra Urbana;2006;24,210057;USD3.65
Peru;ENAHO 3;Selva Urbana;2006;29,49733;USD3.65
Peru;ENAHO 3;Costa Rural;2006;43,470573;USD3.65
Peru;ENAHO 3;Sierra Rural;2006;76,479678;USD3.65
Peru;ENAHO 3;Selva Rural;2006;70,898422;USD3.65
Peru;ENAHO 3;Lima Metropolitana;2006;6,4339973;USD3.65
Peru;ENAHO 3;National;2007;26,458325;USD3.65
Peru;ENAHO 3;Costa Urbana;2007;11,443152;USD3.65
Peru;ENAHO 3;Sierra Urbana;2007;20,380964;USD3.65
Peru;ENAHO 3;Selva Urbana;2007;22,116686;USD3.65
Peru;ENAHO 3;Costa Rural;2007;37,851132;USD3.65
Peru;ENAHO 3;Sierra Rural;2007;73,546549;USD3.65
Peru;ENAHO 3;Selva Rural;2007;58,056937;USD3.65
Peru;ENAHO 3;Lima Metropolitana;2007;3,7929661;USD3.65
Peru;ENAHO 3;National;2008;22,690425;USD3.65
Peru;ENAHO 3;Costa Urbana;2008;9,3955014;USD3.65
Peru;ENAHO 3;Sierra Urbana;2008;16,983969;USD3.65
Peru;ENAHO 3;Selva Urbana;2008;15,978235;USD3.65
Peru;ENAHO 3;Costa Rural;2008;29,992145;USD3.65
Peru;ENAHO 3;Sierra Rural;2008;66,139825;USD3.65
Peru;ENAHO 3;Selva Rural;2008;53,408095;USD3.65
Peru;ENAHO 3;Lima Metropolitana;2008;3,0465238;USD3.65
Peru;ENAHO 3;National;2009;20,527592;USD3.65
Peru;ENAHO 3;Costa Urbana;2009;8,9071635;USD3.65
Peru;ENAHO 3;Sierra Urbana;2009;14,016357;USD3.65
Peru;ENAHO 3;Selva Urbana;2009;14,814907;USD3.65
Peru;ENAHO 3;Costa Rural;2009;26,524803;USD3.65
Peru;ENAHO 3;Sierra Rural;2009;58,775811;USD3.65
Peru;ENAHO 3;Selva Rural;2009;52,385142;USD3.65
Peru;ENAHO 3;Lima Metropolitana;2009;3,7349428;USD3.65
Peru;ENAHO 3;National;2010;17,820612;USD3.65
Peru;ENAHO 3;Costa Urbana;2010;6,0760766;USD3.65
Peru;ENAHO 3;Sierra Urbana;2010;12,127991;USD3.65
Peru;ENAHO 3;Selva Urbana;2010;13,646866;USD3.65
Peru;ENAHO 3;Costa Rural;2010;22,264993;USD3.65
Peru;ENAHO 3;Sierra Rural;2010;55,0098;USD3.65
Peru;ENAHO 3;Selva Rural;2010;44,197872;USD3.65
Peru;ENAHO 3;Lima Metropolitana;2010;2,9484668;USD3.65
Peru;ENAHO 3;National;2011;16,276914;USD3.65
Peru;ENAHO 3;Costa Urbana;2011;6,2097353;USD3.65
Peru;ENAHO 3;Sierra Urbana;2011;10,089686;USD3.65
Peru;ENAHO 3;Selva Urbana;2011;10,00697;USD3.65
Peru;ENAHO 3;Costa Rural;2011;21,257381;USD3.65
Peru;ENAHO 3;Sierra Rural;2011;53,595805;USD3.65
Peru;ENAHO 3;Selva Rural;2011;37,699819;USD3.65
Peru;ENAHO 3;Lima Metropolitana;2011;2,5009602;USD3.65
Peru;ENAHO 3;National;2012;14,80473;USD3.65
Peru;ENAHO 3;Costa Urbana;2012;5,8080359;USD3.65
Peru;ENAHO 3;Sierra Urbana;2012;9,1492071;USD3.65
Peru;ENAHO 3;Selva Urbana;2012;9,7289077;USD3.65
Peru;ENAHO 3;Costa Rural;2012;20,094598;USD3.65
Peru;ENAHO 3;Sierra Rural;2012;49,296335;USD3.65
Peru;ENAHO 3;Selva Rural;2012;38,122681;USD3.65
Peru;ENAHO 3;Lima Metropolitana;2012;1,5767761;USD3.65
Peru;ENAHO 3;National;2013;14,017539;USD3.65
Peru;ENAHO 3;Costa Urbana;2013;5,5879793;USD3.65
Peru;ENAHO 3;Sierra Urbana;2013;8,5777053;USD3.65
Peru;ENAHO 3;Selva Urbana;2013;9,7530547;USD3.65
Peru;ENAHO 3;Costa Rural;2013;20,385886;USD3.65
Peru;ENAHO 3;Sierra Rural;2013;46,234097;USD3.65
Peru;ENAHO 3;Selva Rural;2013;41,755182;USD3.65
Peru;ENAHO 3;Lima Metropolitana;2013;1,1331407;USD3.65
Peru;ENAHO 3;National;2014;13,117711;USD3.65
Peru;ENAHO 3;Costa Urbana;2014;5,090257;USD3.65
Peru;ENAHO 3;Sierra Urbana;2014;7,7449745;USD3.65
Peru;ENAHO 3;Selva Urbana;2014;10,462947;USD3.65
Peru;ENAHO 3;Costa Rural;2014;22,438954;USD3.65
Peru;ENAHO 3;Sierra Rural;2014;43,378153;USD3.65
Peru;ENAHO 3;Selva Rural;2014;39,315431;USD3.65
Peru;ENAHO 3;Lima Metropolitana;2014;1,1594303;USD3.65
Peru;ENAHO 3;National;2015;12,751694;USD3.65
Peru;ENAHO 3;Costa Urbana;2015;4,4415768;USD3.65
Peru;ENAHO 3;Sierra Urbana;2015;7,3725345;USD3.65
Peru;ENAHO 3;Selva Urbana;2015;10,631166;USD3.65
Peru;ENAHO 3;Costa Rural;2015;19,295495;USD3.65
Peru;ENAHO 3;Sierra Rural;2015;42,970282;USD3.65
Peru;ENAHO 3;Selva Rural;2015;42,229788;USD3.65
Peru;ENAHO 3;Lima Metropolitana;2015;1,0322942;USD3.65
Peru;ENAHO 3;National;2016;12,44876;USD3.65
Peru;ENAHO 3;Costa Urbana;2016;3,7632001;USD3.65
Peru;ENAHO 3;Sierra Urbana;2016;8,1516238;USD3.65
Peru;ENAHO 3;Selva Urbana;2016;9,7726003;USD3.65
Peru;ENAHO 3;Costa Rural;2016;20,258796;USD3.65
Peru;ENAHO 3;Sierra Rural;2016;42,049667;USD3.65
Peru;ENAHO 3;Selva Rural;2016;41,354909;USD3.65
Peru;ENAHO 3;Lima Metropolitana;2016;1,4823551;USD3.65
Peru;ENAHO 3;National;2017;12,388027;USD3.65
Peru;ENAHO 3;Costa Urbana;2017;3,9114763;USD3.65
Peru;ENAHO 3;Sierra Urbana;2017;8,8178532;USD3.65
Peru;ENAHO 3;Selva Urbana;2017;8,2707992;USD3.65
Peru;ENAHO 3;Costa Rural;2017;18,593243;USD3.65
Peru;ENAHO 3;Sierra Rural;2017;43,135489;USD3.65
Peru;ENAHO 3;Selva Rural;2017;43,765345;USD3.65
Peru;ENAHO 3;Lima Metropolitana;2017;1,077882;USD3.65
Peru;ENAHO 3;National;2018;10,691841;USD3.65
Peru;ENAHO 3;Costa Urbana;2018;3,1279233;USD3.65
Peru;ENAHO 3;Sierra Urbana;2018;7,6939445;USD3.65
Peru;ENAHO 3;Selva Urbana;2018;9,2357803;USD3.65
Peru;ENAHO 3;Costa Rural;2018;12,765828;USD3.65
Peru;ENAHO 3;Sierra Rural;2018;36,647972;USD3.65
Peru;ENAHO 3;Selva Rural;2018;40,776971;USD3.65
Peru;ENAHO 3;Lima Metropolitana;2018;1,0838256;USD3.65
Peru;ENAHO 3;National;2019;9,6588028;USD3.65
Peru;ENAHO 3;Costa Urbana;2019;2,3490516;USD3.65
Peru;ENAHO 3;Sierra Urbana;2019;7,9336044;USD3.65
Peru;ENAHO 3;Selva Urbana;2019;8,3627516;USD3.65
Peru;ENAHO 3;Costa Rural;2019;11,403635;USD3.65
Peru;ENAHO 3;Sierra Rural;2019;33,410083;USD3.65
Peru;ENAHO 3;Selva Rural;2019;37,377829;USD3.65
Peru;ENAHO 3;Lima Metropolitana;2019;0,92734089;USD3.65
Peru;ENAHO 3;National;2020;17,471304;USD3.65
Peru;ENAHO 3;Costa Urbana;2020;11,117372;USD3.65
Peru;ENAHO 3;Sierra Urbana;2020;18,833358;USD3.65
Peru;ENAHO 3;Selva Urbana;2020;12,798307;USD3.65
Peru;ENAHO 3;Costa Rural;2020;18,160724;USD3.65
Peru;ENAHO 3;Sierra Rural;2020;38,214923;USD3.65
Peru;ENAHO 3;Selva Rural;2020;32,937228;USD3.65
Peru;ENAHO 3;Lima Metropolitana;2020;10,868661;USD3.65
Peru;ENAHO 3;National;2021;10,244966;USD3.65
Peru;ENAHO 3;Costa Urbana;2021;3,7413847;USD3.65
Peru;ENAHO 3;Sierra Urbana;2021;9,7781302;USD3.65
Peru;ENAHO 3;Selva Urbana;2021;7,6354867;USD3.65
Peru;ENAHO 3;Costa Rural;2021;10,040762;USD3.65
Peru;ENAHO 3;Sierra Rural;2021;30,768137;USD3.65
Peru;ENAHO 3;Selva Rural;2021;28,423893;USD3.65
Peru;ENAHO 3;Lima Metropolitana;2021;4,3162255;USD3.65
Peru;ENAHO 3;National;2022;9,4852794;USD3.65
Peru;ENAHO 3;Costa Urbana;2022;3,5708245;USD3.65
Peru;ENAHO 3;Sierra Urbana;2022;8,5679302;USD3.65
Peru;ENAHO 3;Selva Urbana;2022;9,3494434;USD3.65
Peru;ENAHO 3;Costa Rural;2022;10,72393;USD3.65
Peru;ENAHO 3;Sierra Rural;2022;28,655333;USD3.65
Peru;ENAHO 3;Selva Rural;2022;27,670245;USD3.65
Peru;ENAHO 3;Lima Metropolitana;2022;3,4968168;USD3.65
Uruguay;Urban;National;1992;2,6269106;USD3.65
Uruguay;Urban;Montevideo;1992;1,2737643;USD3.65
Uruguay;Urban;Interior Norte;1992;7,0297179;USD3.65
Uruguay;Urban;Interior Centro Norte;1992;4,2614379;USD3.65
Uruguay;Urban;Interior Centro Sur;1992;2,05864;USD3.65
Uruguay;Urban;Interior Sur;1992;2,3480036;USD3.65
Uruguay;Urban;National;1995;2,4293746;USD3.65
Uruguay;Urban;Montevideo;1995;1,2452464;USD3.65
Uruguay;Urban;Interior Norte;1995;8,1172895;USD3.65
Uruguay;Urban;Interior Centro Norte;1995;5,1513906;USD3.65
Uruguay;Urban;Interior Centro Sur;1995;1,9422968;USD3.65
Uruguay;Urban;Interior Sur;1995;1,0546348;USD3.65
Uruguay;Urban;National;1996;2,6981103;USD3.65
Uruguay;Urban;Montevideo;1996;1,6072676;USD3.65
Uruguay;Urban;Interior Norte;1996;6,9985826;USD3.65
Uruguay;Urban;Interior Centro Norte;1996;5,0831545;USD3.65
Uruguay;Urban;Interior Centro Sur;1996;2,9226051;USD3.65
Uruguay;Urban;Interior Sur;1996;1,6008366;USD3.65
Uruguay;Urban;National;1997;2,4813298;USD3.65
Uruguay;Urban;Montevideo;1997;1,2784247;USD3.65
Uruguay;Urban;Interior Norte;1997;6,7920978;USD3.65
Uruguay;Urban;Interior Centro Norte;1997;4,4875916;USD3.65
Uruguay;Urban;Interior Centro Sur;1997;3,2963096;USD3.65
Uruguay;Urban;Interior Sur;1997;1,6367952;USD3.65
Uruguay;Urban;National;1998;2,4112103;USD3.65
Uruguay;Urban;Montevideo;1998;1,9478815;USD3.65
Uruguay;Urban;Interior Norte;1998;6,5787294;USD3.65
Uruguay;Urban;Interior Centro Norte;1998;3,5402434;USD3.65
Uruguay;Urban;Interior Centro Sur;1998;1,4985449;USD3.65
Uruguay;Urban;Interior Sur;1998;0,8623925;USD3.65
Uruguay;Urban;National;2000;2,445236;USD3.65
Uruguay;Urban;Montevideo;2000;1,3875441;USD3.65
Uruguay;Urban;Interior Norte;2000;8,3964555;USD3.65
Uruguay;Urban;Interior Centro Norte;2000;3,830077;USD3.65
Uruguay;Urban;Interior Centro Sur;2000;3,3588532;USD3.65
Uruguay;Urban;Interior Sur;2000;1,4230887;USD3.65
Uruguay;Urban;National;2001;2,7908644;USD3.65
Uruguay;Urban;Montevideo;2001;1,556733;USD3.65
Uruguay;Urban;Interior Norte;2001;9,5908664;USD3.65
Uruguay;Urban;Interior Centro Norte;2001;5,2871302;USD3.65
Uruguay;Urban;Interior Centro Sur;2001;2,8558361;USD3.65
Uruguay;Urban;Interior Sur;2001;1,6174685;USD3.65
Uruguay;Urban;National;2002;3,9116722;USD3.65
Uruguay;Urban;Montevideo;2002;2,8451462;USD3.65
Uruguay;Urban;Interior Norte;2002;8,9040551;USD3.65
Uruguay;Urban;Interior Centro Norte;2002;5,7873046;USD3.65
Uruguay;Urban;Interior Centro Sur;2002;3,5771562;USD3.65
Uruguay;Urban;Interior Sur;2002;3,9661695;USD3.65
Uruguay;Urban;National;2003;5,0680952;USD3.65
Uruguay;Urban;Montevideo;2003;4,1678087;USD3.65
Uruguay;Urban;Interior Norte;2003;7,7926803;USD3.65
Uruguay;Urban;Interior Centro Norte;2003;8,3522077;USD3.65
Uruguay;Urban;Interior Centro Sur;2003;5,0225704;USD3.65
Uruguay;Urban;Interior Sur;2003;4,2826134;USD3.65
Uruguay;Urban;National;2004;6,4986193;USD3.65
Uruguay;Urban;Montevideo;2004;5,325479;USD3.65
Uruguay;Urban;Interior Norte;2004;9,8484776;USD3.65
Uruguay;Urban;Interior Centro Norte;2004;10,352776;USD3.65
Uruguay;Urban;Interior Centro Sur;2004;7,3631895;USD3.65
Uruguay;Urban;Interior Sur;2004;5,5960041;USD3.65
Uruguay;Urban;National;2005;5,7790961;USD3.65
Uruguay;Urban;Montevideo;2005;5,3595054;USD3.65
Uruguay;Urban;Interior Norte;2005;9,2220407;USD3.65
Uruguay;Urban;Interior Centro Norte;2005;7,1518394;USD3.65
Uruguay;Urban;Interior Centro Sur;2005;6,4917462;USD3.65
Uruguay;Urban;Interior Sur;2005;3,3978683;USD3.65
Uruguay;Urban;National;2006;4,7440819;USD3.65
Uruguay;Urban;Montevideo;2006;4,2402596;USD3.65
Uruguay;Urban;Interior Norte;2006;7,6888511;USD3.65
Uruguay;Urban;Interior Centro Norte;2006;5,8293581;USD3.65
Uruguay;Urban;Interior Centro Sur;2006;5,2956692;USD3.65
Uruguay;Urban;Interior Sur;2006;3,399796;USD3.65
Uruguay;National;National;2006;4,4515136;USD3.65
Uruguay;National;Montevideo;2006;3,7568847;USD3.65
Uruguay;National;Interior Norte;2006;7,2564055;USD3.65
Uruguay;National;Interior Centro Norte;2006;5,7397059;USD3.65
Uruguay;National;Interior Centro Sur;2006;5,0115285;USD3.65
Uruguay;National;Interior Sur;2006;3,3506865;USD3.65
Uruguay;National;National;2007;3,5854279;USD3.65
Uruguay;National;Montevideo;2007;3,4627678;USD3.65
Uruguay;National;Interior Norte;2007;5,9619456;USD3.65
Uruguay;National;Interior Centro Norte;2007;4,1949679;USD3.65
Uruguay;National;Interior Centro Sur;2007;2,8846385;USD3.65
Uruguay;National;Interior Sur;2007;2,1752627;USD3.65
Uruguay;National;National;2008;2,2479192;USD3.65
Uruguay;National;Montevideo;2008;2,1857482;USD3.65
Uruguay;National;Interior Norte;2008;3,3402175;USD3.65
Uruguay;National;Interior Centro Norte;2008;3,1308537;USD3.65
Uruguay;National;Interior Centro Sur;2008;1,5914563;USD3.65
Uruguay;National;Interior Sur;2008;1,4013696;USD3.65
Uruguay;National;National;2009;2,223092;USD3.65
Uruguay;National;Montevideo;2009;2,3295833;USD3.65
Uruguay;National;Interior Norte;2009;2,9504277;USD3.65
Uruguay;National;Interior Centro Norte;2009;3,0188198;USD3.65
Uruguay;National;Interior Centro Sur;2009;1,7959973;USD3.65
Uruguay;National;Interior Sur;2009;1,0349817;USD3.65
Uruguay;National;National;2010;1,6095149;USD3.65
Uruguay;National;Montevideo;2010;1,882307;USD3.65
Uruguay;National;Interior Norte;2010;2,824414;USD3.65
Uruguay;National;Interior Centro Norte;2010;1,6398369;USD3.65
Uruguay;National;Interior Centro Sur;2010;0,8081782;USD3.65
Uruguay;National;Interior Sur;2010;0,72383202;USD3.65
Uruguay;National;National;2011;1,3259911;USD3.65
Uruguay;National;Montevideo;2011;1,3643479;USD3.65
Uruguay;National;Interior Norte;2011;2,9723375;USD3.65
Uruguay;National;Interior Centro Norte;2011;1,4164391;USD3.65
Uruguay;National;Interior Centro Sur;2011;0,77208134;USD3.65
Uruguay;National;Interior Sur;2011;0,53275075;USD3.65
Uruguay;National;National;2012;1,3110477;USD3.65
Uruguay;National;Montevideo;2012;1,6207398;USD3.65
Uruguay;National;Interior Norte;2012;2,0144133;USD3.65
Uruguay;National;Interior Centro Norte;2012;1,2318631;USD3.65
Uruguay;National;Interior Centro Sur;2012;0,66977121;USD3.65
Uruguay;National;Interior Sur;2012;0,38639096;USD3.65
Uruguay;National;National;2013;1,0699274;USD3.65
Uruguay;National;Montevideo;2013;1,337914;USD3.65
Uruguay;National;Interior Norte;2013;1,352391;USD3.65
Uruguay;National;Interior Centro Norte;2013;0,91918186;USD3.65
Uruguay;National;Interior Centro Sur;2013;0,67183876;USD3.65
Uruguay;National;Interior Sur;2013;0,44505776;USD3.65
Uruguay;National;National;2014;0,83053866;USD3.65
Uruguay;National;Montevideo;2014;0,95790912;USD3.65
Uruguay;National;Interior Norte;2014;1,0652737;USD3.65
Uruguay;National;Interior Centro Norte;2014;0,94041928;USD3.65
Uruguay;National;Interior Centro Sur;2014;0,71240021;USD3.65
Uruguay;National;Interior Sur;2014;0,30192483;USD3.65
Uruguay;National;National;2015;0,78174881;USD3.65
Uruguay;National;Montevideo;2015;0,76536481;USD3.65
Uruguay;National;Interior Norte;2015;1,1252259;USD3.65
Uruguay;National;Interior Centro Norte;2015;1,2227616;USD3.65
Uruguay;National;Interior Centro Sur;2015;0,80888498;USD3.65
Uruguay;National;Interior Sur;2015;0,2865895;USD3.65
Uruguay;National;National;2016;0,69130427;USD3.65
Uruguay;National;Montevideo;2016;0,66312448;USD3.65
Uruguay;National;Interior Norte;2016;1,041478;USD3.65
Uruguay;National;Interior Centro Norte;2016;1,0768215;USD3.65
Uruguay;National;Interior Centro Sur;2016;0,53980503;USD3.65
Uruguay;National;Interior Sur;2016;0,367933;USD3.65
Uruguay;National;National;2017;0,45039047;USD3.65
Uruguay;National;Montevideo;2017;0,52234455;USD3.65
Uruguay;National;Interior Norte;2017;0,54989436;USD3.65
Uruguay;National;Interior Centro Norte;2017;0,65454266;USD3.65
Uruguay;National;Interior Centro Sur;2017;0,2308348;USD3.65
Uruguay;National;Interior Sur;2017;0,14245906;USD3.65
Uruguay;National;National;2018;0,42794529;USD3.65
Uruguay;National;Montevideo;2018;0,45081118;USD3.65
Uruguay;National;Interior Norte;2018;0,70679427;USD3.65
Uruguay;National;Interior Centro Norte;2018;0,43095915;USD3.65
Uruguay;National;Interior Centro Sur;2018;0,48745382;USD3.65
Uruguay;National;Interior Sur;2018;0,18258222;USD3.65
Uruguay;National;National;2019;0,54408075;USD3.65
Uruguay;National;Montevideo;2019;0,47555645;USD3.65
Uruguay;National;Interior Norte;2019;0,72998934;USD3.65
Uruguay;National;Interior Centro Norte;2019;0,79502158;USD3.65
Uruguay;National;Interior Centro Sur;2019;0,60101075;USD3.65
Uruguay;National;Interior Sur;2019;0,42835475;USD3.65
Uruguay;National;National;2020;0,87924418;USD3.65
Uruguay;National;National;2021;0,76560678;USD3.65
Uruguay;National;Montevideo;2021;0,66728583;USD3.65
Uruguay;National;Interior Norte;2021;1,7588946;USD3.65
Uruguay;National;Interior Centro Norte;2021;0,77405322;USD3.65
Uruguay;National;Interior Centro Sur;2021;1,4349624;USD3.65
Uruguay;National;Interior Sur;2021;0,21204612;USD3.65
Uruguay;National;National;2022;0,76119137;USD3.65
Uruguay;National;Montevideo;2022;0,74751382;USD3.65
Uruguay;National;Interior Norte;2022;1,0380841;USD3.65
Uruguay;National;Interior Centro Norte;2022;1,2579658;USD3.65
Uruguay;National;Interior Centro Sur;2022;0,83327727;USD3.65
Uruguay;National;Interior Sur;2022;0,25606797;USD3.65
Argentina;15 main cities;National;1992;14,871609;USD6.85
Argentina;15 main cities;GBA;1992;11,87721;USD6.85
Argentina;15 main cities;Pampeana;1992;17,376361;USD6.85
Argentina;15 main cities;Cuyo;1992;31,204654;USD6.85
Argentina;15 main cities;NOA;1992;34,164279;USD6.85
Argentina;15 main cities;Patagonia;1992;13,89361;USD6.85
Argentina;15 main cities;National;1993;15,070401;USD6.85
Argentina;15 main cities;GBA;1993;13,154051;USD6.85
Argentina;15 main cities;Pampeana;1993;16,342815;USD6.85
Argentina;15 main cities;Cuyo;1993;24,246761;USD6.85
Argentina;15 main cities;NOA;1993;33,367114;USD6.85
Argentina;15 main cities;Patagonia;1993;12,083203;USD6.85
Argentina;15 main cities;National;1994;15,682352;USD6.85
Argentina;15 main cities;GBA;1994;13,80454;USD6.85
Argentina;15 main cities;Pampeana;1994;16,475246;USD6.85
Argentina;15 main cities;Cuyo;1994;23,535291;USD6.85
Argentina;15 main cities;NOA;1994;34,440504;USD6.85
Argentina;15 main cities;Patagonia;1994;13,976117;USD6.85
Argentina;15 main cities;National;1995;20,479204;USD6.85
Argentina;15 main cities;GBA;1995;17,823187;USD6.85
Argentina;15 main cities;Pampeana;1995;22,027754;USD6.85
Argentina;15 main cities;Cuyo;1995;34,825655;USD6.85
Argentina;15 main cities;NOA;1995;39,637807;USD6.85
Argentina;15 main cities;Patagonia;1995;17,846121;USD6.85
Argentina;15 main cities;National;1996;22,400961;USD6.85
Argentina;15 main cities;GBA;1996;19,623191;USD6.85
Argentina;15 main cities;Pampeana;1996;25,11107;USD6.85
Argentina;15 main cities;Cuyo;1996;33,505714;USD6.85
Argentina;15 main cities;NOA;1996;43,339633;USD6.85
Argentina;15 main cities;Patagonia;1996;18,076329;USD6.85
Argentina;15 main cities;National;1997;21,345517;USD6.85
Argentina;15 main cities;GBA;1997;18,868924;USD6.85
Argentina;15 main cities;Pampeana;1997;23,878529;USD6.85
Argentina;15 main cities;Cuyo;1997;32,462051;USD6.85
Argentina;15 main cities;NOA;1997;39,969499;USD6.85
Argentina;15 main cities;Patagonia;1997;15,899169;USD6.85
Argentina;15 main cities;National;1998;21,000514;USD6.85
Argentina;15 main cities;GBA;1998;18,747085;USD6.85
Argentina;15 main cities;Pampeana;1998;22,93426;USD6.85
Argentina;15 main cities;Cuyo;1998;29,866912;USD6.85
Argentina;15 main cities;NOA;1998;40,084756;USD6.85
Argentina;15 main cities;Patagonia;1998;15,950132;USD6.85
Argentina;28 main cities;National;1998;23,296012;USD6.85
Argentina;28 main cities;GBA;1998;18,747085;USD6.85
Argentina;28 main cities;Pampeana;1998;23,520969;USD6.85
Argentina;28 main cities;Cuyo;1998;27,976536;USD6.85
Argentina;28 main cities;NOA;1998;36,330313;USD6.85
Argentina;28 main cities;Patagonia;1998;15,950132;USD6.85
Argentina;28 main cities;NEA;1998;43,361225;USD6.85
Argentina;28 main cities;National;1999;24,22496;USD6.85
Argentina;28 main cities;GBA;1999;19,318438;USD6.85
Argentina;28 main cities;Pampeana;1999;24,425583;USD6.85
Argentina;28 main cities;Cuyo;1999;28,57984;USD6.85
Argentina;28 main cities;NOA;1999;37,085257;USD6.85
Argentina;28 main cities;Patagonia;1999;18,900531;USD6.85
Argentina;28 main cities;NEA;1999;45,215907;USD6.85
Argentina;28 main cities;National;2000;26,296561;USD6.85
Argentina;28 main cities;GBA;2000;21,38378;USD6.85
Argentina;28 main cities;Pampeana;2000;25,085623;USD6.85
Argentina;28 main cities;Cuyo;2000;35,163875;USD6.85
Argentina;28 main cities;NOA;2000;39,412435;USD6.85
Argentina;28 main cities;Patagonia;2000;18,281624;USD6.85
Argentina;28 main cities;NEA;2000;48,711881;USD6.85
Argentina;28 main cities;National;2001;31,067229;USD6.85
Argentina;28 main cities;GBA;2001;26,949861;USD6.85
Argentina;28 main cities;Pampeana;2001;31,016498;USD6.85
Argentina;28 main cities;Cuyo;2001;34,212255;USD6.85
Argentina;28 main cities;NOA;2001;42,911492;USD6.85
Argentina;28 main cities;Patagonia;2001;17,399779;USD6.85
Argentina;28 main cities;NEA;2001;51,566222;USD6.85
Argentina;28 main cities;National;2002;44,379776;USD6.85
Argentina;28 main cities;GBA;2002;38,84436;USD6.85
Argentina;28 main cities;Pampeana;2002;44,340289;USD6.85
Argentina;28 main cities;Cuyo;2002;51,148511;USD6.85
Argentina;28 main cities;NOA;2002;61,076314;USD6.85
Argentina;28 main cities;Patagonia;2002;32,092745;USD6.85
Argentina;28 main cities;NEA;2002;63,19688;USD6.85
Argentina;28 main cities;National;2003;44,339412;USD6.85
Argentina;28 main cities;GBA;2003;39,404877;USD6.85
Argentina;28 main cities;Pampeana;2003;44,604927;USD6.85
Argentina;28 main cities;Cuyo;2003;50,527774;USD6.85
Argentina;28 main cities;NOA;2003;57,736788;USD6.85
Argentina;28 main cities;Patagonia;2003;28,324381;USD6.85
Argentina;28 main cities;NEA;2003;63,553985;USD6.85
Argentina;28 main cities;National;2003;29,723225;USD6.85
Argentina;28 main cities;GBA;2003;25,668928;USD6.85
Argentina;28 main cities;Pampeana;2003;28,211772;USD6.85
Argentina;28 main cities;Cuyo;2003;34,322668;USD6.85
Argentina;28 main cities;NOA;2003;47,239661;USD6.85
Argentina;28 main cities;Patagonia;2003;16,559705;USD6.85
Argentina;28 main cities;NEA;2003;50,443168;USD6.85
Argentina;28 main cities;National;2004;27,423017;USD6.85
Argentina;28 main cities;GBA;2004;22,96186;USD6.85
Argentina;28 main cities;Pampeana;2004;26,163693;USD6.85
Argentina;28 main cities;Cuyo;2004;33,269266;USD6.85
Argentina;28 main cities;NOA;2004;46,041391;USD6.85
Argentina;28 main cities;Patagonia;2004;16,199151;USD6.85
Argentina;28 main cities;NEA;2004;46,5076;USD6.85
Argentina;28 main cities;National;2004;24,872259;USD6.85
Argentina;28 main cities;GBA;2004;20,781407;USD6.85
Argentina;28 main cities;Pampeana;2004;22,801809;USD6.85
Argentina;28 main cities;Cuyo;2004;28,667381;USD6.85
Argentina;28 main cities;NOA;2004;42,427354;USD6.85
Argentina;28 main cities;Patagonia;2004;13,243591;USD6.85
Argentina;28 main cities;NEA;2004;47,512388;USD6.85
Argentina;28 main cities;National;2005;23,089005;USD6.85
Argentina;28 main cities;GBA;2005;18,948852;USD6.85
Argentina;28 main cities;Pampeana;2005;21,750373;USD6.85
Argentina;28 main cities;Cuyo;2005;26,237195;USD6.85
Argentina;28 main cities;NOA;2005;39,492263;USD6.85
Argentina;28 main cities;Patagonia;2005;12,780857;USD6.85
Argentina;28 main cities;NEA;2005;44,173908;USD6.85
Argentina;28 main cities;National;2005;20,962709;USD6.85
Argentina;28 main cities;GBA;2005;16,670096;USD6.85
Argentina;28 main cities;Pampeana;2005;20,286862;USD6.85
Argentina;28 main cities;Cuyo;2005;25,348821;USD6.85
Argentina;28 main cities;NOA;2005;37,092357;USD6.85
Argentina;28 main cities;Patagonia;2005;9,0342529;USD6.85
Argentina;28 main cities;NEA;2005;40,367109;USD6.85
Argentina;28 main cities;National;2006;19,412554;USD6.85
Argentina;28 main cities;GBA;2006;15,6557;USD6.85
Argentina;28 main cities;Pampeana;2006;17,41423;USD6.85
Argentina;28 main cities;Cuyo;2006;22,168029;USD6.85
Argentina;28 main cities;NOA;2006;35,971981;USD6.85
Argentina;28 main cities;Patagonia;2006;8,5882003;USD6.85
Argentina;28 main cities;NEA;2006;39,38336;USD6.85
Argentina;28 main cities;National;2006;16,902942;USD6.85
Argentina;28 main cities;GBA;2006;13,599557;USD6.85
Argentina;28 main cities;Pampeana;2006;14,709105;USD6.85
Argentina;28 main cities;Cuyo;2006;19,244342;USD6.85
Argentina;28 main cities;NOA;2006;31,579996;USD6.85
Argentina;28 main cities;Patagonia;2006;9,6357449;USD6.85
Argentina;28 main cities;NEA;2006;36,719573;USD6.85
Argentina;28 main cities;National;2007;15,772861;USD6.85
Argentina;28 main cities;GBA;2007;12,08071;USD6.85
Argentina;28 main cities;Pampeana;2007;14,232381;USD6.85
Argentina;28 main cities;Cuyo;2007;18,565177;USD6.85
Argentina;28 main cities;NOA;2007;31,038325;USD6.85
Argentina;28 main cities;Patagonia;2007;7,7067626;USD6.85
Argentina;28 main cities;NEA;2007;35,958417;USD6.85
Argentina;28 main cities;National;2007;15,574546;USD6.85
Argentina;28 main cities;GBA;2007;13,834171;USD6.85
Argentina;28 main cities;Pampeana;2007;12,30837;USD6.85
Argentina;28 main cities;Cuyo;2007;14,59573;USD6.85
Argentina;28 main cities;NOA;2007;27,094407;USD6.85
Argentina;28 main cities;Patagonia;2007;5,8681613;USD6.85
Argentina;28 main cities;NEA;2007;34,24535;USD6.85
Argentina;28 main cities;National;2008;14,476835;USD6.85
Argentina;28 main cities;GBA;2008;12,103292;USD6.85
Argentina;28 main cities;Pampeana;2008;11,773192;USD6.85
Argentina;28 main cities;Cuyo;2008;16,058784;USD6.85
Argentina;28 main cities;NOA;2008;27,388204;USD6.85
Argentina;28 main cities;Patagonia;2008;5,987502;USD6.85
Argentina;28 main cities;NEA;2008;31,457425;USD6.85
Argentina;28 main cities;National;2008;14,229777;USD6.85
Argentina;28 main cities;GBA;2008;12,134928;USD6.85
Argentina;28 main cities;Pampeana;2008;11,634583;USD6.85
Argentina;28 main cities;Cuyo;2008;15,128713;USD6.85
Argentina;28 main cities;NOA;2008;26,097299;USD6.85
Argentina;28 main cities;Patagonia;2008;6,5112169;USD6.85
Argentina;28 main cities;NEA;2008;29,818925;USD6.85
Argentina;28 main cities;National;2009;13,618903;USD6.85
Argentina;28 main cities;GBA;2009;10,784014;USD6.85
Argentina;28 main cities;Pampeana;2009;11,857694;USD6.85
Argentina;28 main cities;Cuyo;2009;16,367496;USD6.85
Argentina;28 main cities;NOA;2009;25,966648;USD6.85
Argentina;28 main cities;Patagonia;2009;7,6912811;USD6.85
Argentina;28 main cities;NEA;2009;28,976951;USD6.85
Argentina;28 main cities;National;2009;12,876199;USD6.85
Argentina;28 main cities;GBA;2009;10,018738;USD6.85
Argentina;28 main cities;Pampeana;2009;11,624544;USD6.85
Argentina;28 main cities;Cuyo;2009;16,282395;USD6.85
Argentina;28 main cities;NOA;2009;23,260291;USD6.85
Argentina;28 main cities;Patagonia;2009;6,3821298;USD6.85
Argentina;28 main cities;NEA;2009;29,375063;USD6.85
Argentina;28 main cities;National;2010;11,836067;USD6.85
Argentina;28 main cities;GBA;2010;9,0070635;USD6.85
Argentina;28 main cities;Pampeana;2010;10,985334;USD6.85
Argentina;28 main cities;Cuyo;2010;14,087373;USD6.85
Argentina;28 main cities;NOA;2010;21,508567;USD6.85
Argentina;28 main cities;Patagonia;2010;7,43969;USD6.85
Argentina;28 main cities;NEA;2010;27,327439;USD6.85
Argentina;28 main cities;National;2010;11,352111;USD6.85
Argentina;28 main cities;GBA;2010;8,6414937;USD6.85
Argentina;28 main cities;Pampeana;2010;10,525084;USD6.85
Argentina;28 main cities;Cuyo;2010;15,042691;USD6.85
Argentina;28 main cities;NOA;2010;19,561358;USD6.85
Argentina;28 main cities;Patagonia;2010;5,4593137;USD6.85
Argentina;28 main cities;NEA;2010;27,350064;USD6.85
Argentina;28 main cities;National;2011;9,7405917;USD6.85
Argentina;28 main cities;GBA;2011;7,7259965;USD6.85
Argentina;28 main cities;Pampeana;2011;8,3235214;USD6.85
Argentina;28 main cities;Cuyo;2011;11,216988;USD6.85
Argentina;28 main cities;NOA;2011;18,101079;USD6.85
Argentina;28 main cities;Patagonia;2011;5,0419739;USD6.85
Argentina;28 main cities;NEA;2011;22,819019;USD6.85
Argentina;28 main cities;National;2011;9,1136232;USD6.85
Argentina;28 main cities;GBA;2011;6,9634354;USD6.85
Argentina;28 main cities;Pampeana;2011;8,4010261;USD6.85
Argentina;28 main cities;Cuyo;2011;11,079132;USD6.85
Argentina;28 main cities;NOA;2011;16,331506;USD6.85
Argentina;28 main cities;Patagonia;2011;4,6467212;USD6.85
Argentina;28 main cities;NEA;2011;21,382668;USD6.85
Argentina;28 main cities;National;2012;9,2600274;USD6.85
Argentina;28 main cities;GBA;2012;8,3593316;USD6.85
Argentina;28 main cities;Pampeana;2012;7,6039853;USD6.85
Argentina;28 main cities;Cuyo;2012;10,017795;USD6.85
Argentina;28 main cities;NOA;2012;14,91301;USD6.85
Argentina;28 main cities;Patagonia;2012;4,2266617;USD6.85
Argentina;28 main cities;NEA;2012;17,685386;USD6.85
Argentina;28 main cities;National;2012;8,5737448;USD6.85
Argentina;28 main cities;GBA;2012;7,1003249;USD6.85
Argentina;28 main cities;Pampeana;2012;7,6856958;USD6.85
Argentina;28 main cities;Cuyo;2012;10,101312;USD6.85
Argentina;28 main cities;NOA;2012;13,604966;USD6.85
Argentina;28 main cities;Patagonia;2012;5,0344745;USD6.85
Argentina;28 main cities;NEA;2012;18,567141;USD6.85
Argentina;28 main cities;National;2013;8,459913;USD6.85
Argentina;28 main cities;GBA;2013;7,0457505;USD6.85
Argentina;28 main cities;Pampeana;2013;7,1846883;USD6.85
Argentina;28 main cities;Cuyo;2013;7,1990345;USD6.85
Argentina;28 main cities;NOA;2013;14,298669;USD6.85
Argentina;28 main cities;Patagonia;2013;4,813932;USD6.85
Argentina;28 main cities;NEA;2013;21,39405;USD6.85
Argentina;28 main cities;National;2013;8,5561448;USD6.85
Argentina;28 main cities;GBA;2013;7,6969982;USD6.85
Argentina;28 main cities;Pampeana;2013;6,9213011;USD6.85
Argentina;28 main cities;Cuyo;2013;7,344643;USD6.85
Argentina;28 main cities;NOA;2013;13,730074;USD6.85
Argentina;28 main cities;Patagonia;2013;5,2531761;USD6.85
Argentina;28 main cities;NEA;2013;18,373974;USD6.85
Argentina;28 main cities;National;2014;9,5416007;USD6.85
Argentina;28 main cities;GBA;2014;8,6021426;USD6.85
Argentina;28 main cities;Pampeana;2014;8,482809;USD6.85
Argentina;28 main cities;Cuyo;2014;9,5423502;USD6.85
Argentina;28 main cities;NOA;2014;13,996078;USD6.85
Argentina;28 main cities;Patagonia;2014;5,0891375;USD6.85
Argentina;28 main cities;NEA;2014;18,912232;USD6.85
Argentina;28 main cities;National;2014;9,4713284;USD6.85
Argentina;28 main cities;GBA;2014;8,442791;USD6.85
Argentina;28 main cities;Pampeana;2014;8,3536418;USD6.85
Argentina;28 main cities;Cuyo;2014;9,7300851;USD6.85
Argentina;28 main cities;NOA;2014;14,489027;USD6.85
Argentina;28 main cities;Patagonia;2014;4,1956642;USD6.85
Argentina;28 main cities;NEA;2014;19,228407;USD6.85
Argentina;28 main cities;National;2015;8,8148994;USD6.85
Argentina;28 main cities;GBA;2015;8,3995642;USD6.85
Argentina;28 main cities;Pampeana;2015;7,5311394;USD6.85
Argentina;28 main cities;Cuyo;2015;7,6058478;USD6.85
Argentina;28 main cities;NOA;2015;12,359906;USD6.85
Argentina;28 main cities;Patagonia;2015;4,4881507;USD6.85
Argentina;28 main cities;NEA;2015;16,991996;USD6.85
Argentina;28 main cities;National;2016;9,214451;USD6.85
Argentina;28 main cities;GBA;2016;8,4266169;USD6.85
Argentina;28 main cities;Pampeana;2016;9,2577117;USD6.85
Argentina;28 main cities;Cuyo;2016;9,9179659;USD6.85
Argentina;28 main cities;NOA;2016;13,331876;USD6.85
Argentina;28 main cities;Patagonia;2016;4,0736977;USD6.85
Argentina;28 main cities;NEA;2016;13,117999;USD6.85
Argentina;28 main cities;National;2017;9,8183251;USD6.85
Argentina;28 main cities;GBA;2017;9,770099;USD6.85
Argentina;28 main cities;Pampeana;2017;9,6466431;USD6.85
Argentina;28 main cities;Cuyo;2017;8,3105158;USD6.85
Argentina;28 main cities;NOA;2017;11,52188;USD6.85
Argentina;28 main cities;Patagonia;2017;4,4483309;USD6.85
Argentina;28 main cities;NEA;2017;13,714333;USD6.85
Argentina;28 main cities;National;2017;8,2481136;USD6.85
Argentina;28 main cities;GBA;2017;7,9751134;USD6.85
Argentina;28 main cities;Pampeana;2017;7,6346434;USD6.85
Argentina;28 main cities;Cuyo;2017;7,6157642;USD6.85
Argentina;28 main cities;NOA;2017;10,943554;USD6.85
Argentina;28 main cities;Patagonia;2017;3,7137096;USD6.85
Argentina;28 main cities;NEA;2017;13,080466;USD6.85
Argentina;28 main cities;National;2018;8,6670124;USD6.85
Argentina;28 main cities;GBA;2018;8,2725522;USD6.85
Argentina;28 main cities;Pampeana;2018;8,9709457;USD6.85
Argentina;28 main cities;Cuyo;2018;7,6758532;USD6.85
Argentina;28 main cities;NOA;2018;11,545935;USD6.85
Argentina;28 main cities;Patagonia;2018;3,470493;USD6.85
Argentina;28 main cities;NEA;2018;11,561341;USD6.85
Argentina;28 main cities;National;2018;10,352661;USD6.85
Argentina;28 main cities;GBA;2018;9,9156358;USD6.85
Argentina;28 main cities;Pampeana;2018;9,8017949;USD6.85
Argentina;28 main cities;Cuyo;2018;10,024822;USD6.85
Argentina;28 main cities;NOA;2018;13,58402;USD6.85
Argentina;28 main cities;Patagonia;2018;4,5794734;USD6.85
Argentina;28 main cities;NEA;2018;16,436297;USD6.85
Argentina;28 main cities;National;2019;11,886491;USD6.85
Argentina;28 main cities;GBA;2019;11,63356;USD6.85
Argentina;28 main cities;Pampeana;2019;11,41418;USD6.85
Argentina;28 main cities;Cuyo;2019;11,413436;USD6.85
Argentina;28 main cities;NOA;2019;14,27788;USD6.85
Argentina;28 main cities;Patagonia;2019;4,5770419;USD6.85
Argentina;28 main cities;NEA;2019;18,277911;USD6.85
Argentina;28 main cities;National;2019;12,007797;USD6.85
Argentina;28 main cities;GBA;2019;11,631086;USD6.85
Argentina;28 main cities;Pampeana;2019;10,647616;USD6.85
Argentina;28 main cities;Cuyo;2019;13,080097;USD6.85
Argentina;28 main cities;NOA;2019;16,906418;USD6.85
Argentina;28 main cities;Patagonia;2019;5,240125;USD6.85
Argentina;28 main cities;NEA;2019;17,232714;USD6.85
Argentina;28 main cities;National;2020;14,626162;USD6.85
Argentina;28 main cities;GBA;2020;15,015103;USD6.85
Argentina;28 main cities;Pampeana;2020;13,809518;USD6.85
Argentina;28 main cities;Cuyo;2020;13,213324;USD6.85
Argentina;28 main cities;NOA;2020;16,116238;USD6.85
Argentina;28 main cities;Patagonia;2020;6,5676539;USD6.85
Argentina;28 main cities;NEA;2020;18,795869;USD6.85
Argentina;28 main cities;National;2020;15,376961;USD6.85
Argentina;28 main cities;GBA;2020;18,458751;USD6.85
Argentina;28 main cities;Pampeana;2020;10,793628;USD6.85
Argentina;28 main cities;Cuyo;2020;10,286435;USD6.85
Argentina;28 main cities;NOA;2020;13,542045;USD6.85
Argentina;28 main cities;Patagonia;2020;8,228027;USD6.85
Argentina;28 main cities;NEA;2020;16,935334;USD6.85
Argentina;28 main cities;National;2021;12,378771;USD6.85
Argentina;28 main cities;GBA;2021;11,698239;USD6.85
Argentina;28 main cities;Pampeana;2021;12,675575;USD6.85
Argentina;28 main cities;Cuyo;2021;11,665885;USD6.85
Argentina;28 main cities;NOA;2021;16,203021;USD6.85
Argentina;28 main cities;Patagonia;2021;7,2651412;USD6.85
Argentina;28 main cities;NEA;2021;16,449315;USD6.85
Argentina;28 main cities;National;2021;11,432521;USD6.85
Argentina;28 main cities;GBA;2021;10,697171;USD6.85
Argentina;28 main cities;Pampeana;2021;11,521005;USD6.85
Argentina;28 main cities;Cuyo;2021;11,661043;USD6.85
Argentina;28 main cities;NOA;2021;15,439416;USD6.85
Argentina;28 main cities;Patagonia;2021;4,6278353;USD6.85
Argentina;28 main cities;NEA;2021;17,166919;USD6.85
Argentina;28 main cities;National;2022;11,320505;USD6.85
Argentina;28 main cities;GBA;2022;11,270977;USD6.85
Argentina;28 main cities;Pampeana;2022;11,1093;USD6.85
Argentina;28 main cities;Cuyo;2022;9,6157775;USD6.85
Argentina;28 main cities;NOA;2022;13,119501;USD6.85
Argentina;28 main cities;Patagonia;2022;4,9837737;USD6.85
Argentina;28 main cities;NEA;2022;16,199135;USD6.85
Argentina;28 main cities;National;2022;10,907662;USD6.85
Argentina;28 main cities;GBA;2022;10,120967;USD6.85
Argentina;28 main cities;Pampeana;2022;10,138525;USD6.85
Argentina;28 main cities;Cuyo;2022;10,846921;USD6.85
Argentina;28 main cities;NOA;2022;16,437511;USD6.85
Argentina;28 main cities;Patagonia;2022;5,4934443;USD6.85
Argentina;28 main cities;NEA;2022;16,884159;USD6.85
Bolivia;;National;2000;55,822529;USD6.85
Bolivia;;Chuquisaca;2000;72,094586;USD6.85
Bolivia;;La Paz;2000;58,457865;USD6.85
Bolivia;;Cochabamba;2000;54,933591;USD6.85
Bolivia;;Oruro;2000;70,228359;USD6.85
Bolivia;;Potosí;2000;76,119724;USD6.85
Bolivia;;Tarija;2000;58,935847;USD6.85
Bolivia;;Santa Cruz;2000;37,72899;USD6.85
Bolivia;;Beni;2000;46,25005;USD6.85
Bolivia;;Pando;2000;29,772298;USD6.85
Bolivia;;National;2001;51,780602;USD6.85
Bolivia;;Chuquisaca;2001;75,115975;USD6.85
Bolivia;;La Paz;2001;53,213945;USD6.85
Bolivia;;Cochabamba;2001;48,956096;USD6.85
Bolivia;;Oruro;2001;63,663357;USD6.85
Bolivia;;Potosí;2001;75,170014;USD6.85
Bolivia;;Tarija;2001;44,553917;USD6.85
Bolivia;;Santa Cruz;2001;38,958478;USD6.85
Bolivia;;Beni;2001;47,957227;USD6.85
Bolivia;;Pando;2001;43,91254;USD6.85
Bolivia;;National;2002;53,809239;USD6.85
Bolivia;;Chuquisaca;2002;71,789861;USD6.85
Bolivia;;La Paz;2002;60,747883;USD6.85
Bolivia;;Cochabamba;2002;56,242368;USD6.85
Bolivia;;Oruro;2002;60,483816;USD6.85
Bolivia;;Potosí;2002;75,809577;USD6.85
Bolivia;;Tarija;2002;46,969552;USD6.85
Bolivia;;Santa Cruz;2002;37,198313;USD6.85
Bolivia;;Beni;2002;42,859785;USD6.85
Bolivia;;Pando;2002;27,122286;USD6.85
Bolivia;;National;2005;47,212734;USD6.85
Bolivia;;Chuquisaca;2005;67,392058;USD6.85
Bolivia;;La Paz;2005;50,61148;USD6.85
Bolivia;;Cochabamba;2005;46,661449;USD6.85
Bolivia;;Oruro;2005;47,210863;USD6.85
Bolivia;;Potosí;2005;71,898333;USD6.85
Bolivia;;Tarija;2005;45,711657;USD6.85
Bolivia;;Santa Cruz;2005;31,45851;USD6.85
Bolivia;;Beni;2005;47,657462;USD6.85
Bolivia;;Pando;2005;30,336298;USD6.85
Bolivia;;National;2006;42,076649;USD6.85
Bolivia;;Chuquisaca;2006;59,758753;USD6.85
Bolivia;;La Paz;2006;51,078085;USD6.85
Bolivia;;Cochabamba;2006;49,289668;USD6.85
Bolivia;;Oruro;2006;42,176701;USD6.85
Bolivia;;Potosí;2006;55,900976;USD6.85
Bolivia;;Tarija;2006;33,939321;USD6.85
Bolivia;;Santa Cruz;2006;22,780846;USD6.85
Bolivia;;Beni;2006;34,385472;USD6.85
Bolivia;;Pando;2006;29,624517;USD6.85
Bolivia;;National;2007;41,161266;USD6.85
Bolivia;;Chuquisaca;2007;59,442316;USD6.85
Bolivia;;La Paz;2007;46,928627;USD6.85
Bolivia;;Cochabamba;2007;39,077032;USD6.85
Bolivia;;Oruro;2007;42,7873;USD6.85
Bolivia;;Potosí;2007;65,343484;USD6.85
Bolivia;;Tarija;2007;34,971899;USD6.85
Bolivia;;Santa Cruz;2007;28,164499;USD6.85
Bolivia;;Beni;2007;28,723841;USD6.85
Bolivia;;Pando;2007;28,620289;USD6.85
Bolivia;;National;2011;23,468137;USD6.85
Bolivia;;Chuquisaca;2011;41,491508;USD6.85
Bolivia;;La Paz;2011;26,556488;USD6.85
Bolivia;;Cochabamba;2011;19,015878;USD6.85
Bolivia;;Oruro;2011;29,259517;USD6.85
Bolivia;;Potosí;2011;53,316291;USD6.85
Bolivia;;Tarija;2011;17,01232;USD6.85
Bolivia;;Santa Cruz;2011;10,372092;USD6.85
Bolivia;;Beni;2011;24,478708;USD6.85
Bolivia;;Pando;2011;15,868372;USD6.85
Bolivia;;National;2012;23,672022;USD6.85
Bolivia;;Chuquisaca;2012;49,006331;USD6.85
Bolivia;;La Paz;2012;26,027926;USD6.85
Bolivia;;Cochabamba;2012;21,807811;USD6.85
Bolivia;;Oruro;2012;20,871386;USD6.85
Bolivia;;Potosí;2012;50,596806;USD6.85
Bolivia;;Tarija;2012;2,9192949;USD6.85
Bolivia;;Santa Cruz;2012;13,756627;USD6.85
Bolivia;;Beni;2012;21,448235;USD6.85
Bolivia;;Pando;2012;18,93744;USD6.85
Bolivia;;National;2013;21,759178;USD6.85
Bolivia;;Chuquisaca;2013;42,985037;USD6.85
Bolivia;;La Paz;2013;27,510932;USD6.85
Bolivia;;Cochabamba;2013;22,459444;USD6.85
Bolivia;;Oruro;2013;17,54919;USD6.85
Bolivia;;Potosí;2013;43,561671;USD6.85
Bolivia;;Tarija;2013;6,9899858;USD6.85
Bolivia;;Santa Cruz;2013;8,9888222;USD6.85
Bolivia;;Beni;2013;17,523899;USD6.85
Bolivia;;Pando;2013;16,625641;USD6.85
Bolivia;;National;2014;20,188173;USD6.85
Bolivia;;Chuquisaca;2014;32,719473;USD6.85
Bolivia;;La Paz;2014;24,539835;USD6.85
Bolivia;;Cochabamba;2014;17,249109;USD6.85
Bolivia;;Oruro;2014;14,974643;USD6.85
Bolivia;;Potosí;2014;44,739265;USD6.85
Bolivia;;Tarija;2014;9,0316056;USD6.85
Bolivia;;Santa Cruz;2014;11,264546;USD6.85
Bolivia;;Beni;2014;18,691225;USD6.85
Bolivia;;Pando;2014;19,975645;USD6.85
Bolivia;;National;2015;20,478486;USD6.85
Bolivia;;Chuquisaca;2015;39,259513;USD6.85
Bolivia;;La Paz;2015;21,604011;USD6.85
Bolivia;;Cochabamba;2015;20,592337;USD6.85
Bolivia;;Oruro;2015;24,876345;USD6.85
Bolivia;;Potosí;2015;40,15845;USD6.85
Bolivia;;Tarija;2015;13,569169;USD6.85
Bolivia;;Santa Cruz;2015;10,892804;USD6.85
Bolivia;;Beni;2015;18,516702;USD6.85
Bolivia;;Pando;2015;14,642005;USD6.85
Bolivia;;National;2016;21,966973;USD6.85
Bolivia;;Chuquisaca;2016;37,336041;USD6.85
Bolivia;;La Paz;2016;19,719735;USD6.85
Bolivia;;Cochabamba;2016;24,103159;USD6.85
Bolivia;;Oruro;2016;21,40911;USD6.85
Bolivia;;Potosí;2016;53,371782;USD6.85
Bolivia;;Tarija;2016;12,540367;USD6.85
Bolivia;;Santa Cruz;2016;12,463384;USD6.85
Bolivia;;Beni;2016;21,297703;USD6.85
Bolivia;;Pando;2016;23,746401;USD6.85
Bolivia;;National;2017;21,018225;USD6.85
Bolivia;;Chuquisaca;2017;37,553877;USD6.85
Bolivia;;La Paz;2017;22,485972;USD6.85
Bolivia;;Cochabamba;2017;20,830053;USD6.85
Bolivia;;Oruro;2017;27,842311;USD6.85
Bolivia;;Potosí;2017;42,848784;USD6.85
Bolivia;;Tarija;2017;14,920203;USD6.85
Bolivia;;Santa Cruz;2017;9,4394347;USD6.85
Bolivia;;Beni;2017;26,963585;USD6.85
Bolivia;;Pando;2017;21,021857;USD6.85
Bolivia;;National;2018;19,099494;USD6.85
Bolivia;;Chuquisaca;2018;30,954705;USD6.85
Bolivia;;La Paz;2018;23,332597;USD6.85
Bolivia;;Cochabamba;2018;16,163492;USD6.85
Bolivia;;Oruro;2018;23,730056;USD6.85
Bolivia;;Potosí;2018;41,914075;USD6.85
Bolivia;;Tarija;2018;9,788378;USD6.85
Bolivia;;Santa Cruz;2018;8,9746096;USD6.85
Bolivia;;Beni;2018;23,288334;USD6.85
Bolivia;;Pando;2018;15,014775;USD6.85
Bolivia;;National;2019;15,541866;USD6.85
Bolivia;;Chuquisaca;2019;28,556573;USD6.85
Bolivia;;La Paz;2019;17,826623;USD6.85
Bolivia;;Cochabamba;2019;15,437297;USD6.85
Bolivia;;Oruro;2019;17,502504;USD6.85
Bolivia;;Potosí;2019;26,56649;USD6.85
Bolivia;;Tarija;2019;13,17228;USD6.85
Bolivia;;Santa Cruz;2019;8,7605701;USD6.85
Bolivia;;Beni;2019;13,508114;USD6.85
Bolivia;;Pando;2019;9,5155917;USD6.85
Bolivia;;National;2020;17,289895;USD6.85
Bolivia;;Chuquisaca;2020;34,95868;USD6.85
Bolivia;;La Paz;2020;13,219211;USD6.85
Bolivia;;Cochabamba;2020;18,702712;USD6.85
Bolivia;;Oruro;2020;19,798865;USD6.85
Bolivia;;Potosí;2020;44,652079;USD6.85
Bolivia;;Tarija;2020;18,393919;USD6.85
Bolivia;;Santa Cruz;2020;7,8722777;USD6.85
Bolivia;;Beni;2020;19,927825;USD6.85
Bolivia;;Pando;2020;22,816836;USD6.85
Bolivia;;National;2021;15,2;USD6.85
Bolivia;;Chuquisaca;2021;34,3;USD6.85
Bolivia;;La Paz;2021;13,4;USD6.85
Bolivia;;Cochabamba;2021;14,8;USD6.85
Bolivia;;Oruro;2021;17,9;USD6.85
Bolivia;;Potosí;2021;37,7;USD6.85
Bolivia;;Tarija;2021;14,2;USD6.85
Bolivia;;Santa Cruz;2021;7,3;USD6.85
Bolivia;;Beni;2021;11,6;USD6.85
Bolivia;;Pando;2021;21,1;USD6.85
Brazil;PNAD;National;1989;58,338973;USD6.85
Brazil;PNAD;Norte;1989;57,13767;USD6.85
Brazil;PNAD;Nordeste;1989;81,270607;USD6.85
Brazil;PNAD;Sudeste;1989;46,336699;USD6.85
Brazil;PNAD;Sur;1989;52,651268;USD6.85
Brazil;PNAD;Centro-Oeste;1989;56,508666;USD6.85
Brazil;PNAD;National;1990;63,72832;USD6.85
Brazil;PNAD;Norte;1990;62,449782;USD6.85
Brazil;PNAD;Nordeste;1990;84,076962;USD6.85
Brazil;PNAD;Sudeste;1990;52,380235;USD6.85
Brazil;PNAD;Sur;1990;59,242632;USD6.85
Brazil;PNAD;Centro-Oeste;1990;60,554248;USD6.85
Brazil;New PNAD;National;1993;64,336454;USD6.85
Brazil;New PNAD;Norte;1993;73,126416;USD6.85
Brazil;New PNAD;Nordeste;1993;83,402916;USD6.85
Brazil;New PNAD;Sudeste;1993;54,921354;USD6.85
Brazil;New PNAD;Sur;1993;53,939473;USD6.85
Brazil;New PNAD;Centro-Oeste;1993;62,640586;USD6.85
Brazil;New PNAD;National;1995;52,638597;USD6.85
Brazil;New PNAD;Norte;1995;61,926142;USD6.85
Brazil;New PNAD;Nordeste;1995;76,211331;USD6.85
Brazil;New PNAD;Sudeste;1995;39,192883;USD6.85
Brazil;New PNAD;Sur;1995;44,020873;USD6.85
Brazil;New PNAD;Centro-Oeste;1995;52,221691;USD6.85
Brazil;New PNAD;National;1996;52,616003;USD6.85
Brazil;New PNAD;Norte;1996;64,01574;USD6.85
Brazil;New PNAD;Nordeste;1996;76,664275;USD6.85
Brazil;New PNAD;Sudeste;1996;38,67585;USD6.85
Brazil;New PNAD;Sur;1996;42,533358;USD6.85
Brazil;New PNAD;Centro-Oeste;1996;53,51155;USD6.85
Brazil;New PNAD;National;1997;53,003435;USD6.85
Brazil;New PNAD;Norte;1997;65,253257;USD6.85
Brazil;New PNAD;Nordeste;1997;77,144339;USD6.85
Brazil;New PNAD;Sudeste;1997;39,215483;USD6.85
Brazil;New PNAD;Sur;1997;43,951533;USD6.85
Brazil;New PNAD;Centro-Oeste;1997;50,814635;USD6.85
Brazil;New PNAD;National;1998;51,964432;USD6.85
Brazil;New PNAD;Norte;1998;64,070705;USD6.85
Brazil;New PNAD;Nordeste;1998;75,402663;USD6.85
Brazil;New PNAD;Sudeste;1998;39,097221;USD6.85
Brazil;New PNAD;Sur;1998;42,680928;USD6.85
Brazil;New PNAD;Centro-Oeste;1998;50,097;USD6.85
Brazil;New PNAD;National;1999;53,810482;USD6.85
Brazil;New PNAD;Norte;1999;65,416018;USD6.85
Brazil;New PNAD;Nordeste;1999;76,37212;USD6.85
Brazil;New PNAD;Sudeste;1999;41,144409;USD6.85
Brazil;New PNAD;Sur;1999;44,747604;USD6.85
Brazil;New PNAD;Centro-Oeste;1999;52,33762;USD6.85
Brazil;New PNAD;National;2001;48,020959;USD6.85
Brazil;New PNAD;Norte;2001;60,774961;USD6.85
Brazil;New PNAD;Nordeste;2001;72,83318;USD6.85
Brazil;New PNAD;Sudeste;2001;34,545372;USD6.85
Brazil;New PNAD;Sur;2001;35,584744;USD6.85
Brazil;New PNAD;Centro-Oeste;2001;46,353873;USD6.85
Brazil;New PNAD;National;2002;47,319322;USD6.85
Brazil;New PNAD;Norte;2002;61,296192;USD6.85
Brazil;New PNAD;Nordeste;2002;72,651728;USD6.85
Brazil;New PNAD;Sudeste;2002;33,929959;USD6.85
Brazil;New PNAD;Sur;2002;33,560814;USD6.85
Brazil;New PNAD;Centro-Oeste;2002;44,222769;USD6.85
Brazil;New PNAD;National;2003;48,658196;USD6.85
Brazil;New PNAD;Norte;2003;62,926825;USD6.85
Brazil;New PNAD;Nordeste;2003;73,565344;USD6.85
Brazil;New PNAD;Sudeste;2003;36,04212;USD6.85
Brazil;New PNAD;Sur;2003;33,336685;USD6.85
Brazil;New PNAD;Centro-Oeste;2003;45,162325;USD6.85
Brazil;New PNAD;National;2004;46,840253;USD6.85
Brazil;New PNAD;Norte;2004;58,890113;USD6.85
Brazil;New PNAD;Nordeste;2004;72,268346;USD6.85
Brazil;New PNAD;Sudeste;2004;34,639534;USD6.85
Brazil;New PNAD;Sur;2004;30,782408;USD6.85
Brazil;New PNAD;Centro-Oeste;2004;41,853527;USD6.85
Brazil;With Rural North;National;2004;47,337734;USD6.85
Brazil;With Rural North;Norte;2004;62,469734;USD6.85
Brazil;With Rural North;Nordeste;2004;72,228155;USD6.85
Brazil;With Rural North;Sudeste;2004;34,58119;USD6.85
Brazil;With Rural North;Sur;2004;30,726694;USD6.85
Brazil;With Rural North;Centro-Oeste;2004;41,828232;USD6.85
Brazil;With Rural North;National;2005;45,017971;USD6.85
Brazil;With Rural North;Norte;2005;60,227493;USD6.85
Brazil;With Rural North;Nordeste;2005;69,698557;USD6.85
Brazil;With Rural North;Sudeste;2005;31,647593;USD6.85
Brazil;With Rural North;Sur;2005;29,935725;USD6.85
Brazil;With Rural North;Centro-Oeste;2005;40,482388;USD6.85
Brazil;With Rural North;National;2006;41,379542;USD6.85
Brazil;With Rural North;Norte;2006;57,06175;USD6.85
Brazil;With Rural North;Nordeste;2006;65,44994;USD6.85
Brazil;With Rural North;Sudeste;2006;28,45234;USD6.85
Brazil;With Rural North;Sur;2006;26,127917;USD6.85
Brazil;With Rural North;Centro-Oeste;2006;35,952598;USD6.85
Brazil;With Rural North;National;2007;39,013388;USD6.85
Brazil;With Rural North;Norte;2007;55,0892;USD6.85
Brazil;With Rural North;Nordeste;2007;62,809445;USD6.85
Brazil;With Rural North;Sudeste;2007;26,35041;USD6.85
Brazil;With Rural North;Sur;2007;23,2396;USD6.85
Brazil;With Rural North;Centro-Oeste;2007;33,265797;USD6.85
Brazil;With Rural North;National;2008;35,826041;USD6.85
Brazil;With Rural North;Norte;2008;49,924505;USD6.85
Brazil;With Rural North;Nordeste;2008;59,258239;USD6.85
Brazil;With Rural North;Sudeste;2008;23,620283;USD6.85
Brazil;With Rural North;Sur;2008;21,113948;USD6.85
Brazil;With Rural North;Centro-Oeste;2008;28,754335;USD6.85
Brazil;With Rural North;National;2009;33,807117;USD6.85
Brazil;With Rural North;Norte;2009;48,940634;USD6.85
Brazil;With Rural North;Nordeste;2009;56,722914;USD6.85
Brazil;With Rural North;Sudeste;2009;21,582715;USD6.85
Brazil;With Rural North;Sur;2009;19,225392;USD6.85
Brazil;With Rural North;Centro-Oeste;2009;27,013496;USD6.85
Brazil;With Rural North;National;2011;29,910526;USD6.85
Brazil;With Rural North;Norte;2011;45,906053;USD6.85
Brazil;With Rural North;Nordeste;2011;51,917522;USD6.85
Brazil;With Rural North;Sudeste;2011;18,681222;USD6.85
Brazil;With Rural North;Sur;2011;15,650507;USD6.85
Brazil;With Rural North;Centro-Oeste;2011;20,141503;USD6.85
Brazil;With Rural North;National;2012;26,692773;USD6.85
Brazil;With Rural North;Norte;2012;42,222271;USD6.85
Brazil;With Rural North;Nordeste;2012;46,809339;USD6.85
Brazil;With Rural North;Sudeste;2012;16,280969;USD6.85
Brazil;With Rural North;Sur;2012;13,222331;USD6.85
Brazil;With Rural North;Centro-Oeste;2012;17,827272;USD6.85
Brazil;With Rural North;National;2013;25,086413;USD6.85
Brazil;With Rural North;Norte;2013;40,971127;USD6.85
Brazil;With Rural North;Nordeste;2013;43,685122;USD6.85
Brazil;With Rural North;Sudeste;2013;15,498685;USD6.85
Brazil;With Rural North;Sur;2013;11,843177;USD6.85
Brazil;With Rural North;Centro-Oeste;2013;16,419592;USD6.85
Brazil;With Rural North;National;2014;23,176035;USD6.85
Brazil;With Rural North;Norte;2014;37,70366;USD6.85
Brazil;With Rural North;Nordeste;2014;41,514549;USD6.85
Brazil;With Rural North;Sudeste;2014;14,042687;USD6.85
Brazil;With Rural North;Sur;2014;10,646437;USD6.85
Brazil;With Rural North;Centro-Oeste;2014;13,5527;USD6.85
Brazil;With Rural North;National;2015;25,004339;USD6.85
Brazil;With Rural North;Norte;2015;40,402399;USD6.85
Brazil;With Rural North;Nordeste;2015;43,453295;USD6.85
Brazil;With Rural North;Sudeste;2015;15,654863;USD6.85
Brazil;With Rural North;Sur;2015;12,060468;USD6.85
Brazil;With Rural North;Centro-Oeste;2015;15,930864;USD6.85
Brazil;New PNADC;National;2012;28,204389;USD6.85
Brazil;New PNADC;Norte;2012;44,048844;USD6.85
Brazil;New PNADC;Nordeste;2012;48,072993;USD6.85
Brazil;New PNADC;Sudeste;2012;18,322684;USD6.85
Brazil;New PNADC;Sur;2012;14,251914;USD6.85
Brazil;New PNADC;Centro-Oeste;2012;20,779514;USD6.85
Brazil;New PNADC;National;2013;25,72638;USD6.85
Brazil;New PNADC;Norte;2013;41,873856;USD6.85
Brazil;New PNADC;Nordeste;2013;44,182457;USD6.85
Brazil;New PNADC;Sudeste;2013;16,83671;USD6.85
Brazil;New PNADC;Sur;2013;12,068076;USD6.85
Brazil;New PNADC;Centro-Oeste;2013;17,106695;USD6.85
Brazil;New PNADC;National;2014;24,349141;USD6.85
Brazil;New PNADC;Norte;2014;39,577236;USD6.85
Brazil;New PNADC;Nordeste;2014;41,805755;USD6.85
Brazil;New PNADC;Sudeste;2014;15,73905;USD6.85
Brazil;New PNADC;Sur;2014;11,34761;USD6.85
Brazil;New PNADC;Centro-Oeste;2014;17,519656;USD6.85
Brazil;New PNADC;National;2015;25,277874;USD6.85
Brazil;New PNADC;Norte;2015;41,583346;USD6.85
Brazil;New PNADC;Nordeste;2015;42,803708;USD6.85
Brazil;New PNADC;Sudeste;2015;16,553782;USD6.85
Brazil;New PNADC;Sur;2015;11,847916;USD6.85
Brazil;New PNADC;Centro-Oeste;2015;18,287258;USD6.85
Brazil;New PNADC;National;2016;27,020358;USD6.85
Brazil;New PNADC;Norte;2016;45,522097;USD6.85
Brazil;New PNADC;Nordeste;2016;46,504716;USD6.85
Brazil;New PNADC;Sudeste;2016;16,955048;USD6.85
Brazil;New PNADC;Sur;2016;12,932005;USD6.85
Brazil;New PNADC;Centro-Oeste;2016;18,669936;USD6.85
Brazil;New PNADC;National;2017;27,051251;USD6.85
Brazil;New PNADC;Norte;2017;44,061728;USD6.85
Brazil;New PNADC;Nordeste;2017;46,323745;USD6.85
Brazil;New PNADC;Sudeste;2017;17,889072;USD6.85
Brazil;New PNADC;Sur;2017;11,996124;USD6.85
Brazil;New PNADC;Centro-Oeste;2017;18,009191;USD6.85
Brazil;New PNADC;National;2018;26,656525;USD6.85
Brazil;New PNADC;Norte;2018;43,643026;USD6.85
Brazil;New PNADC;Nordeste;2018;46,238554;USD6.85
Brazil;New PNADC;Sudeste;2018;17,095174;USD6.85
Brazil;New PNADC;Sur;2018;12,184209;USD6.85
Brazil;New PNADC;Centro-Oeste;2018;17,752287;USD6.85
Brazil;New PNADC;National;2019;26,172721;USD6.85
Brazil;New PNADC;Norte;2019;44,550337;USD6.85
Brazil;New PNADC;Nordeste;2019;45,568673;USD6.85
Brazil;New PNADC;Sudeste;2019;16,47018;USD6.85
Brazil;New PNADC;Sur;2019;11,824405;USD6.85
Brazil;New PNADC;Centro-Oeste;2019;16,938031;USD6.85
Brazil;New PNADC;National;2020;18,725513;USD6.85
Brazil;New PNADC;Norte;2020;29,56263;USD6.85
Brazil;New PNADC;Nordeste;2020;31,685179;USD6.85
Brazil;New PNADC;Sudeste;2020;12,60636;USD6.85
Brazil;New PNADC;Sur;2020;8,511651;USD6.85
Brazil;New PNADC;Centro-Oeste;2020;13,388621;USD6.85
Brazil;New PNADC;National;2021;28,358115;USD6.85
Brazil;New PNADC;Norte;2021;43,219451;USD6.85
Brazil;New PNADC;Nordeste;2021;46,290722;USD6.85
Brazil;New PNADC;Sudeste;2021;20,23268;USD6.85
Brazil;New PNADC;Sur;2021;13,019745;USD6.85
Brazil;New PNADC;Centro-Oeste;2021;21,510486;USD6.85
Brazil;New PNADC;National;2022;23,458378;USD6.85
Brazil;New PNADC;Norte;2022;37,02084;USD6.85
Brazil;New PNADC;Nordeste;2022;41,122431;USD6.85
Brazil;New PNADC;Sudeste;2022;15,260549;USD6.85
Brazil;New PNADC;Sur;2022;10,475767;USD6.85
Brazil;New PNADC;Centro-Oeste;2022;15,187074;USD6.85
Chile;;National;1987;62,123281;USD6.85
Chile;;Region 1;1987;57,727337;USD6.85
Chile;;Region 2;1987;54,493192;USD6.85
Chile;;Region 3;1987;59,044964;USD6.85
Chile;;Region 4;1987;71,441602;USD6.85
Chile;;Region 5;1987;57,777296;USD6.85
Chile;;Region 6;1987;67,458372;USD6.85
Chile;;Region 7;1987;69,536103;USD6.85
Chile;;Region 8;1987;72,750547;USD6.85
Chile;;Region 9;1987;75,122506;USD6.85
Chile;;Region 10;1987;73,936038;USD6.85
Chile;;Region 11;1987;45,435023;USD6.85
Chile;;Region 12;1987;37,762428;USD6.85
Chile;;Region 13;1987;54,591809;USD6.85
Chile;;National;1990;56,014596;USD6.85
Chile;;Region 1;1990;45,394038;USD6.85
Chile;;Region 2;1990;47,501138;USD6.85
Chile;;Region 3;1990;49,545802;USD6.85
Chile;;Region 4;1990;66,272612;USD6.85
Chile;;Region 5;1990;59,216216;USD6.85
Chile;;Region 6;1990;61,645967;USD6.85
Chile;;Region 7;1990;63,986139;USD6.85
Chile;;Region 8;1990;65,089798;USD6.85
Chile;;Region 9;1990;65,600796;USD6.85
Chile;;Region 10;1990;63,295241;USD6.85
Chile;;Region 11;1990;53,981529;USD6.85
Chile;;Region 12;1990;43,461864;USD6.85
Chile;;Region 13;1990;48,397925;USD6.85
Chile;;National;1992;50,665294;USD6.85
Chile;;Region 1;1992;41,459447;USD6.85
Chile;;Region 2;1992;47,722075;USD6.85
Chile;;Region 3;1992;46,052526;USD6.85
Chile;;Region 4;1992;62,037488;USD6.85
Chile;;Region 5;1992;51,583449;USD6.85
Chile;;Region 6;1992;53,702297;USD6.85
Chile;;Region 7;1992;60,883982;USD6.85
Chile;;Region 8;1992;64,099583;USD6.85
Chile;;Region 9;1992;63,790947;USD6.85
Chile;;Region 10;1992;55,871085;USD6.85
Chile;;Region 11;1992;51,170702;USD6.85
Chile;;Region 12;1992;42,161707;USD6.85
Chile;;Region 13;1992;41,460466;USD6.85
Chile;;National;1994;47,091737;USD6.85
Chile;;Region 1;1994;40,185164;USD6.85
Chile;;Region 2;1994;44,298404;USD6.85
Chile;;Region 3;1994;50,138755;USD6.85
Chile;;Region 4;1994;55,224905;USD6.85
Chile;;Region 5;1994;45,113631;USD6.85
Chile;;Region 6;1994;56,206957;USD6.85
Chile;;Region 7;1994;63,181715;USD6.85
Chile;;Region 8;1994;59,29235;USD6.85
Chile;;Region 9;1994;59,126501;USD6.85
Chile;;Region 10;1994;56,839519;USD6.85
Chile;;Region 11;1994;54,210875;USD6.85
Chile;;Region 12;1994;30,519438;USD6.85
Chile;;Region 13;1994;36,563432;USD6.85
Chile;;National;1996;41,366704;USD6.85
Chile;;Region 1;1996;36,194959;USD6.85
Chile;;Region 2;1996;27,602019;USD6.85
Chile;;Region 3;1996;44,128238;USD6.85
Chile;;Region 4;1996;54,964194;USD6.85
Chile;;Region 5;1996;40,727229;USD6.85
Chile;;Region 6;1996;50,923564;USD6.85
Chile;;Region 7;1996;59,584203;USD6.85
Chile;;Region 8;1996;54,429677;USD6.85
Chile;;Region 9;1996;57,602151;USD6.85
Chile;;Region 10;1996;56,56647;USD6.85
Chile;;Region 11;1996;39,666093;USD6.85
Chile;;Region 12;1996;26,413545;USD6.85
Chile;;Region 13;1996;29,098387;USD6.85
Chile;;National;1998;38,928998;USD6.85
Chile;;Region 1;1998;31,374151;USD6.85
Chile;;Region 2;1998;25,588437;USD6.85
Chile;;Region 3;1998;44,580624;USD6.85
Chile;;Region 4;1998;46,518807;USD6.85
Chile;;Region 5;1998;37,380725;USD6.85
Chile;;Region 6;1998;47,665495;USD6.85
Chile;;Region 7;1998;52,369225;USD6.85
Chile;;Region 8;1998;51,216743;USD6.85
Chile;;Region 9;1998;54,28216;USD6.85
Chile;;Region 10;1998;51,048492;USD6.85
Chile;;Region 11;1998;31,927878;USD6.85
Chile;;Region 12;1998;22,90009;USD6.85
Chile;;Region 13;1998;29,40416;USD6.85
Chile;;National;2000;42,138798;USD6.85
Chile;;Region 1;2000;40,011479;USD6.85
Chile;;Region 2;2000;27,275731;USD6.85
Chile;;Region 3;2000;51,124725;USD6.85
Chile;;Region 4;2000;52,034245;USD6.85
Chile;;Region 5;2000;39,145797;USD6.85
Chile;;Region 6;2000;48,009697;USD6.85
Chile;;Region 7;2000;53,158336;USD6.85
Chile;;Region 8;2000;52,942977;USD6.85
Chile;;Region 9;2000;61,151472;USD6.85
Chile;;Region 10;2000;53,069751;USD6.85
Chile;;Region 11;2000;35,56604;USD6.85
Chile;;Region 12;2000;24,633284;USD6.85
Chile;;Region 13;2000;32,994015;USD6.85
Chile;;National;2003;41,475167;USD6.85
Chile;;Region 1;2003;41,612689;USD6.85
Chile;;Region 2;2003;32,8752;USD6.85
Chile;;Region 3;2003;47,3355;USD6.85
Chile;;Region 4;2003;48,936341;USD6.85
Chile;;Region 5;2003;43,827474;USD6.85
Chile;;Region 6;2003;42,486654;USD6.85
Chile;;Region 7;2003;55,353322;USD6.85
Chile;;Region 8;2003;51,815337;USD6.85
Chile;;Region 9;2003;61,004527;USD6.85
Chile;;Region 10;2003;47,659929;USD6.85
Chile;;Region 11;2003;35,953556;USD6.85
Chile;;Region 12;2003;24,259001;USD6.85
Chile;;Region 13;2003;31,875604;USD6.85
Chile;;starting in 2006, the results are not directly comparable with previous years;2006;29,070267;USD6.85
Chile;;starting in 2006, the results are not directly comparable with previous years;2009;24,411875;USD6.85
Chile;;starting in 2006, the results are not directly comparable with previous years;2011;20,913894;USD6.85
Chile;;starting in 2006, the results are not directly comparable with previous years;2013;12,488173;USD6.85
Chile;;starting in 2006, the results are not directly comparable with previous years;2015;9,7346284;USD6.85
Chile;;starting in 2006, the results are not directly comparable with previous years;2017;7,4741008;USD6.85
Chile;;starting in 2006, the results are not directly comparable with previous years;2020;9,8847672;USD6.85
Chile;;starting in 2006, the results are not directly comparable with previous years;2022;4,7183733;USD6.85
Colombia;ECH-National;National;2002;57,666715;USD6.85
Colombia;ECH-National;Atlántica;2002;70,069354;USD6.85
Colombia;ECH-National;Oriental;2002;60,457748;USD6.85
Colombia;ECH-National;Central;2002;56,989013;USD6.85
Colombia;ECH-National;Pacífica;2002;62,253213;USD6.85
Colombia;ECH-National; Bogotá;2002;34,135734;USD6.85
Colombia;ECH-National;National;2003;57,970548;USD6.85
Colombia;ECH-National;Atlántica;2003;66,869089;USD6.85
Colombia;ECH-National;Oriental;2003;60,599772;USD6.85
Colombia;ECH-National;Central;2003;58,514989;USD6.85
Colombia;ECH-National;Pacífica;2003;62,449375;USD6.85
Colombia;ECH-National; Bogotá;2003;37,4743;USD6.85
Colombia;ECH-National;National;2004;57,346777;USD6.85
Colombia;ECH-National;Atlántica;2004;69,581403;USD6.85
Colombia;ECH-National;Oriental;2004;62,050004;USD6.85
Colombia;ECH-National;Central;2004;57,500254;USD6.85
Colombia;ECH-National;Pacífica;2004;60,194966;USD6.85
Colombia;ECH-National; Bogotá;2004;32,474546;USD6.85
Colombia;ECH-National;National;2005;53,523699;USD6.85
Colombia;ECH-National;Atlántica;2005;65,040423;USD6.85
Colombia;ECH-National;Oriental;2005;55,561297;USD6.85
Colombia;ECH-National;Central;2005;54,178805;USD6.85
Colombia;ECH-National;Pacífica;2005;57,325795;USD6.85
Colombia;ECH-National; Bogotá;2005;30,897944;USD6.85
Colombia;GEIH-National;National;2008;48,503174;USD6.85
Colombia;GEIH-National;Atlántica;2008;65,908071;USD6.85
Colombia;GEIH-National;Oriental;2008;46,207097;USD6.85
Colombia;GEIH-National;Central;2008;49,184172;USD6.85
Colombia;GEIH-National;Pacífica;2008;53,424506;USD6.85
Colombia;GEIH-National; Bogotá;2008;22,19191;USD6.85
Colombia;GEIH-National;National;2009;47,306278;USD6.85
Colombia;GEIH-National;Atlántica;2009;64,076673;USD6.85
Colombia;GEIH-National;Oriental;2009;43,691781;USD6.85
Colombia;GEIH-National;Central;2009;47,705833;USD6.85
Colombia;GEIH-National;Pacífica;2009;53,898472;USD6.85
Colombia;GEIH-National; Bogotá;2009;21,245449;USD6.85
Colombia;GEIH-National;National;2010;44,591416;USD6.85
Colombia;GEIH-National;Atlántica;2010;61,268228;USD6.85
Colombia;GEIH-National;Oriental;2010;41,219464;USD6.85
Colombia;GEIH-National;Central;2010;45,011141;USD6.85
Colombia;GEIH-National;Pacífica;2010;51,911885;USD6.85
Colombia;GEIH-National; Bogotá;2010;17,981657;USD6.85
Colombia;GEIH-National;National;2011;41,648113;USD6.85
Colombia;GEIH-National;Atlántica;2011;57,438443;USD6.85
Colombia;GEIH-National;Oriental;2011;38,739287;USD6.85
Colombia;GEIH-National;Central;2011;41,612851;USD6.85
Colombia;GEIH-National;Pacífica;2011;49,744693;USD6.85
Colombia;GEIH-National; Bogotá;2011;15,537736;USD6.85
Colombia;GEIH-National;National;2012;39,776169;USD6.85
Colombia;GEIH-National;Atlántica;2012;55,172016;USD6.85
Colombia;GEIH-National;Oriental;2012;36,826787;USD6.85
Colombia;GEIH-National;Central;2012;40,323427;USD6.85
Colombia;GEIH-National;Pacífica;2012;47,59556;USD6.85
Colombia;GEIH-National; Bogotá;2012;13,700346;USD6.85
Colombia;GEIH-National;National;2013;37,623813;USD6.85
Colombia;GEIH-National;Atlántica;2013;52,317105;USD6.85
Colombia;GEIH-National;Oriental;2013;35,470354;USD6.85
Colombia;GEIH-National;Central;2013;37,464841;USD6.85
Colombia;GEIH-National;Pacífica;2013;45,643629;USD6.85
Colombia;GEIH-National; Bogotá;2013;12,435246;USD6.85
Colombia;GEIH-National;National;2014;35,428488;USD6.85
Colombia;GEIH-National;Atlántica;2014;49,334855;USD6.85
Colombia;GEIH-National;Oriental;2014;33,618954;USD6.85
Colombia;GEIH-National;Central;2014;35,389682;USD6.85
Colombia;GEIH-National;Pacífica;2014;42,234315;USD6.85
Colombia;GEIH-National; Bogotá;2014;11,985594;USD6.85
Colombia;GEIH-National;National;2015;34,59511;USD6.85
Colombia;GEIH-National;Atlántica;2015;48,192976;USD6.85
Colombia;GEIH-National;Oriental;2015;32,616803;USD6.85
Colombia;GEIH-National;Central;2015;34,65562;USD6.85
Colombia;GEIH-National;Pacífica;2015;40,402807;USD6.85
Colombia;GEIH-National; Bogotá;2015;12,625978;USD6.85
Colombia;GEIH-National;National;2016;34,348891;USD6.85
Colombia;GEIH-National;Atlántica;2016;48,220037;USD6.85
Colombia;GEIH-National;Oriental;2016;32,654402;USD6.85
Colombia;GEIH-National;Central;2016;32,920428;USD6.85
Colombia;GEIH-National;Pacífica;2016;40,819616;USD6.85
Colombia;GEIH-National; Bogotá;2016;13,276214;USD6.85
Colombia;GEIH-National;National;2017;33,704223;USD6.85
Colombia;GEIH-National;Atlántica;2017;47,302563;USD6.85
Colombia;GEIH-National;Oriental;2017;32,398545;USD6.85
Colombia;GEIH-National;Central;2017;31,878636;USD6.85
Colombia;GEIH-National;Pacífica;2017;38,441784;USD6.85
Colombia;GEIH-National; Bogotá;2017;14,99135;USD6.85
Colombia;GEIH-National;National;2018;33,934361;USD6.85
Colombia;GEIH-National;Atlántica;2018;47,00482;USD6.85
Colombia;GEIH-National;Oriental;2018;33,104619;USD6.85
Colombia;GEIH-National;Central;2018;31,937257;USD6.85
Colombia;GEIH-National;Pacífica;2018;39,39627;USD6.85
Colombia;GEIH-National; Bogotá;2018;14,899837;USD6.85
Colombia;GEIH-National;National;2019;34,803916;USD6.85
Colombia;GEIH-National;Atlántica;2019;48,470601;USD6.85
Colombia;GEIH-National;Oriental;2019;35,40937;USD6.85
Colombia;GEIH-National;Central;2019;32,704066;USD6.85
Colombia;GEIH-National;Pacífica;2019;39,066563;USD6.85
Colombia;GEIH-National; Bogotá;2019;14,865678;USD6.85
Colombia;GEIH-National;National;2020;42,230977;USD6.85
Colombia;GEIH-National;Atlántica;2020;56,85499;USD6.85
Colombia;GEIH-National;Oriental;2020;41,540097;USD6.85
Colombia;GEIH-National;Central;2020;37,332974;USD6.85
Colombia;GEIH-National;Pacífica;2020;46,090572;USD6.85
Colombia;GEIH-National; Bogotá;2020;26,956973;USD6.85
Colombia;GEIH-National;National;2021;39,197384;USD6.85
Colombia;GEIH-National;Atlántica;2021;54,792442;USD6.85
Colombia;GEIH-National;Oriental;2021;38,589166;USD6.85
Colombia;GEIH-National;Central;2021;33,178518;USD6.85
Colombia;GEIH-National;Pacífica;2021;42,378448;USD6.85
Colombia;GEIH-National; Bogotá;2021;24,935701;USD6.85
Colombia;GEIH-National - New Methodology;National;2021;38,778287;USD6.85
Colombia;GEIH-National - New Methodology;Atlántica;2021;55,182889;USD6.85
Colombia;GEIH-National - New Methodology;Oriental;2021;38,205819;USD6.85
Colombia;GEIH-National - New Methodology;Central;2021;34,429379;USD6.85
Colombia;GEIH-National - New Methodology;Pacífica;2021;40,906647;USD6.85
Colombia;GEIH-National - New Methodology; Bogotá;2021;19,794765;USD6.85
Colombia;GEIH-National - New Methodology;National;2022;34,785384;USD6.85
Colombia;GEIH-National - New Methodology;Atlántica;2022;53,511156;USD6.85
Colombia;GEIH-National - New Methodology;Oriental;2022;33,031058;USD6.85
Colombia;GEIH-National - New Methodology;Central;2022;29,778409;USD6.85
Colombia;GEIH-National - New Methodology;Pacífica;2022;36,279548;USD6.85
Colombia;GEIH-National - New Methodology; Bogotá;2022;15,527005;USD6.85
Costa Rica;Without Implicit Rent;National;1989;47,372564;USD6.85
Costa Rica;Without Implicit Rent;Region 1;1989;40,144973;USD6.85
Costa Rica;Without Implicit Rent;Region 2;1989;66,908675;USD6.85
Costa Rica;Without Implicit Rent;Region 3;1989;57,342089;USD6.85
Costa Rica;Without Implicit Rent;Region 4;1989;65,137002;USD6.85
Costa Rica;Without Implicit Rent;Region 5;1989;44,382745;USD6.85
Costa Rica;Without Implicit Rent;Region 6;1989;60,021135;USD6.85
Costa Rica;Without Implicit Rent;National;1990;45,639535;USD6.85
Costa Rica;Without Implicit Rent;Region 1;1990;37,301681;USD6.85
Costa Rica;Without Implicit Rent;Region 2;1990;68,78902;USD6.85
Costa Rica;Without Implicit Rent;Region 3;1990;57,60161;USD6.85
Costa Rica;Without Implicit Rent;Region 4;1990;69,707937;USD6.85
Costa Rica;Without Implicit Rent;Region 5;1990;43,31452;USD6.85
Costa Rica;Without Implicit Rent;Region 6;1990;62,582216;USD6.85
Costa Rica;Without Implicit Rent;National;1991;51,414654;USD6.85
Costa Rica;Without Implicit Rent;Region 1;1991;44,211919;USD6.85
Costa Rica;Without Implicit Rent;Region 2;1991;71,699216;USD6.85
Costa Rica;Without Implicit Rent;Region 3;1991;59,528536;USD6.85
Costa Rica;Without Implicit Rent;Region 4;1991;69,227692;USD6.85
Costa Rica;Without Implicit Rent;Region 5;1991;48,066199;USD6.85
Costa Rica;Without Implicit Rent;Region 6;1991;61,55234;USD6.85
Costa Rica;Without Implicit Rent;National;1992;48,040636;USD6.85
Costa Rica;Without Implicit Rent;Region 1;1992;41,720836;USD6.85
Costa Rica;Without Implicit Rent;Region 2;1992;66,923187;USD6.85
Costa Rica;Without Implicit Rent;Region 3;1992;53,600651;USD6.85
Costa Rica;Without Implicit Rent;Region 4;1992;68,274088;USD6.85
Costa Rica;Without Implicit Rent;Region 5;1992;43,937721;USD6.85
Costa Rica;Without Implicit Rent;Region 6;1992;55,11581;USD6.85
Costa Rica;Without Implicit Rent;National;1993;40,864243;USD6.85
Costa Rica;Without Implicit Rent;Region 1;1993;34,291878;USD6.85
Costa Rica;Without Implicit Rent;Region 2;1993;59,669719;USD6.85
Costa Rica;Without Implicit Rent;Region 3;1993;44,954122;USD6.85
Costa Rica;Without Implicit Rent;Region 4;1993;59,135429;USD6.85
Costa Rica;Without Implicit Rent;Region 5;1993;39,848894;USD6.85
Costa Rica;Without Implicit Rent;Region 6;1993;50,177244;USD6.85
Costa Rica;Without Implicit Rent;National;1994;36,57071;USD6.85
Costa Rica;Without Implicit Rent;Region 1;1994;28,242632;USD6.85
Costa Rica;Without Implicit Rent;Region 2;1994;58,116747;USD6.85
Costa Rica;Without Implicit Rent;Region 3;1994;40,631256;USD6.85
Costa Rica;Without Implicit Rent;Region 4;1994;61,546471;USD6.85
Costa Rica;Without Implicit Rent;Region 5;1994;39,156605;USD6.85
Costa Rica;Without Implicit Rent;Region 6;1994;45,209918;USD6.85
Costa Rica;Without Implicit Rent;National;1995;37,038733;USD6.85
Costa Rica;Without Implicit Rent;Region 1;1995;29,339583;USD6.85
Costa Rica;Without Implicit Rent;Region 2;1995;56,610711;USD6.85
Costa Rica;Without Implicit Rent;Region 3;1995;44,047728;USD6.85
Costa Rica;Without Implicit Rent;Region 4;1995;58,262024;USD6.85
Costa Rica;Without Implicit Rent;Region 5;1995;39,42606;USD6.85
Costa Rica;Without Implicit Rent;Region 6;1995;49,678523;USD6.85
Costa Rica;Without Implicit Rent;National;1996;41,333246;USD6.85
Costa Rica;Without Implicit Rent;Region 1;1996;32,896001;USD6.85
Costa Rica;Without Implicit Rent;Region 2;1996;60,877237;USD6.85
Costa Rica;Without Implicit Rent;Region 3;1996;44,495326;USD6.85
Costa Rica;Without Implicit Rent;Region 4;1996;60,668544;USD6.85
Costa Rica;Without Implicit Rent;Region 5;1996;49,650568;USD6.85
Costa Rica;Without Implicit Rent;Region 6;1996;56,406799;USD6.85
Costa Rica;Without Implicit Rent;National;1997;38,139681;USD6.85
Costa Rica;Without Implicit Rent;Region 1;1997;28,930245;USD6.85
Costa Rica;Without Implicit Rent;Region 2;1997;56,925098;USD6.85
Costa Rica;Without Implicit Rent;Region 3;1997;44,847129;USD6.85
Costa Rica;Without Implicit Rent;Region 4;1997;57,422024;USD6.85
Costa Rica;Without Implicit Rent;Region 5;1997;48,566141;USD6.85
Costa Rica;Without Implicit Rent;Region 6;1997;53,686435;USD6.85
Costa Rica;Without Implicit Rent;National;1998;33,580348;USD6.85
Costa Rica;Without Implicit Rent;Region 1;1998;24,928734;USD6.85
Costa Rica;Without Implicit Rent;Region 2;1998;53,883864;USD6.85
Costa Rica;Without Implicit Rent;Region 3;1998;39,479065;USD6.85
Costa Rica;Without Implicit Rent;Region 4;1998;54,030622;USD6.85
Costa Rica;Without Implicit Rent;Region 5;1998;39,768467;USD6.85
Costa Rica;Without Implicit Rent;Region 6;1998;45,55298;USD6.85
Costa Rica;Without Implicit Rent;National;1999;36,052297;USD6.85
Costa Rica;Without Implicit Rent;Region 1;1999;28,408787;USD6.85
Costa Rica;Without Implicit Rent;Region 2;1999;55,571996;USD6.85
Costa Rica;Without Implicit Rent;Region 3;1999;44,877756;USD6.85
Costa Rica;Without Implicit Rent;Region 4;1999;55,135778;USD6.85
Costa Rica;Without Implicit Rent;Region 5;1999;41,024278;USD6.85
Costa Rica;Without Implicit Rent;Region 6;1999;43,938192;USD6.85
Costa Rica;Without Implicit Rent;National;2000;36,109002;USD6.85
Costa Rica;Without Implicit Rent;Region 1;2000;27,720889;USD6.85
Costa Rica;Without Implicit Rent;Region 2;2000;54,10156;USD6.85
Costa Rica;Without Implicit Rent;Region 3;2000;41,449629;USD6.85
Costa Rica;Without Implicit Rent;Region 4;2000;57,655747;USD6.85
Costa Rica;Without Implicit Rent;Region 5;2000;45,764655;USD6.85
Costa Rica;Without Implicit Rent;Region 6;2000;46,037199;USD6.85
Costa Rica;Without Implicit Rent;National;2001;35,631266;USD6.85
Costa Rica;Without Implicit Rent;Region 1;2001;27,129633;USD6.85
Costa Rica;Without Implicit Rent;Region 2;2001;50,297421;USD6.85
Costa Rica;Without Implicit Rent;Region 3;2001;48,970449;USD6.85
Costa Rica;Without Implicit Rent;Region 4;2001;59,145971;USD6.85
Costa Rica;Without Implicit Rent;Region 5;2001;44,701345;USD6.85
Costa Rica;Without Implicit Rent;Region 6;2001;49,016008;USD6.85
Costa Rica;With Implicit Rent;National;2001;27,99193;USD6.85
Costa Rica;With Implicit Rent;Region 1;2001;18,93431;USD6.85
Costa Rica;With Implicit Rent;Region 2;2001;43,965589;USD6.85
Costa Rica;With Implicit Rent;Region 3;2001;39,713346;USD6.85
Costa Rica;With Implicit Rent;Region 4;2001;52,605157;USD6.85
Costa Rica;With Implicit Rent;Region 5;2001;38,533256;USD6.85
Costa Rica;With Implicit Rent;Region 6;2001;42,861932;USD6.85
Costa Rica;With Implicit Rent;National;2002;27,793448;USD6.85
Costa Rica;With Implicit Rent;Region 1;2002;18,809109;USD6.85
Costa Rica;With Implicit Rent;Region 2;2002;45,086845;USD6.85
Costa Rica;With Implicit Rent;Region 3;2002;33,873875;USD6.85
Costa Rica;With Implicit Rent;Region 4;2002;50,055511;USD6.85
Costa Rica;With Implicit Rent;Region 5;2002;41,607386;USD6.85
Costa Rica;With Implicit Rent;Region 6;2002;39,149335;USD6.85
Costa Rica;With Implicit Rent;National;2003;26,476872;USD6.85
Costa Rica;With Implicit Rent;Region 1;2003;17,751777;USD6.85
Costa Rica;With Implicit Rent;Region 2;2003;44,473053;USD6.85
Costa Rica;With Implicit Rent;Region 3;2003;34,363034;USD6.85
Costa Rica;With Implicit Rent;Region 4;2003;48,112001;USD6.85
Costa Rica;With Implicit Rent;Region 5;2003;37,280411;USD6.85
Costa Rica;With Implicit Rent;Region 6;2003;40,771423;USD6.85
Costa Rica;With Implicit Rent;National;2004;27,929032;USD6.85
Costa Rica;With Implicit Rent;Region 1;2004;19,612333;USD6.85
Costa Rica;With Implicit Rent;Region 2;2004;46,171042;USD6.85
Costa Rica;With Implicit Rent;Region 3;2004;31,487514;USD6.85
Costa Rica;With Implicit Rent;Region 4;2004;52,950277;USD6.85
Costa Rica;With Implicit Rent;Region 5;2004;36,978162;USD6.85
Costa Rica;With Implicit Rent;Region 6;2004;42,691386;USD6.85
Costa Rica;With Implicit Rent;National;2005;25,359673;USD6.85
Costa Rica;With Implicit Rent;Region 1;2005;18,397393;USD6.85
Costa Rica;With Implicit Rent;Region 2;2005;38,944616;USD6.85
Costa Rica;With Implicit Rent;Region 3;2005;30,922964;USD6.85
Costa Rica;With Implicit Rent;Region 4;2005;41,907177;USD6.85
Costa Rica;With Implicit Rent;Region 5;2005;38,83696;USD6.85
Costa Rica;With Implicit Rent;Region 6;2005;34,244738;USD6.85
Costa Rica;With Implicit Rent;National;2006;25,087444;USD6.85
Costa Rica;With Implicit Rent;Region 1;2006;17,854233;USD6.85
Costa Rica;With Implicit Rent;Region 2;2006;43,87093;USD6.85
Costa Rica;With Implicit Rent;Region 3;2006;30,187601;USD6.85
Costa Rica;With Implicit Rent;Region 4;2006;42,108849;USD6.85
Costa Rica;With Implicit Rent;Region 5;2006;34,119866;USD6.85
Costa Rica;With Implicit Rent;Region 6;2006;36,331273;USD6.85
Costa Rica;With Implicit Rent;National;2007;20,334911;USD6.85
Costa Rica;With Implicit Rent;Region 1;2007;14,328626;USD6.85
Costa Rica;With Implicit Rent;Region 2;2007;34,04856;USD6.85
Costa Rica;With Implicit Rent;Region 3;2007;24,159418;USD6.85
Costa Rica;With Implicit Rent;Region 4;2007;34,393698;USD6.85
Costa Rica;With Implicit Rent;Region 5;2007;29,65477;USD6.85
Costa Rica;With Implicit Rent;Region 6;2007;27,459329;USD6.85
Costa Rica;With Implicit Rent;National;2008;19,991203;USD6.85
Costa Rica;With Implicit Rent;Region 1;2008;13,131229;USD6.85
Costa Rica;With Implicit Rent;Region 2;2008;34,240972;USD6.85
Costa Rica;With Implicit Rent;Region 3;2008;28,678015;USD6.85
Costa Rica;With Implicit Rent;Region 4;2008;34,008092;USD6.85
Costa Rica;With Implicit Rent;Region 5;2008;33,055742;USD6.85
Costa Rica;With Implicit Rent;Region 6;2008;22,649031;USD6.85
Costa Rica;With Implicit Rent;National;2009;19,406184;USD6.85
Costa Rica;With Implicit Rent;Region 1;2009;13,414419;USD6.85
Costa Rica;With Implicit Rent;Region 2;2009;30,072262;USD6.85
Costa Rica;With Implicit Rent;Region 3;2009;25,109389;USD6.85
Costa Rica;With Implicit Rent;Region 4;2009;36,967147;USD6.85
Costa Rica;With Implicit Rent;Region 5;2009;29,14655;USD6.85
Costa Rica;With Implicit Rent;Region 6;2009;24,921864;USD6.85
Costa Rica;With Implicit Rent;National;2010;15,611215;USD6.85
Costa Rica;With Implicit Rent;Region 1;2010;9,6892449;USD6.85
Costa Rica;With Implicit Rent;Region 2;2010;25,403461;USD6.85
Costa Rica;With Implicit Rent;Region 3;2010;20,556709;USD6.85
Costa Rica;With Implicit Rent;Region 4;2010;29,25339;USD6.85
Costa Rica;With Implicit Rent;Region 5;2010;26,751933;USD6.85
Costa Rica;With Implicit Rent;Region 6;2010;24,222265;USD6.85
Costa Rica;With Implicit Rent;National;2011;16,435834;USD6.85
Costa Rica;With Implicit Rent;Region 1;2011;11,120223;USD6.85
Costa Rica;With Implicit Rent;Region 2;2011;24,223112;USD6.85
Costa Rica;With Implicit Rent;Region 3;2011;19,969953;USD6.85
Costa Rica;With Implicit Rent;Region 4;2011;28,872406;USD6.85
Costa Rica;With Implicit Rent;Region 5;2011;27,531871;USD6.85
Costa Rica;With Implicit Rent;Region 6;2011;24,196056;USD6.85
Costa Rica;With Implicit Rent;National;2012;15,551221;USD6.85
Costa Rica;With Implicit Rent;Region 1;2012;10,289323;USD6.85
Costa Rica;With Implicit Rent;Region 2;2012;26,583564;USD6.85
Costa Rica;With Implicit Rent;Region 3;2012;20,406667;USD6.85
Costa Rica;With Implicit Rent;Region 4;2012;27,512689;USD6.85
Costa Rica;With Implicit Rent;Region 5;2012;23,250334;USD6.85
Costa Rica;With Implicit Rent;Region 6;2012;23,095187;USD6.85
Costa Rica;With Implicit Rent;National;2013;15,646446;USD6.85
Costa Rica;With Implicit Rent;Region 1;2013;9,784474;USD6.85
Costa Rica;With Implicit Rent;Region 2;2013;26,136039;USD6.85
Costa Rica;With Implicit Rent;Region 3;2013;21,746318;USD6.85
Costa Rica;With Implicit Rent;Region 4;2013;29,056567;USD6.85
Costa Rica;With Implicit Rent;Region 5;2013;26,635093;USD6.85
Costa Rica;With Implicit Rent;Region 6;2013;22,290991;USD6.85
Costa Rica;With Implicit Rent;National;2014;15,140225;USD6.85
Costa Rica;With Implicit Rent;Region 1;2014;9,3271735;USD6.85
Costa Rica;With Implicit Rent;Region 2;2014;24,961283;USD6.85
Costa Rica;With Implicit Rent;Region 3;2014;19,774918;USD6.85
Costa Rica;With Implicit Rent;Region 4;2014;29,617945;USD6.85
Costa Rica;With Implicit Rent;Region 5;2014;24,156226;USD6.85
Costa Rica;With Implicit Rent;Region 6;2014;24,230502;USD6.85
Costa Rica;With Implicit Rent;National;2015;14,78647;USD6.85
Costa Rica;With Implicit Rent;Region 1;2015;9,4923281;USD6.85
Costa Rica;With Implicit Rent;Region 2;2015;19,528512;USD6.85
Costa Rica;With Implicit Rent;Region 3;2015;18,476585;USD6.85
Costa Rica;With Implicit Rent;Region 4;2015;28,348757;USD6.85
Costa Rica;With Implicit Rent;Region 5;2015;24,941194;USD6.85
Costa Rica;With Implicit Rent;Region 6;2015;24,835731;USD6.85
Costa Rica;With Implicit Rent;National;2016;14,214616;USD6.85
Costa Rica;With Implicit Rent;Region 1;2016;8,9104405;USD6.85
Costa Rica;With Implicit Rent;Region 2;2016;18,326037;USD6.85
Costa Rica;With Implicit Rent;Region 3;2016;19,800837;USD6.85
Costa Rica;With Implicit Rent;Region 4;2016;24,952332;USD6.85
Costa Rica;With Implicit Rent;Region 5;2016;23,82683;USD6.85
Costa Rica;With Implicit Rent;Region 6;2016;26,669975;USD6.85
Costa Rica;With Implicit Rent;National;2017;12,855002;USD6.85
Costa Rica;With Implicit Rent;Region 1;2017;8,2550462;USD6.85
Costa Rica;With Implicit Rent;Region 2;2017;14,200192;USD6.85
Costa Rica;With Implicit Rent;Region 3;2017;20,985373;USD6.85
Costa Rica;With Implicit Rent;Region 4;2017;23,448913;USD6.85
Costa Rica;With Implicit Rent;Region 5;2017;22,375273;USD6.85
Costa Rica;With Implicit Rent;Region 6;2017;20,769857;USD6.85
Costa Rica;With Implicit Rent;National;2018;13,87373;USD6.85
Costa Rica;With Implicit Rent;Region 1;2018;9,2730597;USD6.85
Costa Rica;With Implicit Rent;Region 2;2018;16,076237;USD6.85
Costa Rica;With Implicit Rent;Region 3;2018;15,369526;USD6.85
Costa Rica;With Implicit Rent;Region 4;2018;22,607674;USD6.85
Costa Rica;With Implicit Rent;Region 5;2018;23,754128;USD6.85
Costa Rica;With Implicit Rent;Region 6;2018;26,871136;USD6.85
Costa Rica;With Implicit Rent;National;2019;13,671002;USD6.85
Costa Rica;With Implicit Rent;Region 1;2019;8,723708;USD6.85
Costa Rica;With Implicit Rent;Region 2;2019;13,307843;USD6.85
Costa Rica;With Implicit Rent;Region 3;2019;21,013356;USD6.85
Costa Rica;With Implicit Rent;Region 4;2019;20,787782;USD6.85
Costa Rica;With Implicit Rent;Region 5;2019;26,564825;USD6.85
Costa Rica;With Implicit Rent;Region 6;2019;25,571718;USD6.85
Costa Rica;With Implicit Rent;National;2020;19,869723;USD6.85
Costa Rica;With Implicit Rent;Region 1;2020;15,243258;USD6.85
Costa Rica;With Implicit Rent;Region 2;2020;25,482515;USD6.85
Costa Rica;With Implicit Rent;Region 3;2020;32,496233;USD6.85
Costa Rica;With Implicit Rent;Region 4;2020;24,644654;USD6.85
Costa Rica;With Implicit Rent;Region 5;2020;27,759064;USD6.85
Costa Rica;With Implicit Rent;Region 6;2020;27,398951;USD6.85
Costa Rica;With Implicit Rent;National;2021;14,275986;USD6.85
Costa Rica;With Implicit Rent;Region 1;2021;9,2492688;USD6.85
Costa Rica;With Implicit Rent;Region 2;2021;16,137589;USD6.85
Costa Rica;With Implicit Rent;Region 3;2021;18,8488;USD6.85
Costa Rica;With Implicit Rent;Region 4;2021;24,247817;USD6.85
Costa Rica;With Implicit Rent;Region 5;2021;24,563093;USD6.85
Costa Rica;With Implicit Rent;Region 6;2021;26,770165;USD6.85
Costa Rica;With Implicit Rent;National;2022;14,052096;USD6.85
Costa Rica;With Implicit Rent;Region 1;2022;9,1853885;USD6.85
Costa Rica;With Implicit Rent;Region 2;2022;16,132041;USD6.85
Costa Rica;With Implicit Rent;Region 3;2022;18,024942;USD6.85
Costa Rica;With Implicit Rent;Region 4;2022;23,730829;USD6.85
Costa Rica;With Implicit Rent;Region 5;2022;26,498503;USD6.85
Costa Rica;With Implicit Rent;Region 6;2022;23,424313;USD6.85
Costa Rica;With Implicit Rent;National;2023;12,673093;USD6.85
Costa Rica;With Implicit Rent;Region 1;2023;7,6910792;USD6.85
Costa Rica;With Implicit Rent;Region 2;2023;17,909026;USD6.85
Costa Rica;With Implicit Rent;Region 3;2023;17,910023;USD6.85
Costa Rica;With Implicit Rent;Region 4;2023;18,776851;USD6.85
Costa Rica;With Implicit Rent;Region 5;2023;25,502014;USD6.85
Costa Rica;With Implicit Rent;Region 6;2023;21,555737;USD6.85
Costa Rica;Dominican Rep.;National;2000;41,098469;USD6.85
Costa Rica;Dominican Rep.;Ozama;2000;24,532284;USD6.85
Costa Rica;Dominican Rep.;Cibao Norte;2000;32,623352;USD6.85
Costa Rica;Dominican Rep.;Cibao Sur;2000;47,073656;USD6.85
Costa Rica;Dominican Rep.;Cibao Nordeste;2000;42,210956;USD6.85
Costa Rica;Dominican Rep.;Cibao Noroeste;2000;65,025211;USD6.85
Costa Rica;Dominican Rep.;Valdesia;2000;55,492979;USD6.85
Costa Rica;Dominican Rep.;El Valle;2000;78,840361;USD6.85
Costa Rica;Dominican Rep.;Enriquillo;2000;60,998753;USD6.85
Costa Rica;Dominican Rep.;Higuamo;2000;57,397463;USD6.85
Costa Rica;Dominican Rep.;Yuma;2000;44,303615;USD6.85
Costa Rica;Dominican Rep.;National;2001;40,530102;USD6.85
Costa Rica;Dominican Rep.;Ozama;2001;24,738038;USD6.85
Costa Rica;Dominican Rep.;Cibao Norte;2001;31,513529;USD6.85
Costa Rica;Dominican Rep.;Cibao Sur;2001;47,973199;USD6.85
Costa Rica;Dominican Rep.;Cibao Nordeste;2001;45,633413;USD6.85
Costa Rica;Dominican Rep.;Cibao Noroeste;2001;52,709719;USD6.85
Costa Rica;Dominican Rep.;Valdesia;2001;53,115162;USD6.85
Costa Rica;Dominican Rep.;El Valle;2001;70,559059;USD6.85
Costa Rica;Dominican Rep.;Enriquillo;2001;66,683199;USD6.85
Costa Rica;Dominican Rep.;Higuamo;2001;55,401306;USD6.85
Costa Rica;Dominican Rep.;Yuma;2001;50,399135;USD6.85
Costa Rica;Dominican Rep.;National;2002;40,03822;USD6.85
Costa Rica;Dominican Rep.;Ozama;2002;24,837402;USD6.85
Costa Rica;Dominican Rep.;Cibao Norte;2002;33,333149;USD6.85
Costa Rica;Dominican Rep.;Cibao Sur;2002;44,587371;USD6.85
Costa Rica;Dominican Rep.;Cibao Nordeste;2002;49,172145;USD6.85
Costa Rica;Dominican Rep.;Cibao Noroeste;2002;47,600767;USD6.85
Costa Rica;Dominican Rep.;Valdesia;2002;53,588784;USD6.85
Costa Rica;Dominican Rep.;El Valle;2002;84,004826;USD6.85
Costa Rica;Dominican Rep.;Enriquillo;2002;59,978502;USD6.85
Costa Rica;Dominican Rep.;Higuamo;2002;46,610525;USD6.85
Costa Rica;Dominican Rep.;Yuma;2002;47,524021;USD6.85
Costa Rica;Dominican Rep.;National;2003;49,015122;USD6.85
Costa Rica;Dominican Rep.;Ozama;2003;34,651116;USD6.85
Costa Rica;Dominican Rep.;Cibao Norte;2003;44,706848;USD6.85
Costa Rica;Dominican Rep.;Cibao Sur;2003;56,056406;USD6.85
Costa Rica;Dominican Rep.;Cibao Nordeste;2003;52,256023;USD6.85
Costa Rica;Dominican Rep.;Cibao Noroeste;2003;61,906572;USD6.85
Costa Rica;Dominican Rep.;Valdesia;2003;58,494621;USD6.85
Costa Rica;Dominican Rep.;El Valle;2003;77,942883;USD6.85
Costa Rica;Dominican Rep.;Enriquillo;2003;73,766859;USD6.85
Costa Rica;Dominican Rep.;Higuamo;2003;66,873163;USD6.85
Costa Rica;Dominican Rep.;Yuma;2003;47,645817;USD6.85
Costa Rica;Dominican Rep.;National;2004;57,032093;USD6.85
Costa Rica;Dominican Rep.;Ozama;2004;43,495364;USD6.85
Costa Rica;Dominican Rep.;Cibao Norte;2004;54,866724;USD6.85
Costa Rica;Dominican Rep.;Cibao Sur;2004;65,768978;USD6.85
Costa Rica;Dominican Rep.;Cibao Nordeste;2004;58,544191;USD6.85
Costa Rica;Dominican Rep.;Cibao Noroeste;2004;66,697009;USD6.85
Costa Rica;Dominican Rep.;Valdesia;2004;66,971092;USD6.85
Costa Rica;Dominican Rep.;El Valle;2004;79,609326;USD6.85
Costa Rica;Dominican Rep.;Enriquillo;2004;81,791163;USD6.85
Costa Rica;Dominican Rep.;Higuamo;2004;68,182705;USD6.85
Costa Rica;Dominican Rep.;Yuma;2004;58,425666;USD6.85
Costa Rica;ENFT 3;National;2005;48,221219;USD6.85
Costa Rica;ENFT 3;Ozama;2005;35,107317;USD6.85
Costa Rica;ENFT 3;Cibao Norte;2005;43,345279;USD6.85
Costa Rica;ENFT 3;Cibao Sur;2005;52,324296;USD6.85
Costa Rica;ENFT 3;Cibao Nordeste;2005;50,99795;USD6.85
Costa Rica;ENFT 3;Cibao Noroeste;2005;64,098552;USD6.85
Costa Rica;ENFT 3;Valdesia;2005;59,120827;USD6.85
Costa Rica;ENFT 3;El Valle;2005;67,836888;USD6.85
Costa Rica;ENFT 3;Enriquillo;2005;79,55839;USD6.85
Costa Rica;ENFT 3;Higuamo;2005;64,822383;USD6.85
Costa Rica;ENFT 3;Yuma;2005;45,880896;USD6.85
Costa Rica;ENFT 3;National;2006;44,951742;USD6.85
Costa Rica;ENFT 3;Ozama;2006;30,906957;USD6.85
Costa Rica;ENFT 3;Cibao Norte;2006;41,30651;USD6.85
Costa Rica;ENFT 3;Cibao Sur;2006;49,167471;USD6.85
Costa Rica;ENFT 3;Cibao Nordeste;2006;51,067157;USD6.85
Costa Rica;ENFT 3;Cibao Noroeste;2006;63,000486;USD6.85
Costa Rica;ENFT 3;Valdesia;2006;52,674256;USD6.85
Costa Rica;ENFT 3;El Valle;2006;74,365934;USD6.85
Costa Rica;ENFT 3;Enriquillo;2006;73,329874;USD6.85
Costa Rica;ENFT 3;Higuamo;2006;59,921592;USD6.85
Costa Rica;ENFT 3;Yuma;2006;44,567675;USD6.85
Costa Rica;ENFT 3;National;2007;44,257709;USD6.85
Costa Rica;ENFT 3;Ozama;2007;32,610001;USD6.85
Costa Rica;ENFT 3;Cibao Norte;2007;40,378067;USD6.85
Costa Rica;ENFT 3;Cibao Sur;2007;48,810134;USD6.85
Costa Rica;ENFT 3;Cibao Nordeste;2007;47,9821;USD6.85
Costa Rica;ENFT 3;Cibao Noroeste;2007;60,177348;USD6.85
Costa Rica;ENFT 3;Valdesia;2007;55,023155;USD6.85
Costa Rica;ENFT 3;El Valle;2007;68,762672;USD6.85
Costa Rica;ENFT 3;Enriquillo;2007;72,883137;USD6.85
Costa Rica;ENFT 3;Higuamo;2007;51,099013;USD6.85
Costa Rica;ENFT 3;Yuma;2007;41,459101;USD6.85
Costa Rica;ENFT 4;National;2008;45,862047;USD6.85
Costa Rica;ENFT 4;Ozama;2008;33,493633;USD6.85
Costa Rica;ENFT 4;Cibao Norte;2008;38,269464;USD6.85
Costa Rica;ENFT 4;Cibao Sur;2008;53,310869;USD6.85
Costa Rica;ENFT 4;Cibao Nordeste;2008;53,332173;USD6.85
Costa Rica;ENFT 4;Cibao Noroeste;2008;58,953507;USD6.85
Costa Rica;ENFT 4;Valdesia;2008;57,753354;USD6.85
Costa Rica;ENFT 4;El Valle;2008;74,515847;USD6.85
Costa Rica;ENFT 4;Enriquillo;2008;69,521124;USD6.85
Costa Rica;ENFT 4;Higuamo;2008;57,868884;USD6.85
Costa Rica;ENFT 4;Yuma;2008;45,681463;USD6.85
Costa Rica;ENFT 4;National;2009;42,860766;USD6.85
Costa Rica;ENFT 4;Ozama;2009;33,517451;USD6.85
Costa Rica;ENFT 4;Cibao Norte;2009;37,490556;USD6.85
Costa Rica;ENFT 4;Cibao Sur;2009;42,326128;USD6.85
Costa Rica;ENFT 4;Cibao Nordeste;2009;45,917604;USD6.85
Costa Rica;ENFT 4;Cibao Noroeste;2009;57,58715;USD6.85
Costa Rica;ENFT 4;Valdesia;2009;53,526325;USD6.85
Costa Rica;ENFT 4;El Valle;2009;63,57744;USD6.85
Costa Rica;ENFT 4;Enriquillo;2009;65,324193;USD6.85
Costa Rica;ENFT 4;Higuamo;2009;54,729192;USD6.85
Costa Rica;ENFT 4;Yuma;2009;41,79943;USD6.85
Costa Rica;ENFT 4;National;2010;43,668394;USD6.85
Costa Rica;ENFT 4;Ozama;2010;34,369648;USD6.85
Costa Rica;ENFT 4;Cibao Norte;2010;38,175941;USD6.85
Costa Rica;ENFT 4;Cibao Sur;2010;44,297469;USD6.85
Costa Rica;ENFT 4;Cibao Nordeste;2010;46,940759;USD6.85
Costa Rica;ENFT 4;Cibao Noroeste;2010;57,613794;USD6.85
Costa Rica;ENFT 4;Valdesia;2010;54,266316;USD6.85
Costa Rica;ENFT 4;El Valle;2010;70,456409;USD6.85
Costa Rica;ENFT 4;Enriquillo;2010;64,967061;USD6.85
Costa Rica;ENFT 4;Higuamo;2010;55,095985;USD6.85
Costa Rica;ENFT 4;Yuma;2010;40,774147;USD6.85
Costa Rica;ENFT 4;National;2011;41,636677;USD6.85
Costa Rica;ENFT 4;Ozama;2011;34,524249;USD6.85
Costa Rica;ENFT 4;Cibao Norte;2011;36,722052;USD6.85
Costa Rica;ENFT 4;Cibao Sur;2011;39,694515;USD6.85
Costa Rica;ENFT 4;Cibao Nordeste;2011;44,607853;USD6.85
Costa Rica;ENFT 4;Cibao Noroeste;2011;57,599254;USD6.85
Costa Rica;ENFT 4;Valdesia;2011;50,163797;USD6.85
Costa Rica;ENFT 4;El Valle;2011;61,994969;USD6.85
Costa Rica;ENFT 4;Enriquillo;2011;61,558589;USD6.85
Costa Rica;ENFT 4;Higuamo;2011;51,165778;USD6.85
Costa Rica;ENFT 4;Yuma;2011;37,207184;USD6.85
Costa Rica;ENFT 4;National;2012;41,239257;USD6.85
Costa Rica;ENFT 4;Ozama;2012;33,832276;USD6.85
Costa Rica;ENFT 4;Cibao Norte;2012;37,8365;USD6.85
Costa Rica;ENFT 4;Cibao Sur;2012;42,001738;USD6.85
Costa Rica;ENFT 4;Cibao Nordeste;2012;46,069659;USD6.85
Costa Rica;ENFT 4;Cibao Noroeste;2012;53,638135;USD6.85
Costa Rica;ENFT 4;Valdesia;2012;49,809971;USD6.85
Costa Rica;ENFT 4;El Valle;2012;62,768905;USD6.85
Costa Rica;ENFT 4;Enriquillo;2012;61,38569;USD6.85
Costa Rica;ENFT 4;Higuamo;2012;47,527701;USD6.85
Costa Rica;ENFT 4;Yuma;2012;34,892181;USD6.85
Costa Rica;ENFT 4;National;2013;40,508556;USD6.85
Costa Rica;ENFT 4;Ozama;2013;32,579214;USD6.85
Costa Rica;ENFT 4;Cibao Norte;2013;34,426801;USD6.85
Costa Rica;ENFT 4;Cibao Sur;2013;42,607729;USD6.85
Costa Rica;ENFT 4;Cibao Nordeste;2013;41,07245;USD6.85
Costa Rica;ENFT 4;Cibao Noroeste;2013;52,356742;USD6.85
Costa Rica;ENFT 4;Valdesia;2013;49,243641;USD6.85
Costa Rica;ENFT 4;El Valle;2013;65,358673;USD6.85
Costa Rica;ENFT 4;Enriquillo;2013;61,543719;USD6.85
Costa Rica;ENFT 4;Higuamo;2013;49,582556;USD6.85
Costa Rica;ENFT 4;Yuma;2013;42,478941;USD6.85
Costa Rica;ENFT 4;National;2014;34,771461;USD6.85
Costa Rica;ENFT 4;Ozama;2014;26,112476;USD6.85
Costa Rica;ENFT 4;Cibao Norte;2014;30,182474;USD6.85
Costa Rica;ENFT 4;Cibao Sur;2014;34,962937;USD6.85
Costa Rica;ENFT 4;Cibao Nordeste;2014;37,056316;USD6.85
Costa Rica;ENFT 4;Cibao Noroeste;2014;50,237143;USD6.85
Costa Rica;ENFT 4;Valdesia;2014;42,306674;USD6.85
Costa Rica;ENFT 4;El Valle;2014;65,550272;USD6.85
Costa Rica;ENFT 4;Enriquillo;2014;55,624613;USD6.85
Costa Rica;ENFT 4;Higuamo;2014;42,875476;USD6.85
Costa Rica;ENFT 4;Yuma;2014;36,267753;USD6.85
Costa Rica;ENFT 4;National;2015;30,352532;USD6.85
Costa Rica;ENFT 4;Ozama;2015;26,135707;USD6.85
Costa Rica;ENFT 4;Cibao Norte;2015;21,945962;USD6.85
Costa Rica;ENFT 4;Cibao Sur;2015;28,948517;USD6.85
Costa Rica;ENFT 4;Cibao Nordeste;2015;36,805942;USD6.85
Costa Rica;ENFT 4;Cibao Noroeste;2015;37,988609;USD6.85
Costa Rica;ENFT 4;Valdesia;2015;35,489893;USD6.85
Costa Rica;ENFT 4;El Valle;2015;58,023465;USD6.85
Costa Rica;ENFT 4;Enriquillo;2015;47,623189;USD6.85
Costa Rica;ENFT 4;Higuamo;2015;36,273275;USD6.85
Costa Rica;ENFT 4;Yuma;2015;28,829076;USD6.85
Costa Rica;ENFT 4;National;2016;28,730573;USD6.85
Costa Rica;ENFT 4;Ozama;2016;23,054125;USD6.85
Costa Rica;ENFT 4;Cibao Norte;2016;22,730709;USD6.85
Costa Rica;ENFT 4;Cibao Sur;2016;30,479882;USD6.85
Costa Rica;ENFT 4;Cibao Nordeste;2016;27,803964;USD6.85
Costa Rica;ENFT 4;Cibao Noroeste;2016;33,52125;USD6.85
Costa Rica;ENFT 4;Valdesia;2016;38,612801;USD6.85
Costa Rica;ENFT 4;El Valle;2016;43,511267;USD6.85
Costa Rica;ENFT 4;Enriquillo;2016;55,873126;USD6.85
Costa Rica;ENFT 4;Higuamo;2016;37,853939;USD6.85
Costa Rica;ENFT 4;Yuma;2016;24,984712;USD6.85
Costa Rica;ENFT 4;National;2016;27,853011;USD6.85
Costa Rica;ENFT 4;Ozama;2016;27,138164;USD6.85
Costa Rica;ENFT 4;Cibao Norte;2016;23,740828;USD6.85
Costa Rica;ENFT 4;Cibao Sur;2016;21,067632;USD6.85
Costa Rica;ENFT 4;Cibao Nordeste;2016;14,250514;USD6.85
Costa Rica;ENFT 4;Cibao Noroeste;2016;38,668982;USD6.85
Costa Rica;ENFT 4;Valdesia;2016;33,953784;USD6.85
Costa Rica;ENFT 4;El Valle;2016;35,618078;USD6.85
Costa Rica;ENFT 4;Enriquillo;2016;47,460777;USD6.85
Costa Rica;ENFT 4;Higuamo;2016;34,544122;USD6.85
Costa Rica;ENFT 4;Yuma;2016;25,283855;USD6.85
Costa Rica;ENFT 4;National;2017;25,548364;USD6.85
Costa Rica;ENFT 4;Ozama;2017;25,275875;USD6.85
Costa Rica;ENFT 4;Cibao Norte;2017;21,814195;USD6.85
Costa Rica;ENFT 4;Cibao Sur;2017;15,724945;USD6.85
Costa Rica;ENFT 4;Cibao Nordeste;2017;11,806966;USD6.85
Costa Rica;ENFT 4;Cibao Noroeste;2017;43,985761;USD6.85
Costa Rica;ENFT 4;Valdesia;2017;27,367204;USD6.85
Costa Rica;ENFT 4;El Valle;2017;38,922953;USD6.85
Costa Rica;ENFT 4;Enriquillo;2017;47,894647;USD6.85
Costa Rica;ENFT 4;Higuamo;2017;32,043143;USD6.85
Costa Rica;ENFT 4;Yuma;2017;21,616368;USD6.85
Costa Rica;ENFT 4;National;2018;22,208529;USD6.85
Costa Rica;ENFT 4;Ozama;2018;21,586628;USD6.85
Costa Rica;ENFT 4;Cibao Norte;2018;18,500868;USD6.85
Costa Rica;ENFT 4;Cibao Sur;2018;14,248052;USD6.85
Costa Rica;ENFT 4;Cibao Nordeste;2018;16,028288;USD6.85
Costa Rica;ENFT 4;Cibao Noroeste;2018;30,899687;USD6.85
Costa Rica;ENFT 4;Valdesia;2018;26,760671;USD6.85
Costa Rica;ENFT 4;El Valle;2018;36,423299;USD6.85
Costa Rica;ENFT 4;Enriquillo;2018;43,57003;USD6.85
Costa Rica;ENFT 4;Higuamo;2018;22,001451;USD6.85
Costa Rica;ENFT 4;Yuma;2018;18,536402;USD6.85
Costa Rica;ENFT 4;National;2019;20,191881;USD6.85
Costa Rica;ENFT 4;Ozama;2019;20,479665;USD6.85
Costa Rica;ENFT 4;Cibao Norte;2019;12,450574;USD6.85
Costa Rica;ENFT 4;Cibao Sur;2019;17,167023;USD6.85
Costa Rica;ENFT 4;Cibao Nordeste;2019;20,617326;USD6.85
Costa Rica;ENFT 4;Cibao Noroeste;2019;15,381324;USD6.85
Costa Rica;ENFT 4;Valdesia;2019;25,703617;USD6.85
Costa Rica;ENFT 4;El Valle;2019;30,250935;USD6.85
Costa Rica;ENFT 4;Enriquillo;2019;37,801281;USD6.85
Costa Rica;ENFT 4;Higuamo;2019;25,19083;USD6.85
Costa Rica;ENFT 4;Yuma;2019;15,541065;USD6.85
Costa Rica;ENFT 4;National;2020;23,217483;USD6.85
Costa Rica;ENFT 4;Ozama;2020;25,376291;USD6.85
Costa Rica;ENFT 4;Cibao Norte;2020;15,732316;USD6.85
Costa Rica;ENFT 4;Cibao Sur;2020;20,141933;USD6.85
Costa Rica;ENFT 4;Cibao Nordeste;2020;17,305236;USD6.85
Costa Rica;ENFT 4;Cibao Noroeste;2020;25,052003;USD6.85
Costa Rica;ENFT 4;Valdesia;2020;23,133882;USD6.85
Costa Rica;ENFT 4;El Valle;2020;19,675198;USD6.85
Costa Rica;ENFT 4;Enriquillo;2020;31,675529;USD6.85
Costa Rica;ENFT 4;Higuamo;2020;24,999092;USD6.85
Costa Rica;ENFT 4;Yuma;2020;31,262484;USD6.85
Costa Rica;ENFT 4;National;2021;23,223656;USD6.85
Costa Rica;ENFT 4;Ozama;2021;24,188883;USD6.85
Costa Rica;ENFT 4;Cibao Norte;2021;17,89826;USD6.85
Costa Rica;ENFT 4;Cibao Sur;2021;18,41148;USD6.85
Costa Rica;ENFT 4;Cibao Nordeste;2021;14,527933;USD6.85
Costa Rica;ENFT 4;Cibao Noroeste;2021;22,817645;USD6.85
Costa Rica;ENFT 4;Valdesia;2021;27,254511;USD6.85
Costa Rica;ENFT 4;El Valle;2021;32,847063;USD6.85
Costa Rica;ENFT 4;Enriquillo;2021;43,253259;USD6.85
Costa Rica;ENFT 4;Higuamo;2021;21,680565;USD6.85
Costa Rica;ENFT 4;Yuma;2021;23,347833;USD6.85
Costa Rica;ENFT 4;National;2022;21,5;USD6.85
Costa Rica;ENFT 4;Ozama;2022;23,1;USD6.85
Costa Rica;ENFT 4;Cibao Norte;2022;14,5;USD6.85
Costa Rica;ENFT 4;Cibao Sur;2022;15,5;USD6.85
Costa Rica;ENFT 4;Cibao Nordeste;2022;15,1;USD6.85
Costa Rica;ENFT 4;Cibao Noroeste;2022;23,7;USD6.85
Costa Rica;ENFT 4;Valdesia;2022;21,7;USD6.85
Costa Rica;ENFT 4;El Valle;2022;39,0;USD6.85
Costa Rica;ENFT 4;Enriquillo;2022;42,0;USD6.85
Costa Rica;ENFT 4;Higuamo;2022;21,0;USD6.85
Costa Rica;ENFT 4;Yuma;2022;21,6;USD6.85
Ecuador;ENEMDU;National;2003;57,721408;USD6.85
Ecuador;ENEMDU;Costa;2003;50,738224;USD6.85
Ecuador;ENEMDU;Sierra;2003;63,309094;USD6.85
Ecuador;ENEMDU;Oriente;2003;66,163649;USD6.85
Ecuador;ENEMDU;National;2004;58,882517;USD6.85
Ecuador;ENEMDU;Costa;2004;53,148653;USD6.85
Ecuador;ENEMDU;Sierra;2004;62,834606;USD6.85
Ecuador;ENEMDU;Oriente;2004;71,125968;USD6.85
Ecuador;ENEMDU;National;2005;50,645381;USD6.85
Ecuador;ENEMDU;Costa;2005;46,559841;USD6.85
Ecuador;ENEMDU;Sierra;2005;53,270659;USD6.85
Ecuador;ENEMDU;Oriente;2005;61,320326;USD6.85
Ecuador;ENEMDU;National;2006;45,835295;USD6.85
Ecuador;ENEMDU;Costa;2006;40,74564;USD6.85
Ecuador;ENEMDU;Sierra;2006;49,593584;USD6.85
Ecuador;ENEMDU;Oriente;2006;54,31029;USD6.85
Ecuador;ENEMDU;National;2007;44,883142;USD6.85
Ecuador;ENEMDU;Costa;2007;40,468635;USD6.85
Ecuador;ENEMDU;Sierra;2007;47,286116;USD6.85
Ecuador;ENEMDU;Oriente;2007;60,701977;USD6.85
Ecuador;ENEMDU;National;2008;42,296563;USD6.85
Ecuador;ENEMDU;Costa;2008;39,131179;USD6.85
Ecuador;ENEMDU;Sierra;2008;43,78446;USD6.85
Ecuador;ENEMDU;Oriente;2008;55,942968;USD6.85
Ecuador;ENEMDU;National;2009;43,151681;USD6.85
Ecuador;ENEMDU;Costa;2009;40,438026;USD6.85
Ecuador;ENEMDU;Sierra;2009;43,750481;USD6.85
Ecuador;ENEMDU;Oriente;2009;61,315239;USD6.85
Ecuador;ENEMDU;National;2010;38,754715;USD6.85
Ecuador;ENEMDU;Costa;2010;35,800604;USD6.85
Ecuador;ENEMDU;Sierra;2010;40,104054;USD6.85
Ecuador;ENEMDU;Oriente;2010;51,556578;USD6.85
Ecuador;ENEMDU;National;2011;34,68938;USD6.85
Ecuador;ENEMDU;Costa;2011;34,418519;USD6.85
Ecuador;ENEMDU;Sierra;2011;32,569475;USD6.85
Ecuador;ENEMDU;Oriente;2011;58,430796;USD6.85
Ecuador;ENEMDU;National;2012;31,434279;USD6.85
Ecuador;ENEMDU;Costa;2012;32,20931;USD6.85
Ecuador;ENEMDU;Sierra;2012;28,736149;USD6.85
Ecuador;ENEMDU;Oriente;2012;51,809268;USD6.85
Ecuador;ENEMDU;National;2013;31,225333;USD6.85
Ecuador;ENEMDU;Costa;2013;25,470109;USD6.85
Ecuador;ENEMDU;Sierra;2013;35,069056;USD6.85
Ecuador;ENEMDU;Oriente;2013;38,842583;USD6.85
Ecuador;ENEMDU;National;2014;27,602379;USD6.85
Ecuador;ENEMDU;Costa;2014;22,84679;USD6.85
Ecuador;ENEMDU;Sierra;2014;30,306316;USD6.85
Ecuador;ENEMDU;Oriente;2014;43,081865;USD6.85
Ecuador;ENEMDU;Insular;2014;1,0238791;USD6.85
Ecuador;ENEMDU;National;2015;28,798778;USD6.85
Ecuador;ENEMDU;Costa;2015;24,512105;USD6.85
Ecuador;ENEMDU;Sierra;2015;30,439149;USD6.85
Ecuador;ENEMDU;Oriente;2015;50,039241;USD6.85
Ecuador;ENEMDU;Insular;2015;0,23497029;USD6.85
Ecuador;ENEMDU;National;2016;28,164406;USD6.85
Ecuador;ENEMDU;Costa;2016;25,221437;USD6.85
Ecuador;ENEMDU;Sierra;2016;28,72776;USD6.85
Ecuador;ENEMDU;Oriente;2016;48,313881;USD6.85
Ecuador;ENEMDU;Insular;2016;0,60456711;USD6.85
Ecuador;ENEMDU;National;2017;27,069905;USD6.85
Ecuador;ENEMDU;Costa;2017;24,995678;USD6.85
Ecuador;ENEMDU;Sierra;2017;26,933325;USD6.85
Ecuador;ENEMDU;Oriente;2017;46,396692;USD6.85
Ecuador;ENEMDU;Insular;2017;0,0;USD6.85
Ecuador;ENEMDU;National;2018;27,849839;USD6.85
Ecuador;ENEMDU;Costa;2018;23,93735;USD6.85
Ecuador;ENEMDU;Sierra;2018;29,04983;USD6.85
Ecuador;ENEMDU;Oriente;2018;49,192224;USD6.85
Ecuador;ENEMDU;National;2019;29,713553;USD6.85
Ecuador;ENEMDU;Costa;2019;26,146644;USD6.85
Ecuador;ENEMDU;Sierra;2019;30,854816;USD6.85
Ecuador;ENEMDU;Oriente;2019;49,613895;USD6.85
Ecuador;ENEMDU;Insular;2019;0,39159299;USD6.85
Ecuador;ENEMDU;National;2020;34,621686;USD6.85
Ecuador;ENEMDU;Costa;2020;26,555159;USD6.85
Ecuador;ENEMDU;Sierra;2020;33,668728;USD6.85
Ecuador;ENEMDU;Oriente;2020;65,124969;USD6.85
Ecuador;ENEMDU;National;2021;31,689873;USD6.85
Ecuador;ENEMDU;Costa;2021;20,338515;USD6.85
Ecuador;ENEMDU;Sierra;2021;33,049123;USD6.85
Ecuador;ENEMDU;Oriente;2021;60,27856;USD6.85
Ecuador;ENEMDU;Insular;2021;6,0059965;USD6.85
Ecuador;ENEMDU;National;2022;29,931489;USD6.85
Ecuador;ENEMDU;Costa;2022;18,991191;USD6.85
Ecuador;ENEMDU;Sierra;2022;28,950821;USD6.85
Ecuador;ENEMDU;Oriente;2022;67,174371;USD6.85
Ecuador;ENEMDU;Insular;2022;2,7155718;USD6.85
Ecuador;ENEMDU;National;2023;29,573571;USD6.85
Ecuador;ENEMDU;Costa;2023;20,795015;USD6.85
Ecuador;ENEMDU;Sierra;2023;28,019617;USD6.85
Ecuador;ENEMDU;Oriente;2023;59,372263;USD6.85
Ecuador;ENEMDU;Insular;2023;0,0;USD6.85
El Salvador;;National;2000;50,969184;USD6.85
El Salvador;;Occidental;2000;63,417587;USD6.85
El Salvador;;Central 1;2000;55,405504;USD6.85
El Salvador;;Central 2;2000;65,887275;USD6.85
El Salvador;;Oriental;2000;63,970305;USD6.85
El Salvador;;AMSS;2000;26,801852;USD6.85
El Salvador;;National;2001;52,398035;USD6.85
El Salvador;;Occidental;2001;63,44316;USD6.85
El Salvador;;Central 1;2001;55,508352;USD6.85
El Salvador;;Central 2;2001;67,43466;USD6.85
El Salvador;;Oriental;2001;64,870961;USD6.85
El Salvador;;AMSS;2001;30,479681;USD6.85
El Salvador;;National;2002;52,365702;USD6.85
El Salvador;;Occidental;2002;63,586299;USD6.85
El Salvador;;Central 1;2002;58,196936;USD6.85
El Salvador;;Central 2;2002;68,926741;USD6.85
El Salvador;;Oriental;2002;62,536384;USD6.85
El Salvador;;AMSS;2002;30,018395;USD6.85
El Salvador;;National;2003;53,563922;USD6.85
El Salvador;;Occidental;2003;63,481735;USD6.85
El Salvador;;Central 1;2003;57,157765;USD6.85
El Salvador;;Central 2;2003;70,236974;USD6.85
El Salvador;;Oriental;2003;62,924494;USD6.85
El Salvador;;AMSS;2003;33,911968;USD6.85
El Salvador;;National;2004;51,752574;USD6.85
El Salvador;;Occidental;2004;60,427952;USD6.85
El Salvador;;Central 1;2004;54,898487;USD6.85
El Salvador;;Central 2;2004;66,441976;USD6.85
El Salvador;;Oriental;2004;62,919612;USD6.85
El Salvador;;AMSS;2004;30,314772;USD6.85
El Salvador;;National;2005;51,822118;USD6.85
El Salvador;;Occidental;2005;60,945982;USD6.85
El Salvador;;Central 1;2005;53,497907;USD6.85
El Salvador;;Central 2;2005;64,448163;USD6.85
El Salvador;;Oriental;2005;60,390468;USD6.85
El Salvador;;AMSS;2005;35,996723;USD6.85
El Salvador;;National;2006;50,501141;USD6.85
El Salvador;;Occidental;2006;56,1966;USD6.85
El Salvador;;Central 1;2006;54,402543;USD6.85
El Salvador;;Central 2;2006;61,370394;USD6.85
El Salvador;;Oriental;2006;61,222563;USD6.85
El Salvador;;AMSS;2006;34,963938;USD6.85
El Salvador;;National;2007;47,21842;USD6.85
El Salvador;;Occidental;2007;49,041753;USD6.85
El Salvador;;Central 1;2007;51,051422;USD6.85
El Salvador;;Central 2;2007;60,638518;USD6.85
El Salvador;;Oriental;2007;57,798732;USD6.85
El Salvador;;AMSS;2007;29,668659;USD6.85
El Salvador;;National;2008;50,921578;USD6.85
El Salvador;;Occidental;2008;57,954494;USD6.85
El Salvador;;Central 1;2008;57,731793;USD6.85
El Salvador;;Central 2;2008;63,352759;USD6.85
El Salvador;;Oriental;2008;58,348883;USD6.85
El Salvador;;AMSS;2008;30,191454;USD6.85
El Salvador;;National;2009;50,499927;USD6.85
El Salvador;;Occidental;2009;58,25073;USD6.85
El Salvador;;Central 1;2009;56,35345;USD6.85
El Salvador;;Central 2;2009;61,132782;USD6.85
El Salvador;;Oriental;2009;58,986905;USD6.85
El Salvador;;AMSS;2009;30,192851;USD6.85
El Salvador;;National;2010;49,13238;USD6.85
El Salvador;;Occidental;2010;57,788394;USD6.85
El Salvador;;Central 1;2010;54,424524;USD6.85
El Salvador;;Central 2;2010;59,457791;USD6.85
El Salvador;;Oriental;2010;57,914091;USD6.85
El Salvador;;AMSS;2010;27,450567;USD6.85
El Salvador;;National;2011;49,972608;USD6.85
El Salvador;;Occidental;2011;58,593062;USD6.85
El Salvador;;Central 1;2011;53,917869;USD6.85
El Salvador;;Central 2;2011;57,595159;USD6.85
El Salvador;;Oriental;2011;58,577252;USD6.85
El Salvador;;AMSS;2011;30,466095;USD6.85
El Salvador;;National;2012;47,123256;USD6.85
El Salvador;;Occidental;2012;54,127483;USD6.85
El Salvador;;Central 1;2012;51,733401;USD6.85
El Salvador;;Central 2;2012;56,457739;USD6.85
El Salvador;;Oriental;2012;56,043998;USD6.85
El Salvador;;AMSS;2012;28,278032;USD6.85
El Salvador;;National;2013;42,734079;USD6.85
El Salvador;;Occidental;2013;50,316628;USD6.85
El Salvador;;Central 1;2013;47,915333;USD6.85
El Salvador;;Central 2;2013;54,311089;USD6.85
El Salvador;;Oriental;2013;51,023593;USD6.85
El Salvador;;AMSS;2013;22,296659;USD6.85
El Salvador;;National;2014;42,720252;USD6.85
El Salvador;;Occidental;2014;48,225585;USD6.85
El Salvador;;Central 1;2014;46,872257;USD6.85
El Salvador;;Central 2;2014;52,846093;USD6.85
El Salvador;;Oriental;2014;51,213734;USD6.85
El Salvador;;AMSS;2014;25,088594;USD6.85
El Salvador;;National;2015;40,195423;USD6.85
El Salvador;;Occidental;2015;46,618806;USD6.85
El Salvador;;Central 1;2015;42,863826;USD6.85
El Salvador;;Central 2;2015;50,789627;USD6.85
El Salvador;;Oriental;2015;47,96318;USD6.85
El Salvador;;AMSS;2015;23,15327;USD6.85
El Salvador;;National;2016;38,741949;USD6.85
El Salvador;;Occidental;2016;46,629218;USD6.85
El Salvador;;Central 1;2016;42,767991;USD6.85
El Salvador;;Central 2;2016;47,585244;USD6.85
El Salvador;;Oriental;2016;46,063686;USD6.85
El Salvador;;AMSS;2016;20,387691;USD6.85
El Salvador;;National;2017;36,33067;USD6.85
El Salvador;;Occidental;2017;41,936052;USD6.85
El Salvador;;Central 1;2017;38,359464;USD6.85
El Salvador;;Central 2;2017;45,217461;USD6.85
El Salvador;;Oriental;2017;44,01421;USD6.85
El Salvador;;AMSS;2017;19,995556;USD6.85
El Salvador;;National;2018;32,982418;USD6.85
El Salvador;;Occidental;2018;39,015222;USD6.85
El Salvador;;Central 1;2018;36,30538;USD6.85
El Salvador;;Central 2;2018;40,031651;USD6.85
El Salvador;;Oriental;2018;40,041222;USD6.85
El Salvador;;AMSS;2018;17,470432;USD6.85
El Salvador;;National;2019;28,756779;USD6.85
El Salvador;;Occidental;2019;33,51458;USD6.85
El Salvador;;Central 1;2019;30,708395;USD6.85
El Salvador;;Central 2;2019;36,72302;USD6.85
El Salvador;;Oriental;2019;35,759777;USD6.85
El Salvador;;AMSS;2019;14,893553;USD6.85
El Salvador;;National;2021;28,397105;USD6.85
El Salvador;;Occidental;2021;35,238122;USD6.85
El Salvador;;Central 1;2021;28,184182;USD6.85
El Salvador;;Central 2;2021;36,990628;USD6.85
El Salvador;;Oriental;2021;33,099717;USD6.85
El Salvador;;AMSS;2021;15,069592;USD6.85
El Salvador;;National;2022;27,488308;USD6.85
El Salvador;;Occidental;2022;32,16759;USD6.85
El Salvador;;Central 1;2022;26,966639;USD6.85
El Salvador;;Central 2;2022;33,799547;USD6.85
El Salvador;;Oriental;2022;34,536857;USD6.85
El Salvador;;AMSS;2022;15,41818;USD6.85
Guatemala;ENCOVI;National;2000;49,983078;USD6.85
Guatemala;ENCOVI;Urbano Metropolitano;2000;20,252883;USD6.85
Guatemala;ENCOVI;Resto Urbano;2000;43,29742;USD6.85
Guatemala;ENCOVI;Resto Rural;2000;60,891438;USD6.85
Guatemala;ENCOVI;National;2006;48,62242;USD6.85
Guatemala;ENCOVI;Urbano Metropolitano;2006;12,725638;USD6.85
Guatemala;ENCOVI;Resto Urbano;2006;41,733919;USD6.85
Guatemala;ENCOVI;Resto Rural;2006;66,084725;USD6.85
Guatemala;ENCOVI;National;2011;58,287564;USD6.85
Guatemala;ENCOVI;Urbano Metropolitano;2011;20,511948;USD6.85
Guatemala;ENCOVI;Resto Urbano;2011;54,162934;USD6.85
Guatemala;ENCOVI;Resto Rural;2011;74,333214;USD6.85
Guatemala;ENCOVI;National;2014;55,400353;USD6.85
Guatemala;ENCOVI;Urbano Metropolitano;2014;25,438536;USD6.85
Guatemala;ENCOVI;Resto Urbano;2014;49,386597;USD6.85
Guatemala;ENCOVI;Resto Rural;2014;69,905792;USD6.85
Honduras;INE;National;2001;56,463124;USD6.85
Honduras;INE;Metropolitana;2001;27,807239;USD6.85
Honduras;INE;Norte;2001;54,00111;USD6.85
Honduras;INE;Occidente;2001;76,034437;USD6.85
Honduras;INE;Sur;2001;65,201006;USD6.85
Honduras;INE;Oriente;2001;69,032901;USD6.85
Honduras;INE;Central;2001;72,881457;USD6.85
Honduras;INE;National;2002;61,534833;USD6.85
Honduras;INE;Metropolitana;2002;32,937664;USD6.85
Honduras;INE;Norte;2002;58,66427;USD6.85
Honduras;INE;Occidente;2002;81,261747;USD6.85
Honduras;INE;Sur;2002;74,860763;USD6.85
Honduras;INE;Oriente;2002;68,828802;USD6.85
Honduras;INE;Central;2002;72,539132;USD6.85
Honduras;INE;National;2003;64,957282;USD6.85
Honduras;INE;Metropolitana;2003;34,418711;USD6.85
Honduras;INE;Norte;2003;60,576496;USD6.85
Honduras;INE;Occidente;2003;82,826347;USD6.85
Honduras;INE;Sur;2003;73,617268;USD6.85
Honduras;INE;Oriente;2003;77,85067;USD6.85
Honduras;INE;Central;2003;79,267;USD6.85
Honduras;INE;National;2004;64,501461;USD6.85
Honduras;INE;Metropolitana;2004;36,233233;USD6.85
Honduras;INE;Norte;2004;60,586503;USD6.85
Honduras;INE;Occidente;2004;83,182366;USD6.85
Honduras;INE;Sur;2004;74,228231;USD6.85
Honduras;INE;Oriente;2004;76,626437;USD6.85
Honduras;INE;Central;2004;75,471911;USD6.85
Honduras;INE;National;2005;62,007623;USD6.85
Honduras;INE;Metropolitana;2005;32,847428;USD6.85
Honduras;INE;Norte;2005;57,518274;USD6.85
Honduras;INE;Occidente;2005;78,12523;USD6.85
Honduras;INE;Sur;2005;68,447775;USD6.85
Honduras;INE;Oriente;2005;77,819691;USD6.85
Honduras;INE;Central;2005;75,329246;USD6.85
Honduras;INE;National;2006;56,417876;USD6.85
Honduras;INE;Metropolitana;2006;25,924563;USD6.85
Honduras;INE;Norte;2006;51,494225;USD6.85
Honduras;INE;Occidente;2006;77,181636;USD6.85
Honduras;INE;Sur;2006;68,324076;USD6.85
Honduras;INE;Oriente;2006;69,383842;USD6.85
Honduras;INE;Central;2006;69,132868;USD6.85
Honduras;INE;National;2007;54,224741;USD6.85
Honduras;INE;Metropolitana;2007;22,29905;USD6.85
Honduras;INE;Norte;2007;48,561178;USD6.85
Honduras;INE;Occidente;2007;77,004755;USD6.85
Honduras;INE;Sur;2007;66,315858;USD6.85
Honduras;INE;Oriente;2007;67,427282;USD6.85
Honduras;INE;Central;2007;65,14556;USD6.85
Honduras;INE;National;2008;51,311837;USD6.85
Honduras;INE;Metropolitana;2008;23,145715;USD6.85
Honduras;INE;Norte;2008;42,687301;USD6.85
Honduras;INE;Occidente;2008;75,595859;USD6.85
Honduras;INE;Sur;2008;63,947603;USD6.85
Honduras;INE;Oriente;2008;62,944391;USD6.85
Honduras;INE;Central;2008;62,492663;USD6.85
Honduras;INE;National;2009;48,432802;USD6.85
Honduras;INE;Metropolitana;2009;17,33332;USD6.85
Honduras;INE;Norte;2009;40,887112;USD6.85
Honduras;INE;Occidente;2009;71,26278;USD6.85
Honduras;INE;Sur;2009;55,029516;USD6.85
Honduras;INE;Oriente;2009;65,230629;USD6.85
Honduras;INE;Central;2009;63,637852;USD6.85
Honduras;INE;National;2010;51,264011;USD6.85
Honduras;INE;Metropolitana;2010;21,145347;USD6.85
Honduras;INE;Norte;2010;43,815966;USD6.85
Honduras;INE;Occidente;2010;69,175198;USD6.85
Honduras;INE;Sur;2010;68,3583;USD6.85
Honduras;INE;Oriente;2010;65,705205;USD6.85
Honduras;INE;Central;2010;66,348853;USD6.85
Honduras;INE;National;2011;51,437962;USD6.85
Honduras;INE;Metropolitana;2011;23,722723;USD6.85
Honduras;INE;Norte;2011;48,247283;USD6.85
Honduras;INE;Occidente;2011;63,125353;USD6.85
Honduras;INE;Sur;2011;61,224308;USD6.85
Honduras;INE;Oriente;2011;67,717856;USD6.85
Honduras;INE;Central;2011;63,613604;USD6.85
Honduras;INE;National;2012;56,902777;USD6.85
Honduras;INE;Metropolitana;2012;27,144717;USD6.85
Honduras;INE;Norte;2012;57,41941;USD6.85
Honduras;INE;Occidente;2012;66,873902;USD6.85
Honduras;INE;Sur;2012;71,768016;USD6.85
Honduras;INE;Oriente;2012;69,368127;USD6.85
Honduras;INE;Central;2012;66,707762;USD6.85
Honduras;INE;National;2013;54,434477;USD6.85
Honduras;INE;Metropolitana;2013;26,439258;USD6.85
Honduras;INE;Norte;2013;50,128454;USD6.85
Honduras;INE;Occidente;2013;68,782803;USD6.85
Honduras;INE;Sur;2013;66,111713;USD6.85
Honduras;INE;Oriente;2013;74,679245;USD6.85
Honduras;INE;Central;2013;63,502008;USD6.85
Honduras;INE;National;2014;53,06539;USD6.85
Honduras;INE;Metropolitana;2014;25,731876;USD6.85
Honduras;INE;Norte;2014;49,417832;USD6.85
Honduras;INE;Occidente;2014;79,796743;USD6.85
Honduras;INE;Sur;2014;54,743524;USD6.85
Honduras;INE;Oriente;2014;66,16141;USD6.85
Honduras;INE;Central;2014;67,344569;USD6.85
Honduras;INE;National;2015;53,243175;USD6.85
Honduras;INE;Metropolitana;2015;27,561785;USD6.85
Honduras;INE;Norte;2015;47,112697;USD6.85
Honduras;INE;Occidente;2015;71,543824;USD6.85
Honduras;INE;Sur;2015;64,552132;USD6.85
Honduras;INE;Oriente;2015;70,626571;USD6.85
Honduras;INE;Central;2015;63,654162;USD6.85
Honduras;INE;National;2016;50,506599;USD6.85
Honduras;INE;Metropolitana;2016;23,118765;USD6.85
Honduras;INE;Norte;2016;46,902155;USD6.85
Honduras;INE;Occidente;2016;72,93431;USD6.85
Honduras;INE;Sur;2016;60,191507;USD6.85
Honduras;INE;Oriente;2016;64,369408;USD6.85
Honduras;INE;Central;2016;64,346867;USD6.85
Honduras;INE;National;2017;51,176633;USD6.85
Honduras;INE;Metropolitana;2017;24,711703;USD6.85
Honduras;INE;Norte;2017;47,896937;USD6.85
Honduras;INE;Occidente;2017;65,791367;USD6.85
Honduras;INE;Sur;2017;60,528835;USD6.85
Honduras;INE;Oriente;2017;65,492334;USD6.85
Honduras;INE;Central;2017;67,328698;USD6.85
Honduras;INE;National;2018;51,308126;USD6.85
Honduras;INE;Metropolitana;2018;22,151988;USD6.85
Honduras;INE;Norte;2018;47,679978;USD6.85
Honduras;INE;Occidente;2018;73,395472;USD6.85
Honduras;INE;Sur;2018;56,191608;USD6.85
Honduras;INE;Oriente;2018;61,564754;USD6.85
Honduras;INE;Central;2018;61,097627;USD6.85
Honduras;INE;National;2019;49,5;USD6.85
Honduras;INE;Metropolitana;2019;23,5;USD6.85
Honduras;INE;Norte;2019;36,3;USD6.85
Honduras;INE;Occidente;2019;60,1;USD6.85
Honduras;INE;Sur;2019;49,4;USD6.85
Honduras;INE;Oriente;2019;61,3;USD6.85
Honduras;INE;Central;2019;58,5;USD6.85
Mexico;;National;1989;53,746011;USD6.85
Mexico;;Noroeste;1989;33,221433;USD6.85
Mexico;;Norte;1989;56,324033;USD6.85
Mexico;;Noreste;1989;39,055379;USD6.85
Mexico;;Centro-occidente;1989;57,15092;USD6.85
Mexico;;Centro-este;1989;51,216373;USD6.85
Mexico;;Sur;1989;67,607554;USD6.85
Mexico;;Oriente;1989;63,097381;USD6.85
Mexico;;Peninsula de Yucatan;1989;58,809512;USD6.85
Mexico;;National;1992;49,004132;USD6.85
Mexico;;Noroeste;1992;30,40813;USD6.85
Mexico;;Norte;1992;47,915521;USD6.85
Mexico;;Noreste;1992;32,38561;USD6.85
Mexico;;Centro-occidente;1992;48,162216;USD6.85
Mexico;;Centro-este;1992;43,367414;USD6.85
Mexico;;Sur;1992;77,930326;USD6.85
Mexico;;Oriente;1992;61,656545;USD6.85
Mexico;;Peninsula de Yucatan;1992;55,753802;USD6.85
Mexico;;National;1994;47,642777;USD6.85
Mexico;;Noroeste;1994;32,642228;USD6.85
Mexico;;Norte;1994;53,789168;USD6.85
Mexico;;Noreste;1994;26,859878;USD6.85
Mexico;;Centro-occidente;1994;47,209958;USD6.85
Mexico;;Centro-este;1994;41,571719;USD6.85
Mexico;;Sur;1994;71,528356;USD6.85
Mexico;;Oriente;1994;63,937649;USD6.85
Mexico;;Peninsula de Yucatan;1994;51,727662;USD6.85
Mexico;;National;1996;60,400156;USD6.85
Mexico;;Noroeste;1996;39,192615;USD6.85
Mexico;;Norte;1996;61,997703;USD6.85
Mexico;;Noreste;1996;42,27339;USD6.85
Mexico;;Centro-occidente;1996;64,580297;USD6.85
Mexico;;Centro-este;1996;56,240726;USD6.85
Mexico;;Sur;1996;82,841701;USD6.85
Mexico;;Oriente;1996;72,330893;USD6.85
Mexico;;Peninsula de Yucatan;1996;64,952057;USD6.85
Mexico;;National;1998;56,721711;USD6.85
Mexico;;Noroeste;1998;41,013182;USD6.85
Mexico;;Norte;1998;53,684659;USD6.85
Mexico;;Noreste;1998;43,881901;USD6.85
Mexico;;Centro-occidente;1998;56,837336;USD6.85
Mexico;;Centro-este;1998;53,904312;USD6.85
Mexico;;Sur;1998;81,058728;USD6.85
Mexico;;Oriente;1998;63,381866;USD6.85
Mexico;;Peninsula de Yucatan;1998;65,087782;USD6.85
Mexico;;National;2000;49,876585;USD6.85
Mexico;;Noroeste;2000;33,911465;USD6.85
Mexico;;Norte;2000;42,837734;USD6.85
Mexico;;Noreste;2000;25,172901;USD6.85
Mexico;;Centro-occidente;2000;54,253214;USD6.85
Mexico;;Centro-este;2000;45,695311;USD6.85
Mexico;;Sur;2000;72,714994;USD6.85
Mexico;;Oriente;2000;67,430276;USD6.85
Mexico;;Peninsula de Yucatan;2000;62,54189;USD6.85
Mexico;;National;2002;47,04509;USD6.85
Mexico;;Noroeste;2002;35,484221;USD6.85
Mexico;;Norte;2002;44,825198;USD6.85
Mexico;;Noreste;2002;23,426402;USD6.85
Mexico;;Centro-occidente;2002;43,803907;USD6.85
Mexico;;Centro-este;2002;41,361627;USD6.85
Mexico;;Sur;2002;73,72487;USD6.85
Mexico;;Oriente;2002;69,770362;USD6.85
Mexico;;Peninsula de Yucatan;2002;58,396631;USD6.85
Mexico;;National;2004;44,16121;USD6.85
Mexico;;Noroeste;2004;31,843058;USD6.85
Mexico;;Norte;2004;43,600032;USD6.85
Mexico;;Noreste;2004;26,88058;USD6.85
Mexico;;Centro-occidente;2004;41,618484;USD6.85
Mexico;;Centro-este;2004;41,687724;USD6.85
Mexico;;Sur;2004;66,588225;USD6.85
Mexico;;Oriente;2004;57,629876;USD6.85
Mexico;;Peninsula de Yucatan;2004;44,867339;USD6.85
Mexico;;National;2005;42,927883;USD6.85
Mexico;;Noroeste;2005;28,737979;USD6.85
Mexico;;Norte;2005;41,905485;USD6.85
Mexico;;Noreste;2005;23,522995;USD6.85
Mexico;;Centro-occidente;2005;44,590359;USD6.85
Mexico;;Centro-este;2005;39,312306;USD6.85
Mexico;;Sur;2005;65,505572;USD6.85
Mexico;;Oriente;2005;58,092714;USD6.85
Mexico;;Peninsula de Yucatan;2005;42,167771;USD6.85
Mexico;;National;2006;39,660258;USD6.85
Mexico;;Noroeste;2006;27,913377;USD6.85
Mexico;;Norte;2006;38,041901;USD6.85
Mexico;;Noreste;2006;22,607999;USD6.85
Mexico;;Centro-occidente;2006;39,955055;USD6.85
Mexico;;Centro-este;2006;35,901815;USD6.85
Mexico;;Sur;2006;62,958214;USD6.85
Mexico;;Oriente;2006;51,821302;USD6.85
Mexico;;Peninsula de Yucatan;2006;40,829511;USD6.85
Mexico;;National;2008;40,244324;USD6.85
Mexico;;Noroeste;2008;27,179562;USD6.85
Mexico;;Norte;2008;39,099308;USD6.85
Mexico;;Noreste;2008;24,387615;USD6.85
Mexico;;Centro-occidente;2008;38,449898;USD6.85
Mexico;;Centro-este;2008;37,789479;USD6.85
Mexico;;Sur;2008;65,764413;USD6.85
Mexico;;Oriente;2008;51,331835;USD6.85
Mexico;;Peninsula de Yucatan;2008;36,650845;USD6.85
Mexico;;National;2010;40,182085;USD6.85
Mexico;;Noroeste;2010;29,389958;USD6.85
Mexico;;Norte;2010;42,606568;USD6.85
Mexico;;Noreste;2010;21,125492;USD6.85
Mexico;;Centro-occidente;2010;38,767811;USD6.85
Mexico;;Centro-este;2010;37,399541;USD6.85
Mexico;;Sur;2010;63,709886;USD6.85
Mexico;;Oriente;2010;52,011294;USD6.85
Mexico;;Peninsula de Yucatan;2010;34,012474;USD6.85
Mexico;;National;2012;37,342213;USD6.85
Mexico;;Noroeste;2012;23,113371;USD6.85
Mexico;;Norte;2012;37,326472;USD6.85
Mexico;;Noreste;2012;19,044308;USD6.85
Mexico;;Centro-occidente;2012;41,174355;USD6.85
Mexico;;Centro-este;2012;32,514555;USD6.85
Mexico;;Sur;2012;65,029689;USD6.85
Mexico;;Oriente;2012;46,423063;USD6.85
Mexico;;Peninsula de Yucatan;2012;33,262349;USD6.85
Mexico;;National;2014;40,341408;USD6.85
Mexico;;Noroeste;2014;27,959499;USD6.85
Mexico;;Norte;2014;38,65686;USD6.85
Mexico;;Noreste;2014;20,376805;USD6.85
Mexico;;Centro-occidente;2014;38,155498;USD6.85
Mexico;;Centro-este;2014;38,35915;USD6.85
Mexico;;Sur;2014;68,253374;USD6.85
Mexico;;Oriente;2014;51,698581;USD6.85
Mexico;;Peninsula de Yucatan;2014;36,299908;USD6.85
Mexico;;National;2016;31,419191;USD6.85
Mexico;;Noroeste;2016;18,498616;USD6.85
Mexico;;Norte;2016;29,874949;USD6.85
Mexico;;Noreste;2016;16,932044;USD6.85
Mexico;;Centro-occidente;2016;26,661711;USD6.85
Mexico;;Centro-este;2016;29,447871;USD6.85
Mexico;;Sur;2016;59,73998;USD6.85
Mexico;;Oriente;2016;43,975994;USD6.85
Mexico;;Peninsula de Yucatan;2016;28,594782;USD6.85
Mexico;;National;2018;28,796015;USD6.85
Mexico;;Noroeste;2018;16,463767;USD6.85
Mexico;;Norte;2018;26,041733;USD6.85
Mexico;;Noreste;2018;17,72111;USD6.85
Mexico;;Centro-occidente;2018;23,649152;USD6.85
Mexico;;Centro-este;2018;25,403726;USD6.85
Mexico;;Sur;2018;58,257609;USD6.85
Mexico;;Oriente;2018;44,870397;USD6.85
Mexico;;Peninsula de Yucatan;2018;25,90449;USD6.85
Mexico;;National;2020;30,269925;USD6.85
Mexico;;Noroeste;2020;16,457604;USD6.85
Mexico;;Norte;2020;24,653437;USD6.85
Mexico;;Noreste;2020;17,696099;USD6.85
Mexico;;Centro-occidente;2020;23,847218;USD6.85
Mexico;;Centro-este;2020;30,946028;USD6.85
Mexico;;Sur;2020;53,92089;USD6.85
Mexico;;Oriente;2020;42,406448;USD6.85
Mexico;;Peninsula de Yucatan;2020;35,294555;USD6.85
Mexico;;National;2022;21,771826;USD6.85
Mexico;;Noroeste;2022;10,06638;USD6.85
Mexico;;Norte;2022;18,066425;USD6.85
Mexico;;Noreste;2022;10,575521;USD6.85
Mexico;;Centro-occidente;2022;16,502975;USD6.85
Mexico;;Centro-este;2022;21,662165;USD6.85
Mexico;;Sur;2022;45,160649;USD6.85
Mexico;;Oriente;2022;32,648771;USD6.85
Mexico;;Peninsula de Yucatan;2022;19,580776;USD6.85
Nicaragua;;National;1993;79,201948;USD6.85
Nicaragua;;Managua;1993;66,42939;USD6.85
Nicaragua;;Pacífico;1993;79,749861;USD6.85
Nicaragua;;Central ;1993;91,623798;USD6.85
Nicaragua;;Atlántico;1993;88,318286;USD6.85
Nicaragua;;National;1998;74,158644;USD6.85
Nicaragua;;Managua;1998;59,025522;USD6.85
Nicaragua;;Pacífico;1998;77,572702;USD6.85
Nicaragua;;Central ;1998;81,805751;USD6.85
Nicaragua;;Atlántico;1998;78,148993;USD6.85
Nicaragua;;National;2001;69,006704;USD6.85
Nicaragua;;Managua;2001;46,288341;USD6.85
Nicaragua;;Pacífico;2001;70,662965;USD6.85
Nicaragua;;Central ;2001;80,401764;USD6.85
Nicaragua;;Atlántico;2001;82,174034;USD6.85
Nicaragua;;National;2005;61,021609;USD6.85
Nicaragua;;Managua;2005;42,921693;USD6.85
Nicaragua;;Pacífico;2005;59,40966;USD6.85
Nicaragua;;Central ;2005;72,204975;USD6.85
Nicaragua;;Atlántico;2005;70,372673;USD6.85
Nicaragua;;National;2009;57,065805;USD6.85
Nicaragua;;Managua;2009;40,463827;USD6.85
Nicaragua;;Pacífico;2009;54,878956;USD6.85
Nicaragua;;Central ;2009;65,343986;USD6.85
Nicaragua;;Atlántico;2009;70,582358;USD6.85
Nicaragua;;National;2014;42,08584;USD6.85
Nicaragua;;Managua;2014;25,333614;USD6.85
Nicaragua;;Pacífico;2014;36,150288;USD6.85
Nicaragua;;Central ;2014;53,350332;USD6.85
Nicaragua;;Atlántico;2014;49,876414;USD6.85
Panama;Without Implicit Rent;National;1989;50,164938;USD6.85
Panama;Without Implicit Rent;Oriental;1989;81,994517;USD6.85
Panama;Without Implicit Rent;Metropolitana;1989;37,896694;USD6.85
Panama;Without Implicit Rent;Central;1989;71,375153;USD6.85
Panama;Without Implicit Rent;Occidental;1989;56,766518;USD6.85
Panama;Without Implicit Rent;National;1991;48,174613;USD6.85
Panama;Without Implicit Rent;Oriental;1991;75,15109;USD6.85
Panama;Without Implicit Rent;Metropolitana;1991;37,793608;USD6.85
Panama;Without Implicit Rent;Central;1991;68,730142;USD6.85
Panama;Without Implicit Rent;Occidental;1991;50,046113;USD6.85
Panama;Without Implicit Rent;National;1995;39,377451;USD6.85
Panama;Without Implicit Rent;Oriental;1995;78,626791;USD6.85
Panama;Without Implicit Rent;Metropolitana;1995;26,446348;USD6.85
Panama;Without Implicit Rent;Central;1995;61,163028;USD6.85
Panama;Without Implicit Rent;Occidental;1995;49,013945;USD6.85
Panama;Without Implicit Rent;National;1997;39,18114;USD6.85
Panama;Without Implicit Rent;Oriental;1997;69,471006;USD6.85
Panama;Without Implicit Rent;Metropolitana;1997;28,708216;USD6.85
Panama;Without Implicit Rent;Central;1997;56,922114;USD6.85
Panama;Without Implicit Rent;Occidental;1997;47,157987;USD6.85
Panama;Without Implicit Rent;National;1998;39,007993;USD6.85
Panama;Without Implicit Rent;Oriental;1998;80,397461;USD6.85
Panama;Without Implicit Rent;Metropolitana;1998;27,594731;USD6.85
Panama;Without Implicit Rent;Central;1998;57,302673;USD6.85
Panama;Without Implicit Rent;Occidental;1998;48,481328;USD6.85
Panama;Without Implicit Rent;National;1999;36,782086;USD6.85
Panama;Without Implicit Rent;Oriental;1999;75,804636;USD6.85
Panama;Without Implicit Rent;Metropolitana;1999;25,148805;USD6.85
Panama;Without Implicit Rent;Central;1999;56,693091;USD6.85
Panama;Without Implicit Rent;Occidental;1999;44,541783;USD6.85
Panama;Without Implicit Rent;National;2000;35,075619;USD6.85
Panama;Without Implicit Rent;Oriental;2000;67,557527;USD6.85
Panama;Without Implicit Rent;Metropolitana;2000;24,663269;USD6.85
Panama;Without Implicit Rent;Central;2000;53,618303;USD6.85
Panama;Without Implicit Rent;Occidental;2000;43,242067;USD6.85
Panama;Without Implicit Rent;National;2001;40,049488;USD6.85
Panama;Without Implicit Rent;Oriental;2001;83,643947;USD6.85
Panama;Without Implicit Rent;Metropolitana;2001;27,842386;USD6.85
Panama;Without Implicit Rent;Central;2001;53,570896;USD6.85
Panama;Without Implicit Rent;Occidental;2001;53,918173;USD6.85
Panama;Without Implicit Rent;National;2002;37,249085;USD6.85
Panama;Without Implicit Rent;Oriental;2002;74,702367;USD6.85
Panama;Without Implicit Rent;Metropolitana;2002;25,587978;USD6.85
Panama;Without Implicit Rent;Central;2002;49,618071;USD6.85
Panama;Without Implicit Rent;Occidental;2002;52,284993;USD6.85
Panama;Without Implicit Rent;National;2003;35,956887;USD6.85
Panama;Without Implicit Rent;Oriental;2003;80,349008;USD6.85
Panama;Without Implicit Rent;Metropolitana;2003;23,242877;USD6.85
Panama;Without Implicit Rent;Central;2003;48,758324;USD6.85
Panama;Without Implicit Rent;Occidental;2003;52,180497;USD6.85
Panama;Without Implicit Rent;National;2004;34,764885;USD6.85
Panama;Without Implicit Rent;Oriental;2004;77,099976;USD6.85
Panama;Without Implicit Rent;Metropolitana;2004;21,417672;USD6.85
Panama;Without Implicit Rent;Central;2004;48,730776;USD6.85
Panama;Without Implicit Rent;Occidental;2004;51,815207;USD6.85
Panama;Without Implicit Rent;National;2005;34,485907;USD6.85
Panama;Without Implicit Rent;Oriental;2005;72,052325;USD6.85
Panama;Without Implicit Rent;Metropolitana;2005;21,727203;USD6.85
Panama;Without Implicit Rent;Central;2005;48,265041;USD6.85
Panama;Without Implicit Rent;Occidental;2005;51,485923;USD6.85
Panama;Without Implicit Rent;National;2006;33,876227;USD6.85
Panama;Without Implicit Rent;Oriental;2006;69,525081;USD6.85
Panama;Without Implicit Rent;Metropolitana;2006;21,145469;USD6.85
Panama;Without Implicit Rent;Central;2006;46,533934;USD6.85
Panama;Without Implicit Rent;Occidental;2006;53,074006;USD6.85
Panama;Without Implicit Rent;National;2007;30,4814;USD6.85
Panama;Without Implicit Rent;Oriental;2007;74,453925;USD6.85
Panama;Without Implicit Rent;Metropolitana;2007;16,849304;USD6.85
Panama;Without Implicit Rent;Central;2007;44,085045;USD6.85
Panama;Without Implicit Rent;Occidental;2007;50,547526;USD6.85
Panama;Without Implicit Rent;National;2008;27,864305;USD6.85
Panama;Without Implicit Rent;Oriental;2008;64,228362;USD6.85
Panama;Without Implicit Rent;Metropolitana;2008;14,485164;USD6.85
Panama;Without Implicit Rent;Central;2008;41,351063;USD6.85
Panama;Without Implicit Rent;Occidental;2008;48,84954;USD6.85
Panama;With Implicit Rent;National;2008;23,244384;USD6.85
Panama;With Implicit Rent;Oriental;2008;57,398552;USD6.85
Panama;With Implicit Rent;Metropolitana;2008;10,825754;USD6.85
Panama;With Implicit Rent;Central;2008;34,75451;USD6.85
Panama;With Implicit Rent;Occidental;2008;43,680756;USD6.85
Panama;With Implicit Rent;National;2009;23,011647;USD6.85
Panama;With Implicit Rent;Oriental;2009;53,789184;USD6.85
Panama;With Implicit Rent;Metropolitana;2009;11,203141;USD6.85
Panama;With Implicit Rent;Central;2009;33,786426;USD6.85
Panama;With Implicit Rent;Occidental;2009;43,186141;USD6.85
Panama;With Implicit Rent;National;2010;21,70791;USD6.85
Panama;With Implicit Rent;Oriental;2010;72,31807;USD6.85
Panama;With Implicit Rent;Metropolitana;2010;10,311768;USD6.85
Panama;With Implicit Rent;Central;2010;30,618363;USD6.85
Panama;With Implicit Rent;Occidental;2010;39,778167;USD6.85
Panama;With Implicit Rent;National;2011;18,339839;USD6.85
Panama;With Implicit Rent;Oriental;2011;56,923939;USD6.85
Panama;With Implicit Rent;Metropolitana;2011;7,2015823;USD6.85
Panama;With Implicit Rent;Central;2011;22,996914;USD6.85
Panama;With Implicit Rent;Occidental;2011;40,555456;USD6.85
Panama;With Implicit Rent;National;2012;18,760873;USD6.85
Panama;With Implicit Rent;Oriental;2012;58,212825;USD6.85
Panama;With Implicit Rent;Metropolitana;2012;7,4593219;USD6.85
Panama;With Implicit Rent;Central;2012;22,968833;USD6.85
Panama;With Implicit Rent;Occidental;2012;41,904833;USD6.85
Panama;With Implicit Rent;National;2013;18,164224;USD6.85
Panama;With Implicit Rent;Oriental;2013;56,638018;USD6.85
Panama;With Implicit Rent;Metropolitana;2013;6,7502552;USD6.85
Panama;With Implicit Rent;Central;2013;23,781749;USD6.85
Panama;With Implicit Rent;Occidental;2013;40,941908;USD6.85
Panama;With Implicit Rent;National;2014;16,835927;USD6.85
Panama;With Implicit Rent;Oriental;2014;54,630381;USD6.85
Panama;With Implicit Rent;Metropolitana;2014;6,8040925;USD6.85
Panama;With Implicit Rent;Central;2014;20,462004;USD6.85
Panama;With Implicit Rent;Occidental;2014;37,782969;USD6.85
Panama;With Implicit Rent;National;2015;15,398764;USD6.85
Panama;With Implicit Rent;Oriental;2015;50,032372;USD6.85
Panama;With Implicit Rent;Metropolitana;2015;5,7686642;USD6.85
Panama;With Implicit Rent;Central;2015;17,473073;USD6.85
Panama;With Implicit Rent;Occidental;2015;37,257727;USD6.85
Panama;With Implicit Rent;National;2016;14,520295;USD6.85
Panama;With Implicit Rent;Oriental;2016;48,084666;USD6.85
Panama;With Implicit Rent;Metropolitana;2016;5,1595611;USD6.85
Panama;With Implicit Rent;Central;2016;13,35794;USD6.85
Panama;With Implicit Rent;Occidental;2016;38,878461;USD6.85
Panama;With Implicit Rent;National;2017;13,975935;USD6.85
Panama;With Implicit Rent;Oriental;2017;32,618857;USD6.85
Panama;With Implicit Rent;Metropolitana;2017;5,4644094;USD6.85
Panama;With Implicit Rent;Central;2017;16,148291;USD6.85
Panama;With Implicit Rent;Occidental;2017;35,155717;USD6.85
Panama;With Implicit Rent;National;2018;12,542125;USD6.85
Panama;With Implicit Rent;Oriental;2018;34,115003;USD6.85
Panama;With Implicit Rent;Metropolitana;2018;4,8037463;USD6.85
Panama;With Implicit Rent;Central;2018;14,486156;USD6.85
Panama;With Implicit Rent;Occidental;2018;31,441726;USD6.85
Panama;With Implicit Rent;National;2019;12,07762;USD6.85
Panama;With Implicit Rent;Oriental;2019;39,135609;USD6.85
Panama;With Implicit Rent;Metropolitana;2019;4,7617073;USD6.85
Panama;With Implicit Rent;Central;2019;11,89722;USD6.85
Panama;With Implicit Rent;Occidental;2019;30,95255;USD6.85
Panama;With Implicit Rent;National;2021;12,851941;USD6.85
Panama;With Implicit Rent;Oriental;2021;43,787386;USD6.85
Panama;With Implicit Rent;Metropolitana;2021;5,5736054;USD6.85
Panama;With Implicit Rent;Central;2021;13,583468;USD6.85
Panama;With Implicit Rent;Occidental;2021;30,718366;USD6.85
Panama;With Implicit Rent;National;2023;12,941328;USD6.85
Panama;With Implicit Rent;Oriental;2023;43,927434;USD6.85
Panama;With Implicit Rent;Metropolitana;2023;4,594895;USD6.85
Panama;With Implicit Rent;Central;2023;15,095709;USD6.85
Panama;With Implicit Rent;Occidental;2023;33,412033;USD6.85
Paraguay;;National;1995;43,638513;USD6.85
Paraguay;;Asuncion;1995;12,438385;USD6.85
Paraguay;;Central Urbano;1995;19,893542;USD6.85
Paraguay;;Central Rural;1995;24,027246;USD6.85
Paraguay;;Resto Urbano;1995;34,001775;USD6.85
Paraguay;;Resto Rural;1995;67,372562;USD6.85
Paraguay;;National;1997;37,997097;USD6.85
Paraguay;;Asuncion;1997;4,670043;USD6.85
Paraguay;;Central Urbano;1997;9,3743566;USD6.85
Paraguay;;Central Rural;1997;13,37384;USD6.85
Paraguay;;Resto Urbano;1997;35,885139;USD6.85
Paraguay;;Resto Rural;1997;62,70804;USD6.85
Paraguay;;National;1999;41,369903;USD6.85
Paraguay;;Asuncion;1999;9,4151609;USD6.85
Paraguay;;Central Urbano;1999;17,117562;USD6.85
Paraguay;;Central Rural;1999;29,603214;USD6.85
Paraguay;;Resto Urbano;1999;37,714622;USD6.85
Paraguay;;Resto Rural;1999;64,320448;USD6.85
Paraguay;;National;2001;39,534058;USD6.85
Paraguay;;Asuncion;2001;10,404182;USD6.85
Paraguay;;Central Urbano;2001;12,602722;USD6.85
Paraguay;;Central Rural;2001;44,854365;USD6.85
Paraguay;;Resto Urbano;2001;34,073623;USD6.85
Paraguay;;Resto Rural;2001;62,573559;USD6.85
Paraguay;;National;2002;51,673389;USD6.85
Paraguay;;Asuncion;2002;18,54472;USD6.85
Paraguay;;Central Urbano;2002;34,285714;USD6.85
Paraguay;;Central Rural;2002;61,021505;USD6.85
Paraguay;;Resto Urbano;2002;45,540434;USD6.85
Paraguay;;Resto Rural;2002;71,058799;USD6.85
Paraguay;;National;2003;44,667133;USD6.85
Paraguay;;Asuncion;2003;18,435139;USD6.85
Paraguay;;Central Urbano;2003;32,184373;USD6.85
Paraguay;;Central Rural;2003;38,302824;USD6.85
Paraguay;;Resto Urbano;2003;41,003312;USD6.85
Paraguay;;Resto Rural;2003;60,568785;USD6.85
Paraguay;;National;2004;42,786122;USD6.85
Paraguay;;Asuncion;2004;16,328787;USD6.85
Paraguay;;Central Urbano;2004;31,651083;USD6.85
Paraguay;;Central Rural;2004;42,517047;USD6.85
Paraguay;;Resto Urbano;2004;38,419157;USD6.85
Paraguay;;Resto Rural;2004;57,855167;USD6.85
Paraguay;;National;2005;39,147273;USD6.85
Paraguay;;Asuncion;2005;16,284187;USD6.85
Paraguay;;Central Urbano;2005;23,071334;USD6.85
Paraguay;;Central Rural;2005;37,489705;USD6.85
Paraguay;;Resto Urbano;2005;41,792094;USD6.85
Paraguay;;Resto Rural;2005;52,089734;USD6.85
Paraguay;;National;2006;43,820927;USD6.85
Paraguay;;Asuncion;2006;16,873963;USD6.85
Paraguay;;Central Urbano;2006;27,062111;USD6.85
Paraguay;;Central Rural;2006;33,570663;USD6.85
Paraguay;;Resto Urbano;2006;40,30789;USD6.85
Paraguay;;Resto Rural;2006;63,489423;USD6.85
Paraguay;;National;2007;40,284629;USD6.85
Paraguay;;Asuncion;2007;13,700022;USD6.85
Paraguay;;Central Urbano;2007;29,030258;USD6.85
Paraguay;;Central Rural;2007;25,158643;USD6.85
Paraguay;;Resto Urbano;2007;33,776501;USD6.85
Paraguay;;Resto Rural;2007;59,40705;USD6.85
Paraguay;;National;2008;37,249828;USD6.85
Paraguay;;Asuncion;2008;12,954349;USD6.85
Paraguay;;Central Urbano;2008;22,956349;USD6.85
Paraguay;;Central Rural;2008;37,952407;USD6.85
Paraguay;;Resto Urbano;2008;31,713453;USD6.85
Paraguay;;Resto Rural;2008;55,256921;USD6.85
Paraguay;;National;2009;35,674352;USD6.85
Paraguay;;Asuncion;2009;13,403664;USD6.85
Paraguay;;Central Urbano;2009;17,258179;USD6.85
Paraguay;;Central Rural;2009;25,458782;USD6.85
Paraguay;;Resto Urbano;2009;27,69076;USD6.85
Paraguay;;Resto Rural;2009;58,782169;USD6.85
Paraguay;;National;2010;34,051777;USD6.85
Paraguay;;Asuncion;2010;17,698606;USD6.85
Paraguay;;Central Urbano;2010;18,120815;USD6.85
Paraguay;;Central Rural;2010;31,000234;USD6.85
Paraguay;;Resto Urbano;2010;22,528595;USD6.85
Paraguay;;Resto Rural;2010;56,773917;USD6.85
Paraguay;;National;2011;32,248679;USD6.85
Paraguay;;Asuncion;2011;12,848628;USD6.85
Paraguay;;Central Urbano;2011;19,568689;USD6.85
Paraguay;;Central Rural;2011;29,052241;USD6.85
Paraguay;;Resto Urbano;2011;23,400847;USD6.85
Paraguay;;Resto Rural;2011;51,730757;USD6.85
Paraguay;;National;2012;26,997849;USD6.85
Paraguay;;Asuncion;2012;8,791005;USD6.85
Paraguay;;Central Urbano;2012;9,94352;USD6.85
Paraguay;;Central Rural;2012;20,900754;USD6.85
Paraguay;;Resto Urbano;2012;16,468426;USD6.85
Paraguay;;Resto Rural;2012;50,56017;USD6.85
Paraguay;;National;2013;23,253099;USD6.85
Paraguay;;Asuncion;2013;6,79871;USD6.85
Paraguay;;Central Urbano;2013;9,2163806;USD6.85
Paraguay;;Central Rural;2013;17,688745;USD6.85
Paraguay;;Resto Urbano;2013;19,404876;USD6.85
Paraguay;;Resto Rural;2013;40,423254;USD6.85
Paraguay;;National;2014;22,645549;USD6.85
Paraguay;;Asuncion;2014;6,5374257;USD6.85
Paraguay;;Central Urbano;2014;8,363907;USD6.85
Paraguay;;Central Rural;2014;12,493984;USD6.85
Paraguay;;Resto Urbano;2014;19,572894;USD6.85
Paraguay;;Resto Rural;2014;39,934564;USD6.85
Paraguay;;National;2015;22,605846;USD6.85
Paraguay;;Asuncion;2015;5,2626444;USD6.85
Paraguay;;Central Urbano;2015;10,321755;USD6.85
Paraguay;;Central Rural;2015;12,784616;USD6.85
Paraguay;;Resto Urbano;2015;17,337744;USD6.85
Paraguay;;Resto Rural;2015;40,61142;USD6.85
Paraguay;;National;2016;23,675324;USD6.85
Paraguay;;Asuncion;2016;8,2008663;USD6.85
Paraguay;;Central Urbano;2016;9,2319092;USD6.85
Paraguay;;Central Rural;2016;13,912706;USD6.85
Paraguay;;Resto Urbano;2016;19,459946;USD6.85
Paraguay;;Resto Rural;2016;42,370601;USD6.85
Paraguay;;National;2017;21,037663;USD6.85
Paraguay;;Asuncion;2017;6,6319082;USD6.85
Paraguay;;Central Urbano;2017;9,3543089;USD6.85
Paraguay;;Central Rural;2017;10,996769;USD6.85
Paraguay;;Resto Urbano;2017;16,691111;USD6.85
Paraguay;;Resto Rural;2017;37,522082;USD6.85
Paraguay;;National;2018;20,156648;USD6.85
Paraguay;;Asuncion;2018;7,0522537;USD6.85
Paraguay;;Central Urbano;2018;7,460535;USD6.85
Paraguay;;Central Rural;2018;8,1970077;USD6.85
Paraguay;;Resto Urbano;2018;15,44292;USD6.85
Paraguay;;Resto Rural;2018;38,135179;USD6.85
Paraguay;;National;2019;19,655186;USD6.85
Paraguay;;Asuncion;2019;6,254217;USD6.85
Paraguay;;Central Urbano;2019;8,3272811;USD6.85
Paraguay;;Central Rural;2019;12,01731;USD6.85
Paraguay;;Resto Urbano;2019;15,45075;USD6.85
Paraguay;;Resto Rural;2019;36,071407;USD6.85
Paraguay;;National;2020;22,310211;USD6.85
Paraguay;;Asuncion;2020;9,4457312;USD6.85
Paraguay;;Central Urbano;2020;11,932927;USD6.85
Paraguay;;Central Rural;2020;17,272004;USD6.85
Paraguay;;Resto Urbano;2020;20,041329;USD6.85
Paraguay;;Resto Rural;2020;36,291374;USD6.85
Paraguay;;National;2021;20,809031;USD6.85
Paraguay;;Asuncion;2021;10,514648;USD6.85
Paraguay;;Central Urbano;2021;8,3689278;USD6.85
Paraguay;;Central Rural;2021;11,888833;USD6.85
Paraguay;;Resto Urbano;2021;19,158082;USD6.85
Paraguay;;Resto Rural;2021;35,912535;USD6.85
Paraguay;;National;2022;19,904828;USD6.85
Paraguay;;Asuncion;2022;5,2114473;USD6.85
Paraguay;;Central Urbano;2022;7,3448398;USD6.85
Paraguay;;Central Rural;2022;13,580334;USD6.85
Paraguay;;Resto Urbano;2022;19,087489;USD6.85
Paraguay;;Resto Rural;2022;35,231309;USD6.85
Paraguay;EPH Continua;National;2022;20,411134;USD6.85
Paraguay;EPH Continua;Asuncion;2022;5,0849363;USD6.85
Paraguay;EPH Continua;Central Urbano;2022;8,4511966;USD6.85
Paraguay;EPH Continua;Central Rural;2022;15,380918;USD6.85
Paraguay;EPH Continua;Resto Urbano;2022;19,50025;USD6.85
Paraguay;EPH Continua;Resto Rural;2022;35,105487;USD6.85
Peru;ENAHO 1;National;1997;61,343092;USD6.85
Peru;ENAHO 1;Costa Urbana;1997;54,820619;USD6.85
Peru;ENAHO 1;Sierra Urbana;1997;59,58312;USD6.85
Peru;ENAHO 1;Selva Urbana;1997;56,372575;USD6.85
Peru;ENAHO 1;Costa Rural;1997;84,938591;USD6.85
Peru;ENAHO 1;Sierra Rural;1997;91,965344;USD6.85
Peru;ENAHO 1;Selva Rural;1997;87,322395;USD6.85
Peru;ENAHO 1;Lima Metropolitana;1997;31,424867;USD6.85
Peru;ENAHO 1;National;1998;62,280075;USD6.85
Peru;ENAHO 1;Costa Urbana;1998;59,390927;USD6.85
Peru;ENAHO 1;Sierra Urbana;1998;62,883582;USD6.85
Peru;ENAHO 1;Selva Urbana;1998;63,115534;USD6.85
Peru;ENAHO 1;Costa Rural;1998;83,697963;USD6.85
Peru;ENAHO 1;Sierra Rural;1998;92,389368;USD6.85
Peru;ENAHO 1;Selva Rural;1998;87,942787;USD6.85
Peru;ENAHO 1;Lima Metropolitana;1998;28,732233;USD6.85
Peru;ENAHO 1;National;1999;62,122352;USD6.85
Peru;ENAHO 1;Costa Urbana;1999;60,445621;USD6.85
Peru;ENAHO 1;Sierra Urbana;1999;53,464214;USD6.85
Peru;ENAHO 1;Selva Urbana;1999;61,262865;USD6.85
Peru;ENAHO 1;Costa Rural;1999;83,860021;USD6.85
Peru;ENAHO 1;Sierra Rural;1999;91,87095;USD6.85
Peru;ENAHO 1;Selva Rural;1999;90,67217;USD6.85
Peru;ENAHO 1;Lima Metropolitana;1999;33,196214;USD6.85
Peru;ENAHO 1;National;2000;62,361976;USD6.85
Peru;ENAHO 1;Costa Urbana;2000;59,763023;USD6.85
Peru;ENAHO 1;Sierra Urbana;2000;51,882058;USD6.85
Peru;ENAHO 1;Selva Urbana;2000;60,883878;USD6.85
Peru;ENAHO 1;Costa Rural;2000;87,492974;USD6.85
Peru;ENAHO 1;Sierra Rural;2000;94,395934;USD6.85
Peru;ENAHO 1;Selva Rural;2000;91,215651;USD6.85
Peru;ENAHO 1;Lima Metropolitana;2000;32,059273;USD6.85
Peru;ENAHO 2;National;2001;63,914679;USD6.85
Peru;ENAHO 2;Costa Urbana;2001;61,276228;USD6.85
Peru;ENAHO 2;Sierra Urbana;2001;63,658839;USD6.85
Peru;ENAHO 2;Selva Urbana;2001;66,305264;USD6.85
Peru;ENAHO 2;Costa Rural;2001;85,577971;USD6.85
Peru;ENAHO 2;Sierra Rural;2001;94,610006;USD6.85
Peru;ENAHO 2;Selva Rural;2001;88,166294;USD6.85
Peru;ENAHO 2;Lima Metropolitana;2001;34,217764;USD6.85
Peru;ENAHO 2;National;2002;60,197604;USD6.85
Peru;ENAHO 2;Costa Urbana;2002;54,626448;USD6.85
Peru;ENAHO 2;Sierra Urbana;2002;56,582301;USD6.85
Peru;ENAHO 2;Selva Urbana;2002;65,68265;USD6.85
Peru;ENAHO 2;Costa Rural;2002;81,205114;USD6.85
Peru;ENAHO 2;Sierra Rural;2002;93,936356;USD6.85
Peru;ENAHO 2;Selva Rural;2002;91,943726;USD6.85
Peru;ENAHO 2;Lima Metropolitana;2002;31,007977;USD6.85
Peru;ENAHO 2;National;2003;60,158143;USD6.85
Peru;ENAHO 2;Costa Urbana;2003;52,439135;USD6.85
Peru;ENAHO 2;Sierra Urbana;2003;64,671821;USD6.85
Peru;ENAHO 2;Selva Urbana;2003;74,302056;USD6.85
Peru;ENAHO 2;Costa Rural;2003;83,543617;USD6.85
Peru;ENAHO 2;Sierra Rural;2003;93,743338;USD6.85
Peru;ENAHO 2;Selva Rural;2003;94,256853;USD6.85
Peru;ENAHO 2;Lima Metropolitana;2003;28,265371;USD6.85
Peru;ENAHO 3;National;2003;59,434142;USD6.85
Peru;ENAHO 3;Costa Urbana;2003;53,194982;USD6.85
Peru;ENAHO 3;Sierra Urbana;2003;59,424487;USD6.85
Peru;ENAHO 3;Selva Urbana;2003;69,817239;USD6.85
Peru;ENAHO 3;Costa Rural;2003;79,849814;USD6.85
Peru;ENAHO 3;Sierra Rural;2003;92,7136;USD6.85
Peru;ENAHO 3;Selva Rural;2003;92,891728;USD6.85
Peru;ENAHO 3;Lima Metropolitana;2003;28,693343;USD6.85
Peru;ENAHO 3;National;2004;59,759946;USD6.85
Peru;ENAHO 3;Costa Urbana;2004;54,91494;USD6.85
Peru;ENAHO 3;Sierra Urbana;2004;60,981752;USD6.85
Peru;ENAHO 3;Selva Urbana;2004;68,169767;USD6.85
Peru;ENAHO 3;Costa Rural;2004;80,265457;USD6.85
Peru;ENAHO 3;Sierra Rural;2004;94,07449;USD6.85
Peru;ENAHO 3;Selva Rural;2004;93,767939;USD6.85
Peru;ENAHO 3;Lima Metropolitana;2004;27,992488;USD6.85
Peru;ENAHO 3;National;2005;61,503981;USD6.85
Peru;ENAHO 3;Costa Urbana;2005;53,821365;USD6.85
Peru;ENAHO 3;Sierra Urbana;2005;60,798943;USD6.85
Peru;ENAHO 3;Selva Urbana;2005;69,340328;USD6.85
Peru;ENAHO 3;Costa Rural;2005;80,151395;USD6.85
Peru;ENAHO 3;Sierra Rural;2005;93,431786;USD6.85
Peru;ENAHO 3;Selva Rural;2005;93,408875;USD6.85
Peru;ENAHO 3;Lima Metropolitana;2005;35,561628;USD6.85
Peru;ENAHO 3;National;2006;55,861864;USD6.85
Peru;ENAHO 3;Costa Urbana;2006;48,694084;USD6.85
Peru;ENAHO 3;Sierra Urbana;2006;55,80062;USD6.85
Peru;ENAHO 3;Selva Urbana;2006;64,28884;USD6.85
Peru;ENAHO 3;Costa Rural;2006;77,352653;USD6.85
Peru;ENAHO 3;Sierra Rural;2006;93,191105;USD6.85
Peru;ENAHO 3;Selva Rural;2006;90,759327;USD6.85
Peru;ENAHO 3;Lima Metropolitana;2006;25,642141;USD6.85
Peru;ENAHO 3;National;2007;50,303049;USD6.85
Peru;ENAHO 3;Costa Urbana;2007;42,944784;USD6.85
Peru;ENAHO 3;Sierra Urbana;2007;48,929089;USD6.85
Peru;ENAHO 3;Selva Urbana;2007;53,602929;USD6.85
Peru;ENAHO 3;Costa Rural;2007;72,164911;USD6.85
Peru;ENAHO 3;Sierra Rural;2007;91,488349;USD6.85
Peru;ENAHO 3;Selva Rural;2007;85,618827;USD6.85
Peru;ENAHO 3;Lima Metropolitana;2007;20,306387;USD6.85
Peru;ENAHO 3;National;2008;46,402334;USD6.85
Peru;ENAHO 3;Costa Urbana;2008;37,872677;USD6.85
Peru;ENAHO 3;Sierra Urbana;2008;45,136589;USD6.85
Peru;ENAHO 3;Selva Urbana;2008;48,063127;USD6.85
Peru;ENAHO 3;Costa Rural;2008;65,298034;USD6.85
Peru;ENAHO 3;Sierra Rural;2008;88,595243;USD6.85
Peru;ENAHO 3;Selva Rural;2008;81,431814;USD6.85
Peru;ENAHO 3;Lima Metropolitana;2008;18,172009;USD6.85
Peru;ENAHO 3;National;2009;44,554036;USD6.85
Peru;ENAHO 3;Costa Urbana;2009;36,541466;USD6.85
Peru;ENAHO 3;Sierra Urbana;2009;40,772794;USD6.85
Peru;ENAHO 3;Selva Urbana;2009;45,380919;USD6.85
Peru;ENAHO 3;Costa Rural;2009;62,57049;USD6.85
Peru;ENAHO 3;Sierra Rural;2009;86,082639;USD6.85
Peru;ENAHO 3;Selva Rural;2009;81,863405;USD6.85
Peru;ENAHO 3;Lima Metropolitana;2009;18,313106;USD6.85
Peru;ENAHO 3;National;2010;40,52538;USD6.85
Peru;ENAHO 3;Costa Urbana;2010;31,11252;USD6.85
Peru;ENAHO 3;Sierra Urbana;2010;36,650019;USD6.85
Peru;ENAHO 3;Selva Urbana;2010;39,925644;USD6.85
Peru;ENAHO 3;Costa Rural;2010;60,444301;USD6.85
Peru;ENAHO 3;Sierra Rural;2010;84,47922;USD6.85
Peru;ENAHO 3;Selva Rural;2010;75,10097;USD6.85
Peru;ENAHO 3;Lima Metropolitana;2010;15,484681;USD6.85
Peru;ENAHO 3;National;2011;38,069461;USD6.85
Peru;ENAHO 3;Costa Urbana;2011;28,43956;USD6.85
Peru;ENAHO 3;Sierra Urbana;2011;32,230685;USD6.85
Peru;ENAHO 3;Selva Urbana;2011;37,472866;USD6.85
Peru;ENAHO 3;Costa Rural;2011;52,627836;USD6.85
Peru;ENAHO 3;Sierra Rural;2011;82,282954;USD6.85
Peru;ENAHO 3;Selva Rural;2011;70,981212;USD6.85
Peru;ENAHO 3;Lima Metropolitana;2011;15,632936;USD6.85
Peru;ENAHO 3;National;2012;35,295254;USD6.85
Peru;ENAHO 3;Costa Urbana;2012;26,823905;USD6.85
Peru;ENAHO 3;Sierra Urbana;2012;30,042965;USD6.85
Peru;ENAHO 3;Selva Urbana;2012;34,100061;USD6.85
Peru;ENAHO 3;Costa Rural;2012;52,576821;USD6.85
Peru;ENAHO 3;Sierra Rural;2012;79,477764;USD6.85
Peru;ENAHO 3;Selva Rural;2012;69,58557;USD6.85
Peru;ENAHO 3;Lima Metropolitana;2012;12,30608;USD6.85
Peru;ENAHO 3;National;2013;34,510649;USD6.85
Peru;ENAHO 3;Costa Urbana;2013;28,326916;USD6.85
Peru;ENAHO 3;Sierra Urbana;2013;28,23393;USD6.85
Peru;ENAHO 3;Selva Urbana;2013;35,717736;USD6.85
Peru;ENAHO 3;Costa Rural;2013;49,439236;USD6.85
Peru;ENAHO 3;Sierra Rural;2013;77,478442;USD6.85
Peru;ENAHO 3;Selva Rural;2013;73,068505;USD6.85
Peru;ENAHO 3;Lima Metropolitana;2013;11,00774;USD6.85
Peru;ENAHO 3;National;2014;33,377723;USD6.85
Peru;ENAHO 3;Costa Urbana;2014;24,905128;USD6.85
Peru;ENAHO 3;Sierra Urbana;2014;29,69766;USD6.85
Peru;ENAHO 3;Selva Urbana;2014;35,600995;USD6.85
Peru;ENAHO 3;Costa Rural;2014;50,219084;USD6.85
Peru;ENAHO 3;Sierra Rural;2014;75,563462;USD6.85
Peru;ENAHO 3;Selva Rural;2014;73,274345;USD6.85
Peru;ENAHO 3;Lima Metropolitana;2014;10,623321;USD6.85
Peru;ENAHO 3;National;2015;32,668167;USD6.85
Peru;ENAHO 3;Costa Urbana;2015;24,959209;USD6.85
Peru;ENAHO 3;Sierra Urbana;2015;29,151582;USD6.85
Peru;ENAHO 3;Selva Urbana;2015;35,899906;USD6.85
Peru;ENAHO 3;Costa Rural;2015;51,763887;USD6.85
Peru;ENAHO 3;Sierra Rural;2015;75,026483;USD6.85
Peru;ENAHO 3;Selva Rural;2015;74,409827;USD6.85
Peru;ENAHO 3;Lima Metropolitana;2015;9,1442065;USD6.85
Peru;ENAHO 3;National;2016;31,814745;USD6.85
Peru;ENAHO 3;Costa Urbana;2016;23,336447;USD6.85
Peru;ENAHO 3;Sierra Urbana;2016;30,205849;USD6.85
Peru;ENAHO 3;Selva Urbana;2016;34,271546;USD6.85
Peru;ENAHO 3;Costa Rural;2016;49,381955;USD6.85
Peru;ENAHO 3;Sierra Rural;2016;75,132242;USD6.85
Peru;ENAHO 3;Selva Rural;2016;73,795663;USD6.85
Peru;ENAHO 3;Lima Metropolitana;2016;8,5464464;USD6.85
Peru;ENAHO 3;National;2017;32,620041;USD6.85
Peru;ENAHO 3;Costa Urbana;2017;22,916764;USD6.85
Peru;ENAHO 3;Sierra Urbana;2017;31,512237;USD6.85
Peru;ENAHO 3;Selva Urbana;2017;32,538673;USD6.85
Peru;ENAHO 3;Costa Rural;2017;49,17775;USD6.85
Peru;ENAHO 3;Sierra Rural;2017;77,55728;USD6.85
Peru;ENAHO 3;Selva Rural;2017;76,615756;USD6.85
Peru;ENAHO 3;Lima Metropolitana;2017;10,428823;USD6.85
Peru;ENAHO 3;National;2018;30,364668;USD6.85
Peru;ENAHO 3;Costa Urbana;2018;19,855018;USD6.85
Peru;ENAHO 3;Sierra Urbana;2018;29,354746;USD6.85
Peru;ENAHO 3;Selva Urbana;2018;32,44891;USD6.85
Peru;ENAHO 3;Costa Rural;2018;44,506571;USD6.85
Peru;ENAHO 3;Sierra Rural;2018;73,332941;USD6.85
Peru;ENAHO 3;Selva Rural;2018;74,628289;USD6.85
Peru;ENAHO 3;Lima Metropolitana;2018;10,00011;USD6.85
Peru;ENAHO 3;National;2019;28,857037;USD6.85
Peru;ENAHO 3;Costa Urbana;2019;18,382311;USD6.85
Peru;ENAHO 3;Sierra Urbana;2019;27,785734;USD6.85
Peru;ENAHO 3;Selva Urbana;2019;30,532236;USD6.85
Peru;ENAHO 3;Costa Rural;2019;40,653519;USD6.85
Peru;ENAHO 3;Sierra Rural;2019;70,29583;USD6.85
Peru;ENAHO 3;Selva Rural;2019;72,125743;USD6.85
Peru;ENAHO 3;Lima Metropolitana;2019;10,242063;USD6.85
Peru;ENAHO 3;National;2020;43,018334;USD6.85
Peru;ENAHO 3;Costa Urbana;2020;34,652818;USD6.85
Peru;ENAHO 3;Sierra Urbana;2020;44,895728;USD6.85
Peru;ENAHO 3;Selva Urbana;2020;41,938633;USD6.85
Peru;ENAHO 3;Costa Rural;2020;50,432342;USD6.85
Peru;ENAHO 3;Sierra Rural;2020;74,413156;USD6.85
Peru;ENAHO 3;Selva Rural;2020;71,31816;USD6.85
Peru;ENAHO 3;Lima Metropolitana;2020;29,662554;USD6.85
Peru;ENAHO 3;National;2021;33,736884;USD6.85
Peru;ENAHO 3;Costa Urbana;2021;24,519761;USD6.85
Peru;ENAHO 3;Sierra Urbana;2021;34,849243;USD6.85
Peru;ENAHO 3;Selva Urbana;2021;32,514384;USD6.85
Peru;ENAHO 3;Costa Rural;2021;40,076571;USD6.85
Peru;ENAHO 3;Sierra Rural;2021;67,090043;USD6.85
Peru;ENAHO 3;Selva Rural;2021;63,897478;USD6.85
Peru;ENAHO 3;Lima Metropolitana;2021;20,931723;USD6.85
Peru;ENAHO 3;National;2022;32,223312;USD6.85
Peru;ENAHO 3;Costa Urbana;2022;23,844851;USD6.85
Peru;ENAHO 3;Sierra Urbana;2022;32,012367;USD6.85
Peru;ENAHO 3;Selva Urbana;2022;35,815504;USD6.85
Peru;ENAHO 3;Costa Rural;2022;39,415332;USD6.85
Peru;ENAHO 3;Sierra Rural;2022;65,274097;USD6.85
Peru;ENAHO 3;Selva Rural;2022;65,708004;USD6.85
Peru;ENAHO 3;Lima Metropolitana;2022;18,406705;USD6.85
Uruguay;Urban;National;1992;11,091799;USD6.85
Uruguay;Urban;Montevideo;1992;5,5095057;USD6.85
Uruguay;Urban;Interior Norte;1992;27,33444;USD6.85
Uruguay;Urban;Interior Centro Norte;1992;17,777778;USD6.85
Uruguay;Urban;Interior Centro Sur;1992;11,603244;USD6.85
Uruguay;Urban;Interior Sur;1992;9,3579855;USD6.85
Uruguay;Urban;National;1995;10,979038;USD6.85
Uruguay;Urban;Montevideo;1995;5,7825665;USD6.85
Uruguay;Urban;Interior Norte;1995;27,158949;USD6.85
Uruguay;Urban;Interior Centro Norte;1995;21,08508;USD6.85
Uruguay;Urban;Interior Centro Sur;1995;13,313219;USD6.85
Uruguay;Urban;Interior Sur;1995;8,0247403;USD6.85
Uruguay;Urban;National;1996;11,604277;USD6.85
Uruguay;Urban;Montevideo;1996;6,4989518;USD6.85
Uruguay;Urban;Interior Norte;1996;27,409639;USD6.85
Uruguay;Urban;Interior Centro Norte;1996;20,721567;USD6.85
Uruguay;Urban;Interior Centro Sur;1996;13,927476;USD6.85
Uruguay;Urban;Interior Sur;1996;9,0901778;USD6.85
Uruguay;Urban;National;1997;11,911071;USD6.85
Uruguay;Urban;Montevideo;1997;6,3223247;USD6.85
Uruguay;Urban;Interior Norte;1997;25,945437;USD6.85
Uruguay;Urban;Interior Centro Norte;1997;21,383567;USD6.85
Uruguay;Urban;Interior Centro Sur;1997;14,40344;USD6.85
Uruguay;Urban;Interior Sur;1997;11,089287;USD6.85
Uruguay;Urban;National;1998;11,818157;USD6.85
Uruguay;Urban;Montevideo;1998;8,605349;USD6.85
Uruguay;Urban;Interior Norte;1998;29,130992;USD6.85
Uruguay;Urban;Interior Centro Norte;1998;19,199882;USD6.85
Uruguay;Urban;Interior Centro Sur;1998;10,973291;USD6.85
Uruguay;Urban;Interior Sur;1998;7,6638727;USD6.85
Uruguay;Urban;National;2000;12,484113;USD6.85
Uruguay;Urban;Montevideo;2000;8,6982235;USD6.85
Uruguay;Urban;Interior Norte;2000;28,585249;USD6.85
Uruguay;Urban;Interior Centro Norte;2000;21,427278;USD6.85
Uruguay;Urban;Interior Centro Sur;2000;13,821618;USD6.85
Uruguay;Urban;Interior Sur;2000;9,8676085;USD6.85
Uruguay;Urban;National;2001;14,135329;USD6.85
Uruguay;Urban;Montevideo;2001;9,5894834;USD6.85
Uruguay;Urban;Interior Norte;2001;30,818267;USD6.85
Uruguay;Urban;Interior Centro Norte;2001;25,014266;USD6.85
Uruguay;Urban;Interior Centro Sur;2001;18,031654;USD6.85
Uruguay;Urban;Interior Sur;2001;12,000304;USD6.85
Uruguay;Urban;National;2002;18,519097;USD6.85
Uruguay;Urban;Montevideo;2002;13,591078;USD6.85
Uruguay;Urban;Interior Norte;2002;34,752122;USD6.85
Uruguay;Urban;Interior Centro Norte;2002;27,645003;USD6.85
Uruguay;Urban;Interior Centro Sur;2002;19,715132;USD6.85
Uruguay;Urban;Interior Sur;2002;21,894994;USD6.85
Uruguay;Urban;National;2003;24,511699;USD6.85
Uruguay;Urban;Montevideo;2003;18,863432;USD6.85
Uruguay;Urban;Interior Norte;2003;38,185117;USD6.85
Uruguay;Urban;Interior Centro Norte;2003;39,708606;USD6.85
Uruguay;Urban;Interior Centro Sur;2003;27,158328;USD6.85
Uruguay;Urban;Interior Sur;2003;25,893964;USD6.85
Uruguay;Urban;National;2004;25,147141;USD6.85
Uruguay;Urban;Montevideo;2004;19,792952;USD6.85
Uruguay;Urban;Interior Norte;2004;43,898527;USD6.85
Uruguay;Urban;Interior Centro Norte;2004;37,537764;USD6.85
Uruguay;Urban;Interior Centro Sur;2004;27,002526;USD6.85
Uruguay;Urban;Interior Sur;2004;25,11911;USD6.85
Uruguay;Urban;National;2005;22,743699;USD6.85
Uruguay;Urban;Montevideo;2005;18,91845;USD6.85
Uruguay;Urban;Interior Norte;2005;35,383567;USD6.85
Uruguay;Urban;Interior Centro Norte;2005;33,157233;USD6.85
Uruguay;Urban;Interior Centro Sur;2005;26,322923;USD6.85
Uruguay;Urban;Interior Sur;2005;19,682006;USD6.85
Uruguay;Urban;National;2006;21,136775;USD6.85
Uruguay;Urban;Montevideo;2006;17,72465;USD6.85
Uruguay;Urban;Interior Norte;2006;35,826307;USD6.85
Uruguay;Urban;Interior Centro Norte;2006;28,32617;USD6.85
Uruguay;Urban;Interior Centro Sur;2006;24,256622;USD6.85
Uruguay;Urban;Interior Sur;2006;17,054259;USD6.85
Uruguay;National;National;2006;22,332671;USD6.85
Uruguay;National;Montevideo;2006;17,912849;USD6.85
Uruguay;National;Interior Norte;2006;37,057215;USD6.85
Uruguay;National;Interior Centro Norte;2006;30,514253;USD6.85
Uruguay;National;Interior Centro Sur;2006;24,765381;USD6.85
Uruguay;National;Interior Sur;2006;18,350829;USD6.85
Uruguay;National;National;2007;19,624219;USD6.85
Uruguay;National;Montevideo;2007;16,603142;USD6.85
Uruguay;National;Interior Norte;2007;31,66014;USD6.85
Uruguay;National;Interior Centro Norte;2007;26,546963;USD6.85
Uruguay;National;Interior Centro Sur;2007;20,764862;USD6.85
Uruguay;National;Interior Sur;2007;14,615433;USD6.85
Uruguay;National;National;2008;14,733918;USD6.85
Uruguay;National;Montevideo;2008;11,987423;USD6.85
Uruguay;National;Interior Norte;2008;25,698273;USD6.85
Uruguay;National;Interior Centro Norte;2008;19,660074;USD6.85
Uruguay;National;Interior Centro Sur;2008;16,208462;USD6.85
Uruguay;National;Interior Sur;2008;11,024749;USD6.85
Uruguay;National;National;2009;13,56285;USD6.85
Uruguay;National;Montevideo;2009;11,645816;USD6.85
Uruguay;National;Interior Norte;2009;22,201564;USD6.85
Uruguay;National;Interior Centro Norte;2009;19,610039;USD6.85
Uruguay;National;Interior Centro Sur;2009;13,839258;USD6.85
Uruguay;National;Interior Sur;2009;9,007121;USD6.85
Uruguay;National;National;2010;12,048121;USD6.85
Uruguay;National;Montevideo;2010;10,38465;USD6.85
Uruguay;National;Interior Norte;2010;21,746731;USD6.85
Uruguay;National;Interior Centro Norte;2010;15,790356;USD6.85
Uruguay;National;Interior Centro Sur;2010;11,365298;USD6.85
Uruguay;National;Interior Sur;2010;8,3701454;USD6.85
Uruguay;National;National;2011;8,5335804;USD6.85
Uruguay;National;Montevideo;2011;7,4412954;USD6.85
Uruguay;National;Interior Norte;2011;16,743604;USD6.85
Uruguay;National;Interior Centro Norte;2011;12,16204;USD6.85
Uruguay;National;Interior Centro Sur;2011;7,4530377;USD6.85
Uruguay;National;Interior Sur;2011;4,8914589;USD6.85
Uruguay;National;National;2012;7,8216709;USD6.85
Uruguay;National;Montevideo;2012;7,8162423;USD6.85
Uruguay;National;Interior Norte;2012;12,765026;USD6.85
Uruguay;National;Interior Centro Norte;2012;9,7368486;USD6.85
Uruguay;National;Interior Centro Sur;2012;6,6438645;USD6.85
Uruguay;National;Interior Sur;2012;4,1834852;USD6.85
Uruguay;National;National;2013;7,3686758;USD6.85
Uruguay;National;Montevideo;2013;7,2775849;USD6.85
Uruguay;National;Interior Norte;2013;12,902577;USD6.85
Uruguay;National;Interior Centro Norte;2013;9,3895408;USD6.85
Uruguay;National;Interior Centro Sur;2013;5,8744301;USD6.85
Uruguay;National;Interior Sur;2013;3,8692599;USD6.85
Uruguay;National;National;2014;6,3145422;USD6.85
Uruguay;National;Montevideo;2014;5,835653;USD6.85
Uruguay;National;Interior Norte;2014;10,68458;USD6.85
Uruguay;National;Interior Centro Norte;2014;8,6650918;USD6.85
Uruguay;National;Interior Centro Sur;2014;5,9042622;USD6.85
Uruguay;National;Interior Sur;2014;3,7743167;USD6.85
Uruguay;National;National;2015;5,9503329;USD6.85
Uruguay;National;Montevideo;2015;5,242133;USD6.85
Uruguay;National;Interior Norte;2015;10,466256;USD6.85
Uruguay;National;Interior Centro Norte;2015;9,5487886;USD6.85
Uruguay;National;Interior Centro Sur;2015;5,2146926;USD6.85
Uruguay;National;Interior Sur;2015;3,2309213;USD6.85
Uruguay;National;National;2016;5,6365652;USD6.85
Uruguay;National;Montevideo;2016;4,583731;USD6.85
Uruguay;National;Interior Norte;2016;11,08219;USD6.85
Uruguay;National;Interior Centro Norte;2016;8,6624215;USD6.85
Uruguay;National;Interior Centro Sur;2016;5,6194023;USD6.85
Uruguay;National;Interior Sur;2016;3,5497573;USD6.85
Uruguay;National;National;2017;4,5909819;USD6.85
Uruguay;National;Montevideo;2017;4,0010049;USD6.85
Uruguay;National;Interior Norte;2017;9,2142149;USD6.85
Uruguay;National;Interior Centro Norte;2017;7,0551552;USD6.85
Uruguay;National;Interior Centro Sur;2017;4,1572614;USD6.85
Uruguay;National;Interior Sur;2017;2,2447595;USD6.85
Uruguay;National;National;2018;4,9356756;USD6.85
Uruguay;National;Montevideo;2018;4,1234329;USD6.85
Uruguay;National;Interior Norte;2018;8,9580005;USD6.85
Uruguay;National;Interior Centro Norte;2018;8,0394556;USD6.85
Uruguay;National;Interior Centro Sur;2018;4,7539542;USD6.85
Uruguay;National;Interior Sur;2018;2,9484316;USD6.85
Uruguay;National;National;2019;5,0777837;USD6.85
Uruguay;National;Montevideo;2019;4,0858662;USD6.85
Uruguay;National;Interior Norte;2019;9,2216504;USD6.85
Uruguay;National;Interior Centro Norte;2019;8,5759253;USD6.85
Uruguay;National;Interior Centro Sur;2019;5,4964176;USD6.85
Uruguay;National;Interior Sur;2019;2,9587933;USD6.85
Uruguay;National;National;2020;7,1858624;USD6.85
Uruguay;National;National;2021;6,738051;USD6.85
Uruguay;National;Montevideo;2021;5,6035013;USD6.85
Uruguay;National;Interior Norte;2021;14,023227;USD6.85
Uruguay;National;Interior Centro Norte;2021;9,3142272;USD6.85
Uruguay;National;Interior Centro Sur;2021;6,4062535;USD6.85
Uruguay;National;Interior Sur;2021;4,5876336;USD6.85
Uruguay;National;National;2022;6,4274005;USD6.85
Uruguay;National;Montevideo;2022;5,204541;USD6.85
Uruguay;National;Interior Norte;2022;13,890044;USD6.85
Uruguay;National;Interior Centro Norte;2022;9,802872;USD6.85
Uruguay;National;Interior Centro Sur;2022;5,6025963;USD6.85
Uruguay;National;Interior Sur;2022;4,0964549;USD6.85
