country;region;year;indicator;value
Argentina;15 main cities;1992;a1;0,29859278
Argentina;15 main cities;1992;a2;0,51014531
Argentina;15 main cities;1992;cv;1,1002382
Argentina;15 main cities;1992;e0;0,35436226
Argentina;15 main cities;1992;gini;0,45016465
Argentina;15 main cities;1992;gini_pci_urban;0,45016465
Argentina;15 main cities;1992;headcount_national_USD2.15;1,6737125
Argentina;15 main cities;1992;headcount_national_USD3.65;4,0890524
Argentina;15 main cities;1992;headcount_national_USD6.85;14,871609
Argentina;15 main cities;1992;headcount_urban_USD2.15;1,6737125
Argentina;15 main cities;1992;headcount_urban_USD3.65;4,0890524
Argentina;15 main cities;1992;headcount_urban_USD6.85;14,871609
Argentina;15 main cities;1992;nbi1_headcount_urban;39,165633
Argentina;15 main cities;1992;theil;0,37013087
Argentina;15 main cities;1992;wolfson;0,41723863
Argentina;15 main cities;1993;a1;0,29638056
Argentina;15 main cities;1993;a2;0,51639105
Argentina;15 main cities;1993;cv;1,0761309
Argentina;15 main cities;1993;e0;0,35172133
Argentina;15 main cities;1993;gini;0,44398238
Argentina;15 main cities;1993;gini_pci_urban;0,44398238
Argentina;15 main cities;1993;headcount_national_USD2.15;1,9766662
Argentina;15 main cities;1993;headcount_national_USD3.65;4,8829387
Argentina;15 main cities;1993;headcount_national_USD6.85;15,070401
Argentina;15 main cities;1993;headcount_urban_USD2.15;1,9766662
Argentina;15 main cities;1993;headcount_urban_USD3.65;4,8829387
Argentina;15 main cities;1993;headcount_urban_USD6.85;15,070401
Argentina;15 main cities;1993;nbi1_headcount_urban;38,688761
Argentina;15 main cities;1993;theil;0,35835345
Argentina;15 main cities;1993;wolfson;0,4148977
Argentina;15 main cities;1994;a1;0,30224823
Argentina;15 main cities;1994;a2;0,50822876
Argentina;15 main cities;1994;cv;1,1118324
Argentina;15 main cities;1994;e0;0,35987992
Argentina;15 main cities;1994;gini;0,45286506
Argentina;15 main cities;1994;gini_pci_urban;0,45286506
Argentina;15 main cities;1994;headcount_national_USD2.15;1,9113266
Argentina;15 main cities;1994;headcount_national_USD3.65;4,4168192
Argentina;15 main cities;1994;headcount_national_USD6.85;15,682352
Argentina;15 main cities;1994;headcount_urban_USD2.15;1,9113266
Argentina;15 main cities;1994;headcount_urban_USD3.65;4,4168192
Argentina;15 main cities;1994;headcount_urban_USD6.85;15,682352
Argentina;15 main cities;1994;nbi1_headcount_urban;38,939854
Argentina;15 main cities;1994;theil;0,3776119
Argentina;15 main cities;1994;wolfson;0,42413595
Argentina;15 main cities;1995;a1;0,34004906
Argentina;15 main cities;1995;a2;0,56897333
Argentina;15 main cities;1995;cv;1,2048236
Argentina;15 main cities;1995;e0;0,41582802
Argentina;15 main cities;1995;gini;0,48123903
Argentina;15 main cities;1995;gini_pci_urban;0,48123903
Argentina;15 main cities;1995;headcount_national_USD2.15;3,8554344
Argentina;15 main cities;1995;headcount_national_USD3.65;7,4007665
Argentina;15 main cities;1995;headcount_national_USD6.85;20,479204
Argentina;15 main cities;1995;headcount_urban_USD2.15;3,8554344
Argentina;15 main cities;1995;headcount_urban_USD3.65;7,4007665
Argentina;15 main cities;1995;headcount_urban_USD6.85;20,479204
Argentina;15 main cities;1995;nbi1_headcount_urban;38,467586
Argentina;15 main cities;1995;theil;0,43027038
Argentina;15 main cities;1995;wolfson;0,43599226
Argentina;15 main cities;1996;a1;0,34900262
Argentina;15 main cities;1996;a2;0,60662453
Argentina;15 main cities;1996;cv;1,2595398
Argentina;15 main cities;1996;e0;0,42939466
Argentina;15 main cities;1996;gini;0,48555801
Argentina;15 main cities;1996;gini_pci_urban;0,48555801
Argentina;15 main cities;1996;headcount_national_USD2.15;4,2175672
Argentina;15 main cities;1996;headcount_national_USD3.65;8,346336
Argentina;15 main cities;1996;headcount_national_USD6.85;22,400961
Argentina;15 main cities;1996;headcount_urban_USD2.15;4,2175672
Argentina;15 main cities;1996;headcount_urban_USD3.65;8,346336
Argentina;15 main cities;1996;headcount_urban_USD6.85;22,400961
Argentina;15 main cities;1996;nbi1_headcount_urban;38,70601
Argentina;15 main cities;1996;theil;0,4417611
Argentina;15 main cities;1996;wolfson;0,45333165
Argentina;15 main cities;1997;a1;0,34598343
Argentina;15 main cities;1997;a2;0,58575757
Argentina;15 main cities;1997;cv;1,14548
Argentina;15 main cities;1997;e0;0,42441297
Argentina;15 main cities;1997;gini;0,48345391
Argentina;15 main cities;1997;gini_pci_urban;0,48345391
Argentina;15 main cities;1997;headcount_national_USD2.15;3,7657508
Argentina;15 main cities;1997;headcount_national_USD3.65;7,8055237
Argentina;15 main cities;1997;headcount_national_USD6.85;21,345517
Argentina;15 main cities;1997;headcount_urban_USD2.15;3,7657508
Argentina;15 main cities;1997;headcount_urban_USD3.65;7,8055237
Argentina;15 main cities;1997;headcount_urban_USD6.85;21,345517
Argentina;15 main cities;1997;nbi1_headcount_urban;38,406354
Argentina;15 main cities;1997;theil;0,42196598
Argentina;15 main cities;1997;wolfson;0,46425569
Argentina;15 main cities;1998;a1;0,36924237
Argentina;15 main cities;1998;a2;0,60772565
Argentina;15 main cities;1998;cv;1,299337
Argentina;15 main cities;1998;e0;0,46110623
Argentina;15 main cities;1998;gini;0,50215996
Argentina;15 main cities;1998;gini_pci_urban;0,50215996
Argentina;15 main cities;1998;headcount_national_USD2.15;3,607021
Argentina;15 main cities;1998;headcount_national_USD3.65;7,1706739
Argentina;15 main cities;1998;headcount_national_USD6.85;21,000514
Argentina;15 main cities;1998;headcount_urban_USD2.15;3,607021
Argentina;15 main cities;1998;headcount_urban_USD3.65;7,1706739
Argentina;15 main cities;1998;headcount_urban_USD6.85;21,000514
Argentina;15 main cities;1998;nbi1_headcount_urban;39,249348
Argentina;15 main cities;1998;theil;0,47127517
Argentina;15 main cities;1998;wolfson;0,49665499
Argentina;28 main cities;1998;a1;0,36768024
Argentina;28 main cities;1998;a2;0,60469426
Argentina;28 main cities;1998;cv;1,3068674
Argentina;28 main cities;1998;e0;0,45871882
Argentina;28 main cities;1998;gini;0,50147055
Argentina;28 main cities;1998;gini_pci_urban;0,50147055
Argentina;28 main cities;1998;headcount_national_USD2.15;3,9691888
Argentina;28 main cities;1998;headcount_national_USD3.65;8,2785502
Argentina;28 main cities;1998;headcount_national_USD6.85;23,296012
Argentina;28 main cities;1998;headcount_urban_USD2.15;3,9691888
Argentina;28 main cities;1998;headcount_urban_USD3.65;8,2785502
Argentina;28 main cities;1998;headcount_urban_USD6.85;23,296012
Argentina;28 main cities;1998;nbi1_headcount_urban;40,212998
Argentina;28 main cities;1998;theil;0,47140591
Argentina;28 main cities;1998;wolfson;0,48811698
Argentina;28 main cities;1999;a1;0,35554887
Argentina;28 main cities;1999;a2;0,60571726
Argentina;28 main cities;1999;cv;1,2123832
Argentina;28 main cities;1999;e0;0,43930147
Argentina;28 main cities;1999;gini;0,49073175
Argentina;28 main cities;1999;gini_pci_urban;0,49073175
Argentina;28 main cities;1999;headcount_national_USD2.15;4,1879584
Argentina;28 main cities;1999;headcount_national_USD3.65;8,9165231
Argentina;28 main cities;1999;headcount_national_USD6.85;24,22496
Argentina;28 main cities;1999;headcount_urban_USD2.15;4,1879584
Argentina;28 main cities;1999;headcount_urban_USD3.65;8,9165231
Argentina;28 main cities;1999;headcount_urban_USD6.85;24,22496
Argentina;28 main cities;1999;nbi1_headcount_urban;40,109407
Argentina;28 main cities;1999;theil;0,44223613
Argentina;28 main cities;1999;wolfson;0,47300288
Argentina;28 main cities;2000;a1;0,37629934
Argentina;28 main cities;2000;a2;0,63811574
Argentina;28 main cities;2000;cv;1,2298321
Argentina;28 main cities;2000;e0;0,47191175
Argentina;28 main cities;2000;gini;0,50394908
Argentina;28 main cities;2000;gini_pci_urban;0,50394908
Argentina;28 main cities;2000;headcount_national_USD2.15;4,9882614
Argentina;28 main cities;2000;headcount_national_USD3.65;10,699219
Argentina;28 main cities;2000;headcount_national_USD6.85;26,296561
Argentina;28 main cities;2000;headcount_urban_USD2.15;4,9882614
Argentina;28 main cities;2000;headcount_urban_USD3.65;10,699219
Argentina;28 main cities;2000;headcount_urban_USD6.85;26,296561
Argentina;28 main cities;2000;nbi1_headcount_urban;39,286706
Argentina;28 main cities;2000;theil;0,46309705
Argentina;28 main cities;2000;wolfson;0,4973708
Argentina;28 main cities;2001;a1;0,40394465
Argentina;28 main cities;2001;a2;0,67467691
Argentina;28 main cities;2001;cv;1,2631522
Argentina;28 main cities;2001;e0;0,51749752
Argentina;28 main cities;2001;gini;0,52210494
Argentina;28 main cities;2001;gini_pci_urban;0,52210494
Argentina;28 main cities;2001;headcount_national_USD2.15;8,2347868
Argentina;28 main cities;2001;headcount_national_USD3.65;15,39769
Argentina;28 main cities;2001;headcount_national_USD6.85;31,067229
Argentina;28 main cities;2001;headcount_urban_USD2.15;8,2347868
Argentina;28 main cities;2001;headcount_urban_USD3.65;15,39769
Argentina;28 main cities;2001;headcount_urban_USD6.85;31,067229
Argentina;28 main cities;2001;nbi1_headcount_urban;40,031145
Argentina;28 main cities;2001;theil;0,49695482
Argentina;28 main cities;2001;wolfson;0,53973611
Argentina;28 main cities;2002;a1;0,41182159
Argentina;28 main cities;2002;a2;0,65739267
Argentina;28 main cities;2002;cv;1,3564945
Argentina;28 main cities;2002;e0;0,53087757
Argentina;28 main cities;2002;gini;0,53273861
Argentina;28 main cities;2002;gini_pci_urban;0,53273861
Argentina;28 main cities;2002;headcount_national_USD2.15;12,447155
Argentina;28 main cities;2002;headcount_national_USD3.65;23,971069
Argentina;28 main cities;2002;headcount_national_USD6.85;44,379776
Argentina;28 main cities;2002;headcount_urban_USD2.15;12,447155
Argentina;28 main cities;2002;headcount_urban_USD3.65;23,971069
Argentina;28 main cities;2002;headcount_urban_USD6.85;44,379776
Argentina;28 main cities;2002;nbi1_headcount_urban;38,478347
Argentina;28 main cities;2002;theil;0,53000377
Argentina;28 main cities;2002;wolfson;0,5250432
Argentina;28 main cities;2003;a1;0,40090389
Argentina;28 main cities;2003;a2;0,63732603
Argentina;28 main cities;2003;cv;1,3432447
Argentina;28 main cities;2003;e0;0,51278143
Argentina;28 main cities;2003;gini;0,5278957
Argentina;28 main cities;2003;gini_pci_urban;0,5278957
Argentina;28 main cities;2003;headcount_national_USD2.15;10,411906
Argentina;28 main cities;2003;headcount_national_USD2.15;5,3636474
Argentina;28 main cities;2003;headcount_national_USD3.65;23,081197
Argentina;28 main cities;2003;headcount_national_USD3.65;12,723564
Argentina;28 main cities;2003;headcount_national_USD6.85;44,339412
Argentina;28 main cities;2003;headcount_national_USD6.85;29,723225
Argentina;28 main cities;2003;headcount_urban_USD2.15;10,411906
Argentina;28 main cities;2003;headcount_urban_USD2.15;5,3636474
Argentina;28 main cities;2003;headcount_urban_USD3.65;23,081197
Argentina;28 main cities;2003;headcount_urban_USD3.65;12,723564
Argentina;28 main cities;2003;headcount_urban_USD6.85;44,339412
Argentina;28 main cities;2003;headcount_urban_USD6.85;29,723225
Argentina;28 main cities;2003;nbi1_headcount_urban;38,079841
Argentina;28 main cities;2003;theil;0,51852128
Argentina;28 main cities;2003;wolfson;0,55034064
Argentina;28 main cities;2004;headcount_national_USD2.15;4,5778244
Argentina;28 main cities;2004;headcount_national_USD2.15;3,8789884
Argentina;28 main cities;2004;headcount_national_USD3.65;11,181362
Argentina;28 main cities;2004;headcount_national_USD3.65;9,762799
Argentina;28 main cities;2004;headcount_national_USD6.85;27,423017
Argentina;28 main cities;2004;headcount_national_USD6.85;24,872259
Argentina;28 main cities;2004;headcount_urban_USD2.15;4,5778244
Argentina;28 main cities;2004;headcount_urban_USD2.15;3,8789884
Argentina;28 main cities;2004;headcount_urban_USD3.65;11,181362
Argentina;28 main cities;2004;headcount_urban_USD3.65;9,762799
Argentina;28 main cities;2004;headcount_urban_USD6.85;27,423017
Argentina;28 main cities;2004;headcount_urban_USD6.85;24,872259
Argentina;28 main cities;2005;headcount_national_USD2.15;3,1934122
Argentina;28 main cities;2005;headcount_national_USD2.15;2,68375
Argentina;28 main cities;2005;headcount_national_USD3.65;9,0166333
Argentina;28 main cities;2005;headcount_national_USD3.65;8,0051405
Argentina;28 main cities;2005;headcount_national_USD6.85;23,089005
Argentina;28 main cities;2005;headcount_national_USD6.85;20,962709
Argentina;28 main cities;2005;headcount_urban_USD2.15;3,1934122
Argentina;28 main cities;2005;headcount_urban_USD2.15;2,68375
Argentina;28 main cities;2005;headcount_urban_USD3.65;9,0166333
Argentina;28 main cities;2005;headcount_urban_USD3.65;8,0051405
Argentina;28 main cities;2005;headcount_urban_USD6.85;23,089005
Argentina;28 main cities;2005;headcount_urban_USD6.85;20,962709
Argentina;28 main cities;2006;headcount_national_USD2.15;2,6825971
Argentina;28 main cities;2006;headcount_national_USD2.15;2,1735891
Argentina;28 main cities;2006;headcount_national_USD3.65;7,1202234
Argentina;28 main cities;2006;headcount_national_USD3.65;6,0294248
Argentina;28 main cities;2006;headcount_national_USD6.85;19,412554
Argentina;28 main cities;2006;headcount_national_USD6.85;16,902942
Argentina;28 main cities;2006;headcount_urban_USD2.15;2,6825971
Argentina;28 main cities;2006;headcount_urban_USD2.15;2,1735891
Argentina;28 main cities;2006;headcount_urban_USD3.65;7,1202234
Argentina;28 main cities;2006;headcount_urban_USD3.65;6,0294248
Argentina;28 main cities;2006;headcount_urban_USD6.85;19,412554
Argentina;28 main cities;2006;headcount_urban_USD6.85;16,902942
Argentina;28 main cities;2007;headcount_national_USD2.15;1,8701652
Argentina;28 main cities;2007;headcount_national_USD2.15;1,7975101
Argentina;28 main cities;2007;headcount_national_USD3.65;5,2812224
Argentina;28 main cities;2007;headcount_national_USD3.65;4,993618
Argentina;28 main cities;2007;headcount_national_USD6.85;15,772861
Argentina;28 main cities;2007;headcount_national_USD6.85;15,574546
Argentina;28 main cities;2007;headcount_urban_USD2.15;1,8701652
Argentina;28 main cities;2007;headcount_urban_USD2.15;1,7975101
Argentina;28 main cities;2007;headcount_urban_USD3.65;5,2812224
Argentina;28 main cities;2007;headcount_urban_USD3.65;4,993618
Argentina;28 main cities;2007;headcount_urban_USD6.85;15,772861
Argentina;28 main cities;2007;headcount_urban_USD6.85;15,574546
Argentina;28 main cities;2008;headcount_national_USD2.15;1,8179466
Argentina;28 main cities;2008;headcount_national_USD2.15;1,6375881
Argentina;28 main cities;2008;headcount_national_USD3.65;5,0573973
Argentina;28 main cities;2008;headcount_national_USD3.65;4,7997753
Argentina;28 main cities;2008;headcount_national_USD6.85;14,476835
Argentina;28 main cities;2008;headcount_national_USD6.85;14,229777
Argentina;28 main cities;2008;headcount_urban_USD2.15;1,8179466
Argentina;28 main cities;2008;headcount_urban_USD2.15;1,6375881
Argentina;28 main cities;2008;headcount_urban_USD3.65;5,0573973
Argentina;28 main cities;2008;headcount_urban_USD3.65;4,7997753
Argentina;28 main cities;2008;headcount_urban_USD6.85;14,476835
Argentina;28 main cities;2008;headcount_urban_USD6.85;14,229777
Argentina;28 main cities;2009;headcount_national_USD2.15;1,8225918
Argentina;28 main cities;2009;headcount_national_USD2.15;1,5534867
Argentina;28 main cities;2009;headcount_national_USD3.65;4,5980431
Argentina;28 main cities;2009;headcount_national_USD3.65;4,0624783
Argentina;28 main cities;2009;headcount_national_USD6.85;13,618903
Argentina;28 main cities;2009;headcount_national_USD6.85;12,876199
Argentina;28 main cities;2009;headcount_urban_USD2.15;1,8225918
Argentina;28 main cities;2009;headcount_urban_USD2.15;1,5534867
Argentina;28 main cities;2009;headcount_urban_USD3.65;4,5980431
Argentina;28 main cities;2009;headcount_urban_USD3.65;4,0624783
Argentina;28 main cities;2009;headcount_urban_USD6.85;13,618903
Argentina;28 main cities;2009;headcount_urban_USD6.85;12,876199
Argentina;28 main cities;2010;headcount_national_USD2.15;0,96846652
Argentina;28 main cities;2010;headcount_national_USD2.15;0,74654093
Argentina;28 main cities;2010;headcount_national_USD3.65;3,5789394
Argentina;28 main cities;2010;headcount_national_USD3.65;3,1499162
Argentina;28 main cities;2010;headcount_national_USD6.85;11,836067
Argentina;28 main cities;2010;headcount_national_USD6.85;11,352111
Argentina;28 main cities;2010;headcount_urban_USD2.15;0,96846652
Argentina;28 main cities;2010;headcount_urban_USD2.15;0,74654093
Argentina;28 main cities;2010;headcount_urban_USD3.65;3,5789394
Argentina;28 main cities;2010;headcount_urban_USD3.65;3,1499162
Argentina;28 main cities;2010;headcount_urban_USD6.85;11,836067
Argentina;28 main cities;2010;headcount_urban_USD6.85;11,352111
Argentina;28 main cities;2011;headcount_national_USD2.15;0,87785676
Argentina;28 main cities;2011;headcount_national_USD2.15;0,71137696
Argentina;28 main cities;2011;headcount_national_USD3.65;2,6874298
Argentina;28 main cities;2011;headcount_national_USD3.65;2,1082214
Argentina;28 main cities;2011;headcount_national_USD6.85;9,7405917
Argentina;28 main cities;2011;headcount_national_USD6.85;9,1136232
Argentina;28 main cities;2011;headcount_urban_USD2.15;0,87785676
Argentina;28 main cities;2011;headcount_urban_USD2.15;0,71137696
Argentina;28 main cities;2011;headcount_urban_USD3.65;2,6874298
Argentina;28 main cities;2011;headcount_urban_USD3.65;2,1082214
Argentina;28 main cities;2011;headcount_urban_USD6.85;9,7405917
Argentina;28 main cities;2011;headcount_urban_USD6.85;9,1136232
Argentina;28 main cities;2012;headcount_national_USD2.15;0,80520142
Argentina;28 main cities;2012;headcount_national_USD2.15;0,64704663
Argentina;28 main cities;2012;headcount_national_USD3.65;2,1074441
Argentina;28 main cities;2012;headcount_national_USD3.65;2,3346909
Argentina;28 main cities;2012;headcount_national_USD6.85;9,2600274
Argentina;28 main cities;2012;headcount_national_USD6.85;8,5737448
Argentina;28 main cities;2012;headcount_urban_USD2.15;0,80520142
Argentina;28 main cities;2012;headcount_urban_USD2.15;0,64704663
Argentina;28 main cities;2012;headcount_urban_USD3.65;2,1074441
Argentina;28 main cities;2012;headcount_urban_USD3.65;2,3346909
Argentina;28 main cities;2012;headcount_urban_USD6.85;9,2600274
Argentina;28 main cities;2012;headcount_urban_USD6.85;8,5737448
Argentina;28 main cities;2013;headcount_national_USD2.15;0,57604997
Argentina;28 main cities;2013;headcount_national_USD2.15;0,66667513
Argentina;28 main cities;2013;headcount_national_USD3.65;1,7986918
Argentina;28 main cities;2013;headcount_national_USD3.65;2,0724904
Argentina;28 main cities;2013;headcount_national_USD6.85;8,459913
Argentina;28 main cities;2013;headcount_national_USD6.85;8,5561448
Argentina;28 main cities;2013;headcount_urban_USD2.15;0,57604997
Argentina;28 main cities;2013;headcount_urban_USD2.15;0,66667513
Argentina;28 main cities;2013;headcount_urban_USD3.65;1,7986918
Argentina;28 main cities;2013;headcount_urban_USD3.65;2,0724904
Argentina;28 main cities;2013;headcount_urban_USD6.85;8,459913
Argentina;28 main cities;2013;headcount_urban_USD6.85;8,5561448
Argentina;28 main cities;2014;headcount_national_USD2.15;0,75273476
Argentina;28 main cities;2014;headcount_national_USD2.15;0,60477946
Argentina;28 main cities;2014;headcount_national_USD3.65;2,2810838
Argentina;28 main cities;2014;headcount_national_USD3.65;2,1338771
Argentina;28 main cities;2014;headcount_national_USD6.85;9,5416007
Argentina;28 main cities;2014;headcount_national_USD6.85;9,4713284
Argentina;28 main cities;2014;headcount_urban_USD2.15;0,75273476
Argentina;28 main cities;2014;headcount_urban_USD2.15;0,60477946
Argentina;28 main cities;2014;headcount_urban_USD3.65;2,2810838
Argentina;28 main cities;2014;headcount_urban_USD3.65;2,1338771
Argentina;28 main cities;2014;headcount_urban_USD6.85;9,5416007
Argentina;28 main cities;2014;headcount_urban_USD6.85;9,4713284
Argentina;28 main cities;2015;headcount_national_USD2.15;0,69125251
Argentina;28 main cities;2015;headcount_national_USD3.65;1,8951412
Argentina;28 main cities;2015;headcount_national_USD6.85;8,8148994
Argentina;28 main cities;2015;headcount_urban_USD2.15;0,69125251
Argentina;28 main cities;2015;headcount_urban_USD3.65;1,8951412
Argentina;28 main cities;2015;headcount_urban_USD6.85;8,8148994
Argentina;28 main cities;2016;headcount_national_USD2.15;0,69688519
Argentina;28 main cities;2016;headcount_national_USD3.65;2,3062365
Argentina;28 main cities;2016;headcount_national_USD6.85;9,214451
Argentina;28 main cities;2016;headcount_urban_USD2.15;0,69688519
Argentina;28 main cities;2016;headcount_urban_USD3.65;2,3062365
Argentina;28 main cities;2016;headcount_urban_USD6.85;9,214451
Argentina;28 main cities;2017;headcount_national_USD2.15;0,86587734
Argentina;28 main cities;2017;headcount_national_USD2.15;0,60379631
Argentina;28 main cities;2017;headcount_national_USD3.65;2,9989571
Argentina;28 main cities;2017;headcount_national_USD3.65;2,362767
Argentina;28 main cities;2017;headcount_national_USD6.85;9,8183251
Argentina;28 main cities;2017;headcount_national_USD6.85;8,2481136
Argentina;28 main cities;2017;headcount_urban_USD2.15;0,86587734
Argentina;28 main cities;2017;headcount_urban_USD2.15;0,60379631
Argentina;28 main cities;2017;headcount_urban_USD3.65;2,9989571
Argentina;28 main cities;2017;headcount_urban_USD3.65;2,362767
Argentina;28 main cities;2017;headcount_urban_USD6.85;9,8183251
Argentina;28 main cities;2017;headcount_urban_USD6.85;8,2481136
Argentina;28 main cities;2018;headcount_national_USD2.15;0,72146148
Argentina;28 main cities;2018;headcount_national_USD2.15;1,0443243
Argentina;28 main cities;2018;headcount_national_USD3.65;2,0877115
Argentina;28 main cities;2018;headcount_national_USD3.65;2,8698449
Argentina;28 main cities;2018;headcount_national_USD6.85;8,6670124
Argentina;28 main cities;2018;headcount_national_USD6.85;10,352661
Argentina;28 main cities;2018;headcount_urban_USD2.15;0,72146148
Argentina;28 main cities;2018;headcount_urban_USD2.15;1,0443243
Argentina;28 main cities;2018;headcount_urban_USD3.65;2,0877115
Argentina;28 main cities;2018;headcount_urban_USD3.65;2,8698449
Argentina;28 main cities;2018;headcount_urban_USD6.85;8,6670124
Argentina;28 main cities;2018;headcount_urban_USD6.85;10,352661
Argentina;28 main cities;2019;headcount_national_USD2.15;0,97568774
Argentina;28 main cities;2019;headcount_national_USD2.15;1,1097424
Argentina;28 main cities;2019;headcount_national_USD3.65;3,2535635
Argentina;28 main cities;2019;headcount_national_USD3.65;3,3780878
Argentina;28 main cities;2019;headcount_national_USD6.85;11,886491
Argentina;28 main cities;2019;headcount_national_USD6.85;12,007797
Argentina;28 main cities;2019;headcount_urban_USD2.15;0,97568774
Argentina;28 main cities;2019;headcount_urban_USD2.15;1,1097424
Argentina;28 main cities;2019;headcount_urban_USD3.65;3,2535635
Argentina;28 main cities;2019;headcount_urban_USD3.65;3,3780878
Argentina;28 main cities;2019;headcount_urban_USD6.85;11,886491
Argentina;28 main cities;2019;headcount_urban_USD6.85;12,007797
Argentina;28 main cities;2020;headcount_national_USD2.15;1,3755922
Argentina;28 main cities;2020;headcount_national_USD2.15;1,1731252
Argentina;28 main cities;2020;headcount_national_USD3.65;3,8738801
Argentina;28 main cities;2020;headcount_national_USD3.65;3,9931074
Argentina;28 main cities;2020;headcount_national_USD6.85;14,626162
Argentina;28 main cities;2020;headcount_national_USD6.85;15,376961
Argentina;28 main cities;2020;headcount_urban_USD2.15;1,3755922
Argentina;28 main cities;2020;headcount_urban_USD2.15;1,1731252
Argentina;28 main cities;2020;headcount_urban_USD3.65;3,8738801
Argentina;28 main cities;2020;headcount_urban_USD3.65;3,9931074
Argentina;28 main cities;2020;headcount_urban_USD6.85;14,626162
Argentina;28 main cities;2020;headcount_urban_USD6.85;15,376961
Argentina;28 main cities;2021;headcount_national_USD2.15;0,85201557
Argentina;28 main cities;2021;headcount_national_USD2.15;0,89421792
Argentina;28 main cities;2021;headcount_national_USD3.65;3,3193983
Argentina;28 main cities;2021;headcount_national_USD3.65;2,8043986
Argentina;28 main cities;2021;headcount_national_USD6.85;12,378771
Argentina;28 main cities;2021;headcount_national_USD6.85;11,432521
Argentina;28 main cities;2021;headcount_urban_USD2.15;0,85201557
Argentina;28 main cities;2021;headcount_urban_USD2.15;0,89421792
Argentina;28 main cities;2021;headcount_urban_USD3.65;3,3193983
Argentina;28 main cities;2021;headcount_urban_USD3.65;2,8043986
Argentina;28 main cities;2021;headcount_urban_USD6.85;12,378771
Argentina;28 main cities;2021;headcount_urban_USD6.85;11,432521
Argentina;28 main cities;2022;headcount_national_USD2.15;0,59609979
Argentina;28 main cities;2022;headcount_national_USD2.15;0,61188984
Argentina;28 main cities;2022;headcount_national_USD3.65;2,3361716
Argentina;28 main cities;2022;headcount_national_USD3.65;2,5446945
Argentina;28 main cities;2022;headcount_national_USD6.85;11,320505
Argentina;28 main cities;2022;headcount_national_USD6.85;10,907662
Argentina;28 main cities;2022;headcount_urban_USD2.15;0,59609979
Argentina;28 main cities;2022;headcount_urban_USD2.15;0,61188984
Argentina;28 main cities;2022;headcount_urban_USD3.65;2,3361716
Argentina;28 main cities;2022;headcount_urban_USD3.65;2,5446945
Argentina;28 main cities;2022;headcount_urban_USD6.85;11,320505
Argentina;28 main cities;2022;headcount_urban_USD6.85;10,907662
Argentina;EPHC;2003;a1;0,38357487
Argentina;EPHC;2003;a2;0,64275164
Argentina;EPHC;2003;cv;2,3949863
Argentina;EPHC;2003;e0;0,48380597
Argentina;EPHC;2003;gini;0,50821563
Argentina;EPHC;2003;gini_pci_urban;0,50821563
Argentina;EPHC;2003;nbi1_headcount_urban;36,598381
Argentina;EPHC;2003;theil;0,52257725
Argentina;EPHC;2003;wolfson;0,5114682
Argentina;EPHC;2004;a1;0,36583472
Argentina;EPHC;2004;a1;0,35207903
Argentina;EPHC;2004;a2;0,62579849
Argentina;EPHC;2004;a2;0,60095632
Argentina;EPHC;2004;cv;1,514529
Argentina;EPHC;2004;cv;1,180138
Argentina;EPHC;2004;e0;0,45543365
Argentina;EPHC;2004;e0;0,43397517
Argentina;EPHC;2004;gini;0,49461997
Argentina;EPHC;2004;gini;0,48360574
Argentina;EPHC;2004;gini_pci_urban;0,49461997
Argentina;EPHC;2004;gini_pci_urban;0,48360574
Argentina;EPHC;2004;nbi1_headcount_urban;35,823417
Argentina;EPHC;2004;nbi1_headcount_urban;34,009974
Argentina;EPHC;2004;theil;0,45871124
Argentina;EPHC;2004;theil;0,42217965
Argentina;EPHC;2004;wolfson;0,49647511
Argentina;EPHC;2004;wolfson;0,47625128
Argentina;EPHC;2005;a1;0,34367637
Argentina;EPHC;2005;a1;0,34228903
Argentina;EPHC;2005;a2;0,58565206
Argentina;EPHC;2005;a2;0,58315648
Argentina;EPHC;2005;cv;1,1314237
Argentina;EPHC;2005;cv;1,2337941
Argentina;EPHC;2005;e0;0,42109094
Argentina;EPHC;2005;e0;0,41897963
Argentina;EPHC;2005;gini;0,47865377
Argentina;EPHC;2005;gini;0,47693157
Argentina;EPHC;2005;gini_pci_urban;0,47865377
Argentina;EPHC;2005;gini_pci_urban;0,47693157
Argentina;EPHC;2005;nbi1_headcount_urban;34,217025
Argentina;EPHC;2005;nbi1_headcount_urban;33,035029
Argentina;EPHC;2005;theil;0,41200022
Argentina;EPHC;2005;theil;0,41754838
Argentina;EPHC;2005;wolfson;0,47335959
Argentina;EPHC;2005;wolfson;0,46380815
Argentina;EPHC;2006;a1;0,33478972
Argentina;EPHC;2006;a1;0,3299141
Argentina;EPHC;2006;a2;0,58560195
Argentina;EPHC;2006;a2;0,58276234
Argentina;EPHC;2006;cv;1,0997615
Argentina;EPHC;2006;cv;1,7292976
Argentina;EPHC;2006;e0;0,40764121
Argentina;EPHC;2006;e0;0,40033922
Argentina;EPHC;2006;gini;0,46804456
Argentina;EPHC;2006;gini;0,46366951
Argentina;EPHC;2006;gini_pci_urban;0,46804456
Argentina;EPHC;2006;gini_pci_urban;0,46366951
Argentina;EPHC;2006;nbi1_headcount_urban;32,928559
Argentina;EPHC;2006;nbi1_headcount_urban;32,168103
Argentina;EPHC;2006;theil;0,39129471
Argentina;EPHC;2006;theil;0,40730018
Argentina;EPHC;2006;wolfson;0,45935533
Argentina;EPHC;2006;wolfson;0,44726277
Argentina;EPHC;2007;a1;0,31653273
Argentina;EPHC;2007;a1;0,32330979
Argentina;EPHC;2007;a2;0,5620871
Argentina;EPHC;2007;a2;0,56272848
Argentina;EPHC;2007;cv;1,0530659
Argentina;EPHC;2007;cv;1,2466353
Argentina;EPHC;2007;e0;0,38056687
Argentina;EPHC;2007;e0;0,39053297
Argentina;EPHC;2007;gini;0,45434935
Argentina;EPHC;2007;gini;0,4616055
Argentina;EPHC;2007;gini_pci_urban;0,45434935
Argentina;EPHC;2007;gini_pci_urban;0,4616055
Argentina;EPHC;2007;nbi1_headcount_urban;31,518458
Argentina;EPHC;2007;nbi1_headcount_urban;30,687713
Argentina;EPHC;2007;theil;0,36476261
Argentina;EPHC;2007;theil;0,39637516
Argentina;EPHC;2007;wolfson;0,44474272
Argentina;EPHC;2007;wolfson;0,44429409
Argentina;EPHC;2008;a1;0,30586284
Argentina;EPHC;2008;a1;0,3101152
Argentina;EPHC;2008;a2;0,55411109
Argentina;EPHC;2008;a2;0,55273871
Argentina;EPHC;2008;cv;1,0043315
Argentina;EPHC;2008;cv;1,1483557
Argentina;EPHC;2008;e0;0,36507608
Argentina;EPHC;2008;e0;0,37122169
Argentina;EPHC;2008;gini;0,44320671
Argentina;EPHC;2008;gini;0,44887195
Argentina;EPHC;2008;gini_pci_urban;0,44320671
Argentina;EPHC;2008;gini_pci_urban;0,44887195
Argentina;EPHC;2008;nbi1_headcount_urban;29,382108
Argentina;EPHC;2008;nbi1_headcount_urban;29,409835
Argentina;EPHC;2008;theil;0,34567392
Argentina;EPHC;2008;theil;0,36493677
Argentina;EPHC;2008;wolfson;0,42685963
Argentina;EPHC;2008;wolfson;0,43114888
Argentina;EPHC;2009;a1;0,30811066
Argentina;EPHC;2009;a1;0,29648399
Argentina;EPHC;2009;a2;0,55762649
Argentina;EPHC;2009;a2;0,5367682
Argentina;EPHC;2009;cv;1,079841
Argentina;EPHC;2009;cv;0,98024177
Argentina;EPHC;2009;e0;0,36831974
Argentina;EPHC;2009;e0;0,35165576
Argentina;EPHC;2009;gini;0,44542511
Argentina;EPHC;2009;gini;0,43660196
Argentina;EPHC;2009;gini_pci_urban;0,44542511
Argentina;EPHC;2009;gini_pci_urban;0,43660196
Argentina;EPHC;2009;nbi1_headcount_urban;27,547854
Argentina;EPHC;2009;nbi1_headcount_urban;28,480605
Argentina;EPHC;2009;theil;0,35516053
Argentina;EPHC;2009;theil;0,33301938
Argentina;EPHC;2009;wolfson;0,42625774
Argentina;EPHC;2009;wolfson;0,41547614
Argentina;EPHC;2010;a1;0,2913983
Argentina;EPHC;2010;a1;0,29022512
Argentina;EPHC;2010;a2;0,52947403
Argentina;EPHC;2010;a2;0,51398368
Argentina;EPHC;2010;cv;0,96460965
Argentina;EPHC;2010;cv;1,0054227
Argentina;EPHC;2010;e0;0,34445364
Argentina;EPHC;2010;e0;0,34280024
Argentina;EPHC;2010;gini;0,43485739
Argentina;EPHC;2010;gini;0,43605616
Argentina;EPHC;2010;gini_pci_urban;0,43485739
Argentina;EPHC;2010;gini_pci_urban;0,43605616
Argentina;EPHC;2010;nbi1_headcount_urban;26,716687
Argentina;EPHC;2010;nbi1_headcount_urban;26,609486
Argentina;EPHC;2010;theil;0,32974104
Argentina;EPHC;2010;theil;0,33587432
Argentina;EPHC;2010;wolfson;0,4189276
Argentina;EPHC;2010;wolfson;0,40836079
Argentina;EPHC;2011;a1;0,27787859
Argentina;EPHC;2011;a1;0,2782986
Argentina;EPHC;2011;a2;0,50821481
Argentina;EPHC;2011;a2;0,49882756
Argentina;EPHC;2011;cv;0,92216147
Argentina;EPHC;2011;cv;0,94638689
Argentina;EPHC;2011;e0;0,3255548
Argentina;EPHC;2011;e0;0,32613713
Argentina;EPHC;2011;gini;0,42465055
Argentina;EPHC;2011;gini;0,42672729
Argentina;EPHC;2011;gini_pci_urban;0,42465055
Argentina;EPHC;2011;gini_pci_urban;0,42672729
Argentina;EPHC;2011;nbi1_headcount_urban;25,023589
Argentina;EPHC;2011;nbi1_headcount_urban;24,322971
Argentina;EPHC;2011;theil;0,31205214
Argentina;EPHC;2011;theil;0,31735963
Argentina;EPHC;2011;wolfson;0,40443098
Argentina;EPHC;2011;wolfson;0,40486643
Argentina;EPHC;2012;a1;0,26942237
Argentina;EPHC;2012;a1;0,26593459
Argentina;EPHC;2012;a2;0,49691627
Argentina;EPHC;2012;a2;0,49321478
Argentina;EPHC;2012;cv;0,89427573
Argentina;EPHC;2012;cv;0,88534069
Argentina;EPHC;2012;e0;0,31391272
Argentina;EPHC;2012;e0;0,3091503
Argentina;EPHC;2012;gini;0,41631086
Argentina;EPHC;2012;gini;0,41382061
Argentina;EPHC;2012;gini_pci_urban;0,41631086
Argentina;EPHC;2012;gini_pci_urban;0,41382061
Argentina;EPHC;2012;nbi1_headcount_urban;24,082506
Argentina;EPHC;2012;nbi1_headcount_urban;23,018618
Argentina;EPHC;2012;theil;0,29809556
Argentina;EPHC;2012;theil;0,29455028
Argentina;EPHC;2012;wolfson;0,39291406
Argentina;EPHC;2012;wolfson;0,39490412
Argentina;EPHC;2013;a1;0,26773455
Argentina;EPHC;2013;a1;0,26089681
Argentina;EPHC;2013;a2;0,48404473
Argentina;EPHC;2013;a2;0,48216532
Argentina;EPHC;2013;cv;1,0536324
Argentina;EPHC;2013;cv;0,88312809
Argentina;EPHC;2013;e0;0,31160618
Argentina;EPHC;2013;e0;0,30231129
Argentina;EPHC;2013;gini;0,41759345
Argentina;EPHC;2013;gini;0,41002942
Argentina;EPHC;2013;gini_pci_urban;0,41759345
Argentina;EPHC;2013;gini_pci_urban;0,41002942
Argentina;EPHC;2013;nbi1_headcount_urban;23,193603
Argentina;EPHC;2013;nbi1_headcount_urban;23,751869
Argentina;EPHC;2013;theil;0,3086889
Argentina;EPHC;2013;theil;0,28883926
Argentina;EPHC;2013;wolfson;0,39223299
Argentina;EPHC;2013;wolfson;0,38966385
Argentina;EPHC;2014;a1;0,26070947
Argentina;EPHC;2014;a1;0,26611588
Argentina;EPHC;2014;a2;0,47719674
Argentina;EPHC;2014;a2;0,47734201
Argentina;EPHC;2014;cv;0,8921792
Argentina;EPHC;2014;cv;0,92170765
Argentina;EPHC;2014;e0;0,30205832
Argentina;EPHC;2014;e0;0,30939827
Argentina;EPHC;2014;gini;0,41179016
Argentina;EPHC;2014;gini;0,41747033
Argentina;EPHC;2014;gini_pci_urban;0,41179016
Argentina;EPHC;2014;gini_pci_urban;0,41747033
Argentina;EPHC;2014;nbi1_headcount_urban;23,229797
Argentina;EPHC;2014;nbi1_headcount_urban;23,746187
Argentina;EPHC;2014;theil;0,29209117
Argentina;EPHC;2014;theil;0,30246931
Argentina;EPHC;2014;wolfson;0,39476496
Argentina;EPHC;2014;wolfson;0,40206241
Argentina;EPHC;2015;a1;0,25816226
Argentina;EPHC;2015;a2;0,47441737
Argentina;EPHC;2015;cv;0,88959189
Argentina;EPHC;2015;e0;0,29861885
Argentina;EPHC;2015;gini;0,40958409
Argentina;EPHC;2015;gini_pci_urban;0,40958409
Argentina;EPHC;2015;nbi1_headcount_urban;22,935179
Argentina;EPHC;2015;theil;0,28895576
Argentina;EPHC;2015;wolfson;0,39317505
Argentina;EPHC;2016;a1;0,27371129
Argentina;EPHC;2016;a2;0,49383045
Argentina;EPHC;2016;cv;0,9846246
Argentina;EPHC;2016;e0;0,3198013
Argentina;EPHC;2016;gini;0,42276827
Argentina;EPHC;2016;gini_pci_urban;0,42276827
Argentina;EPHC;2016;nbi1_headcount_urban;22,71553
Argentina;EPHC;2016;theil;0,31457918
Argentina;EPHC;2016;wolfson;0,39789808
Argentina;EPHC;2017;a1;0,27487487
Argentina;EPHC;2017;a1;0,26378252
Argentina;EPHC;2017;a2;0,51180904
Argentina;EPHC;2017;a2;0,48091441
Argentina;EPHC;2017;cv;0,89121865
Argentina;EPHC;2017;cv;0,88462152
Argentina;EPHC;2017;e0;0,32140336
Argentina;EPHC;2017;e0;0,30622341
Argentina;EPHC;2017;gini;0,42044541
Argentina;EPHC;2017;gini;0,41360975
Argentina;EPHC;2017;gini_pci_urban;0,42044541
Argentina;EPHC;2017;gini_pci_urban;0,41360975
Argentina;EPHC;2017;nbi1_headcount_urban;22,850956
Argentina;EPHC;2017;nbi1_headcount_urban;21,922121
Argentina;EPHC;2017;theil;0,30245364
Argentina;EPHC;2017;theil;0,29427693
Argentina;EPHC;2017;wolfson;0,40163792
Argentina;EPHC;2017;wolfson;0,39139276
Argentina;EPHC;2018;a1;0,27104237
Argentina;EPHC;2018;a1;0,26931446
Argentina;EPHC;2018;a2;0,48899303
Argentina;EPHC;2018;a2;0,49969919
Argentina;EPHC;2018;cv;0,94335567
Argentina;EPHC;2018;cv;0,89955482
Argentina;EPHC;2018;e0;0,31613337
Argentina;EPHC;2018;e0;0,31376511
Argentina;EPHC;2018;gini;0,42063526
Argentina;EPHC;2018;gini;0,41662057
Argentina;EPHC;2018;gini_pci_urban;0,42063526
Argentina;EPHC;2018;gini_pci_urban;0,41662057
Argentina;EPHC;2018;nbi1_headcount_urban;21,505688
Argentina;EPHC;2018;nbi1_headcount_urban;21,160561
Argentina;EPHC;2018;theil;0,30868321
Argentina;EPHC;2018;theil;0,30009381
Argentina;EPHC;2018;wolfson;0,3956598
Argentina;EPHC;2018;wolfson;0,39172722
Argentina;EPHC;2019;a1;0,2814135
Argentina;EPHC;2019;a1;0,28666765
Argentina;EPHC;2019;a2;0,50316263
Argentina;EPHC;2019;a2;0,51415739
Argentina;EPHC;2019;cv;0,96936485
Argentina;EPHC;2019;cv;0,99662059
Argentina;EPHC;2019;e0;0,33046223
Argentina;EPHC;2019;e0;0,3378006
Argentina;EPHC;2019;gini;0,42882356
Argentina;EPHC;2019;gini;0,43247152
Argentina;EPHC;2019;gini_pci_urban;0,42882356
Argentina;EPHC;2019;gini_pci_urban;0,43247152
Argentina;EPHC;2019;nbi1_headcount_urban;20,929556
Argentina;EPHC;2019;nbi1_headcount_urban;20,543195
Argentina;EPHC;2019;theil;0,3210249
Argentina;EPHC;2019;theil;0,3302416
Argentina;EPHC;2019;wolfson;0,40814885
Argentina;EPHC;2019;wolfson;0,41037912
Argentina;EPHC;2020;a1;0,28488244
Argentina;EPHC;2020;a1;0,27697125
Argentina;EPHC;2020;a2;0,52207956
Argentina;EPHC;2020;a2;0,49112551
Argentina;EPHC;2020;cv;0,92930854
Argentina;EPHC;2020;cv;0,92956232
Argentina;EPHC;2020;e0;0,33530073
Argentina;EPHC;2020;e0;0,32429972
Argentina;EPHC;2020;gini;0,43150216
Argentina;EPHC;2020;gini;0,42642382
Argentina;EPHC;2020;gini_pci_urban;0,43150216
Argentina;EPHC;2020;gini_pci_urban;0,42642382
Argentina;EPHC;2020;nbi1_headcount_urban;20,79668
Argentina;EPHC;2020;nbi1_headcount_urban;20,184606
Argentina;EPHC;2020;theil;0,32004158
Argentina;EPHC;2020;theil;0,31276481
Argentina;EPHC;2020;wolfson;0,42040486
Argentina;EPHC;2020;wolfson;0,41528356
Argentina;EPHC;2021;a1;0,26931403
Argentina;EPHC;2021;a1;0,27486775
Argentina;EPHC;2021;a2;0,48452476
Argentina;EPHC;2021;a2;0,49713882
Argentina;EPHC;2021;cv;0,9001041
Argentina;EPHC;2021;cv;1,1890054
Argentina;EPHC;2021;e0;0,31376526
Argentina;EPHC;2021;e0;0,32139553
Argentina;EPHC;2021;gini;0,42008303
Argentina;EPHC;2021;gini;0,42399446
Argentina;EPHC;2021;gini_pci_urban;0,42008303
Argentina;EPHC;2021;gini_pci_urban;0,42399446
Argentina;EPHC;2021;nbi1_headcount_urban;17,719064
Argentina;EPHC;2021;nbi1_headcount_urban;17,307964
Argentina;EPHC;2021;theil;0,30317225
Argentina;EPHC;2021;theil;0,33487053
Argentina;EPHC;2021;wolfson;0,3971534
Argentina;EPHC;2021;wolfson;0,39468655
Argentina;EPHC;2022;a1;0,25611077
Argentina;EPHC;2022;a1;0,25078826
Argentina;EPHC;2022;a2;0,46810349
Argentina;EPHC;2022;a2;0,45093042
Argentina;EPHC;2022;cv;0,89280565
Argentina;EPHC;2022;cv;0,87848999
Argentina;EPHC;2022;e0;0,29585812
Argentina;EPHC;2022;e0;0,28872887
Argentina;EPHC;2022;gini;0,41144257
Argentina;EPHC;2022;gini;0,40689831
Argentina;EPHC;2022;gini_pci_urban;0,41144257
Argentina;EPHC;2022;gini_pci_urban;0,40689831
Argentina;EPHC;2022;nbi1_headcount_urban;17,979796
Argentina;EPHC;2022;nbi1_headcount_urban;17,183533
Argentina;EPHC;2022;theil;0,29177893
Argentina;EPHC;2022;theil;0,2849955
Argentina;EPHC;2022;wolfson;0,39073475
Argentina;EPHC;2022;wolfson;0,38199653
Argentina;EPHC;2023;a1;0,261
Argentina;EPHC;2023;a1;0,268
Argentina;EPHC;2023;a2;0,453
Argentina;EPHC;2023;a2;0,466
Argentina;EPHC;2023;cv;1,014
Argentina;EPHC;2023;cv;0,944
Argentina;EPHC;2023;e0;0,303
Argentina;EPHC;2023;e0;0,312
Argentina;EPHC;2023;gini;0,417
Argentina;EPHC;2023;gini;0,423
Argentina;EPHC;2023;gini_pci_urban;0,417
Argentina;EPHC;2023;gini_pci_urban;0,423
Argentina;EPHC;2023;theil;0,314
Argentina;EPHC;2023;theil;0,313
Argentina;EPHC;2023;wolfson;0,39
Argentina;EPHC;2023;wolfson;0,4
Argentina;EPHC;2024;a1;0,284
Argentina;EPHC;2024;a2;0,489
Argentina;EPHC;2024;cv;1,224
Argentina;EPHC;2024;e0;0,334
Argentina;EPHC;2024;gini;0,437
Argentina;EPHC;2024;gini_pci_urban;0,437
Argentina;EPHC;2024;theil;0,359
Argentina;EPHC;2024;wolfson;0,407
Argentina;Greater Buenos Aires;1974;a1;0,18762688
Argentina;Greater Buenos Aires;1974;a2;0,41110637
Argentina;Greater Buenos Aires;1974;cv;0,84541649
Argentina;Greater Buenos Aires;1974;e0;0,20784905
Argentina;Greater Buenos Aires;1974;gini;0,34539485
Argentina;Greater Buenos Aires;1974;gini_pci_urban;0,34539485
Argentina;Greater Buenos Aires;1974;theil;0,2156874
Argentina;Greater Buenos Aires;1974;wolfson;0,30184673
Argentina;Greater Buenos Aires;1980;a1;0,23479752
Argentina;Greater Buenos Aires;1980;a2;0,64626945
Argentina;Greater Buenos Aires;1980;cv;0,84581925
Argentina;Greater Buenos Aires;1980;e0;0,26727778
Argentina;Greater Buenos Aires;1980;gini;0,3930663
Argentina;Greater Buenos Aires;1980;gini_pci_urban;0,3930663
Argentina;Greater Buenos Aires;1980;theil;0,2668049
Argentina;Greater Buenos Aires;1980;wolfson;0,3586999
Argentina;Greater Buenos Aires;1986;a1;0,26400143
Argentina;Greater Buenos Aires;1986;a2;0,44965097
Argentina;Greater Buenos Aires;1986;cv;1,0301579
Argentina;Greater Buenos Aires;1986;e0;0,3065836
Argentina;Greater Buenos Aires;1986;gini;0,42171473
Argentina;Greater Buenos Aires;1986;gini_pci_urban;0,42171473
Argentina;Greater Buenos Aires;1986;headcount_national_USD2.15;1,1191321
Argentina;Greater Buenos Aires;1986;headcount_national_USD3.65;1,8277318
Argentina;Greater Buenos Aires;1986;headcount_national_USD6.85;4,7700965
Argentina;Greater Buenos Aires;1986;headcount_urban_USD2.15;1,1191321
Argentina;Greater Buenos Aires;1986;headcount_urban_USD3.65;1,8277318
Argentina;Greater Buenos Aires;1986;headcount_urban_USD6.85;4,7700965
Argentina;Greater Buenos Aires;1986;nbi1_headcount_urban;41,520536
Argentina;Greater Buenos Aires;1986;theil;0,3265665
Argentina;Greater Buenos Aires;1986;wolfson;0,37929929
Argentina;Greater Buenos Aires;1987;a1;0,29760342
Argentina;Greater Buenos Aires;1987;a2;0,50160572
Argentina;Greater Buenos Aires;1987;cv;1,1805152
Argentina;Greater Buenos Aires;1987;e0;0,35300953
Argentina;Greater Buenos Aires;1987;gini;0,4484171
Argentina;Greater Buenos Aires;1987;gini_pci_urban;0,4484171
Argentina;Greater Buenos Aires;1987;headcount_national_USD2.15;1,1860859
Argentina;Greater Buenos Aires;1987;headcount_national_USD3.65;2,0936579
Argentina;Greater Buenos Aires;1987;headcount_national_USD6.85;7,622199
Argentina;Greater Buenos Aires;1987;headcount_urban_USD2.15;1,1860859
Argentina;Greater Buenos Aires;1987;headcount_urban_USD3.65;2,0936579
Argentina;Greater Buenos Aires;1987;headcount_urban_USD6.85;7,622199
Argentina;Greater Buenos Aires;1987;nbi1_headcount_urban;42,071661
Argentina;Greater Buenos Aires;1987;theil;0,37863788
Argentina;Greater Buenos Aires;1987;wolfson;0,40636005
Argentina;Greater Buenos Aires;1988;a1;0,3106379
Argentina;Greater Buenos Aires;1988;a2;0,5436258
Argentina;Greater Buenos Aires;1988;cv;1,1023527
Argentina;Greater Buenos Aires;1988;e0;0,37243978
Argentina;Greater Buenos Aires;1988;gini;0,45518183
Argentina;Greater Buenos Aires;1988;gini_pci_urban;0,45518183
Argentina;Greater Buenos Aires;1988;headcount_national_USD2.15;1,2596792
Argentina;Greater Buenos Aires;1988;headcount_national_USD3.65;2,6956978
Argentina;Greater Buenos Aires;1988;headcount_national_USD6.85;9,5301503
Argentina;Greater Buenos Aires;1988;headcount_urban_USD2.15;1,2596792
Argentina;Greater Buenos Aires;1988;headcount_urban_USD3.65;2,6956978
Argentina;Greater Buenos Aires;1988;headcount_urban_USD6.85;9,5301503
Argentina;Greater Buenos Aires;1988;nbi1_headcount_urban;45,230509
Argentina;Greater Buenos Aires;1988;theil;0,37439952
Argentina;Greater Buenos Aires;1988;wolfson;0,42304387
Argentina;Greater Buenos Aires;1991;a1;0,31234174
Argentina;Greater Buenos Aires;1991;a2;0,49818458
Argentina;Greater Buenos Aires;1991;cv;1,5692111
Argentina;Greater Buenos Aires;1991;e0;0,37459647
Argentina;Greater Buenos Aires;1991;gini;0,46518801
Argentina;Greater Buenos Aires;1991;gini_pci_urban;0,46518801
Argentina;Greater Buenos Aires;1991;headcount_national_USD2.15;0,97202863
Argentina;Greater Buenos Aires;1991;headcount_national_USD3.65;2,972452
Argentina;Greater Buenos Aires;1991;headcount_national_USD6.85;14,321323
Argentina;Greater Buenos Aires;1991;headcount_urban_USD2.15;0,97202863
Argentina;Greater Buenos Aires;1991;headcount_urban_USD3.65;2,972452
Argentina;Greater Buenos Aires;1991;headcount_urban_USD6.85;14,321323
Argentina;Greater Buenos Aires;1991;nbi1_headcount_urban;40,039579
Argentina;Greater Buenos Aires;1991;theil;0,45221906
Argentina;Greater Buenos Aires;1991;wolfson;0,40076348
Argentina;Greater Buenos Aires;1992;a1;0,29013373
Argentina;Greater Buenos Aires;1992;a2;0,49957502
Argentina;Greater Buenos Aires;1992;cv;1,0826731
Argentina;Greater Buenos Aires;1992;e0;0,34293014
Argentina;Greater Buenos Aires;1992;gini;0,44401759
Argentina;Greater Buenos Aires;1992;gini_pci_urban;0,44401759
Argentina;Greater Buenos Aires;1992;headcount_national_USD2.15;1,5089742
Argentina;Greater Buenos Aires;1992;headcount_national_USD3.65;3,0264507
Argentina;Greater Buenos Aires;1992;headcount_national_USD6.85;11,87721
Argentina;Greater Buenos Aires;1992;headcount_urban_USD2.15;1,5089742
Argentina;Greater Buenos Aires;1992;headcount_urban_USD3.65;3,0264507
Argentina;Greater Buenos Aires;1992;headcount_urban_USD6.85;11,87721
Argentina;Greater Buenos Aires;1992;nbi1_headcount_urban;38,520181
Argentina;Greater Buenos Aires;1992;theil;0,35928815
Argentina;Greater Buenos Aires;1992;wolfson;0,41564152
Bolivia;National;1997;a1;0,49623531
Bolivia;National;1997;a2;0,79219561
Bolivia;National;1997;cv;1,899206
Bolivia;National;1997;e0;0,68576594
Bolivia;National;1997;gini;0,57968222
Bolivia;National;1997;gini_pci_rural;0,67007656
Bolivia;National;1997;gini_pci_urban;0,52603679
Bolivia;National;1997;theil;0,69696463
Bolivia;National;1997;wolfson;0,55189725
Bolivia;National;1999;a1;0,53771899
Bolivia;National;1999;a2;0,87154208
Bolivia;National;1999;cv;1,6869922
Bolivia;National;1999;e0;0,77157534
Bolivia;National;1999;gini;0,57873154
Bolivia;National;1999;gini_pci_rural;0,63826357
Bolivia;National;1999;gini_pci_urban;0,488919
Bolivia;National;1999;theil;0,6411417
Bolivia;National;1999;wolfson;0,61688485
Bolivia;National;2000;a1;0,5780291
Bolivia;National;2000;a2;0,88954868
Bolivia;National;2000;cv;1,8926804
Bolivia;National;2000;e0;0,86277054
Bolivia;National;2000;gini;0,61466861
Bolivia;National;2000;gini_pci_rural;0,67511128
Bolivia;National;2000;gini_pci_urban;0,5378993
Bolivia;National;2000;theil;0,7686447
Bolivia;National;2000;wolfson;0,6165257
Bolivia;National;2001;a1;0,49776939
Bolivia;National;2001;a2;0,8155865
Bolivia;National;2001;cv;1,7103996
Bolivia;National;2001;e0;0,68858529
Bolivia;National;2001;gini;0,57306705
Bolivia;National;2001;gini_pci_rural;0,59132935
Bolivia;National;2001;gini_pci_urban;0,51446295
Bolivia;National;2001;theil;0,66029844
Bolivia;National;2001;wolfson;0,549921
Bolivia;National;2002;a1;0,52849313
Bolivia;National;2002;a2;0,84384643
Bolivia;National;2002;cv;1,7541212
Bolivia;National;2002;e0;0,751762
Bolivia;National;2002;gini;0,59284207
Bolivia;National;2002;gini_pci_rural;0,60500656
Bolivia;National;2002;gini_pci_urban;0,53237692
Bolivia;National;2002;theil;0,71208266
Bolivia;National;2002;wolfson;0,57044302
Bolivia;National;2005;a1;0,50484525
Bolivia;National;2005;a2;0,8003089
Bolivia;National;2005;cv;1,8847265
Bolivia;National;2005;e0;0,70290736
Bolivia;National;2005;gini;0,58509081
Bolivia;National;2005;gini_pci_rural;0,57715564
Bolivia;National;2005;gini_pci_urban;0,53024878
Bolivia;National;2005;theil;0,69276172
Bolivia;National;2005;wolfson;0,59962833
Bolivia;National;2006;a1;0,47531292
Bolivia;National;2006;a2;0,76815555
Bolivia;National;2006;cv;1,6708383
Bolivia;National;2006;e0;0,64495986
Bolivia;National;2006;gini;0,56590643
Bolivia;National;2006;gini_pci_rural;0,57793732
Bolivia;National;2006;gini_pci_urban;0,507719
Bolivia;National;2006;theil;0,6341953
Bolivia;National;2006;wolfson;0,57511442
Bolivia;National;2007;a1;0,43755785
Bolivia;National;2007;a2;0,72714973
Bolivia;National;2007;cv;1,46474
Bolivia;National;2007;e0;0,57527689
Bolivia;National;2007;gini;0,54499968
Bolivia;National;2007;gini_pci_rural;0,56464209
Bolivia;National;2007;gini_pci_urban;0,50053904
Bolivia;National;2007;theil;0,57242137
Bolivia;National;2007;wolfson;0,53649991
Bolivia;National;2008;a1;0,39543808
Bolivia;National;2008;a2;0,68922063
Bolivia;National;2008;cv;1,4652192
Bolivia;National;2008;e0;0,50345127
Bolivia;National;2008;gini;0,50814773
Bolivia;National;2008;gini_pci_rural;0,54023663
Bolivia;National;2008;gini_pci_urban;0,46268842
Bolivia;National;2008;theil;0,49937899
Bolivia;National;2008;wolfson;0,47124277
Bolivia;National;2009;a1;0,3815718
Bolivia;National;2009;a2;0,68144286
Bolivia;National;2009;cv;1,4844547
Bolivia;National;2009;e0;0,48028132
Bolivia;National;2009;gini;0,49173317
Bolivia;National;2009;gini_pci_rural;0,51735501
Bolivia;National;2009;gini_pci_urban;0,4480599
Bolivia;National;2009;theil;0,48101046
Bolivia;National;2009;wolfson;0,43409082
Bolivia;National;2011;a1;0,33642652
Bolivia;National;2011;a2;0,62809198
Bolivia;National;2011;cv;1,0768821
Bolivia;National;2011;e0;0,41054586
Bolivia;National;2011;gini;0,46069018
Bolivia;National;2011;gini_pci_rural;0,52971057
Bolivia;National;2011;gini_pci_urban;0,40993835
Bolivia;National;2011;theil;0,38123432
Bolivia;National;2011;wolfson;0,42747844
Bolivia;National;2012;a1;0,35320706
Bolivia;National;2012;a2;0,67456491
Bolivia;National;2012;cv;1,0776001
Bolivia;National;2012;e0;0,43537804
Bolivia;National;2012;gini;0,46538012
Bolivia;National;2012;gini_pci_rural;0,53140337
Bolivia;National;2012;gini_pci_urban;0,41637473
Bolivia;National;2012;theil;0,38900565
Bolivia;National;2012;wolfson;0,43493938
Bolivia;National;2013;a1;0,35815602
Bolivia;National;2013;a2;0,66476341
Bolivia;National;2013;cv;1,2195279
Bolivia;National;2013;e0;0,44365366
Bolivia;National;2013;gini;0,47589094
Bolivia;National;2013;gini_pci_rural;0,52887865
Bolivia;National;2013;gini_pci_urban;0,42289718
Bolivia;National;2013;theil;0,42210898
Bolivia;National;2013;wolfson;0,43340228
Bolivia;National;2014;a1;0,3539554
Bolivia;National;2014;a2;0,64936995
Bolivia;National;2014;cv;1,5986008
Bolivia;National;2014;e0;0,43677892
Bolivia;National;2014;gini;0,47806334
Bolivia;National;2014;gini_pci_rural;0,52123365
Bolivia;National;2014;gini_pci_urban;0,43448674
Bolivia;National;2014;theil;0,46189114
Bolivia;National;2014;wolfson;0,42314264
Bolivia;National;2015;a1;0,34644276
Bolivia;National;2015;a2;0,65988159
Bolivia;National;2015;cv;1,3310752
Bolivia;National;2015;e0;0,42549821
Bolivia;National;2015;gini;0,46729437
Bolivia;National;2015;gini_pci_rural;0,50842564
Bolivia;National;2015;gini_pci_urban;0,4287689
Bolivia;National;2015;theil;0,4251597
Bolivia;National;2015;wolfson;0,41889267
Bolivia;National;2016;a1;0,33451158
Bolivia;National;2016;a2;0,66278442
Bolivia;National;2016;cv;1,0182692
Bolivia;National;2016;e0;0,40741851
Bolivia;National;2016;gini;0,45188784
Bolivia;National;2016;gini_pci_rural;0,52363469
Bolivia;National;2016;gini_pci_urban;0,4018304
Bolivia;National;2016;theil;0,36193979
Bolivia;National;2016;wolfson;0,42189925
Bolivia;National;2017;a1;0,32212262
Bolivia;National;2017;a2;0,62194844
Bolivia;National;2017;cv;1,008391
Bolivia;National;2017;e0;0,38874702
Bolivia;National;2017;gini;0,44593256
Bolivia;National;2017;gini_pci_rural;0,52716818
Bolivia;National;2017;gini_pci_urban;0,39250246
Bolivia;National;2017;theil;0,35096912
Bolivia;National;2017;wolfson;0,41895081
Bolivia;National;2018;a1;0,29133537
Bolivia;National;2018;a2;0,57432339
Bolivia;National;2018;cv;0,93185992
Bolivia;National;2018;e0;0,34426665
Bolivia;National;2018;gini;0,42570716
Bolivia;National;2018;gini_pci_rural;0,48064157
Bolivia;National;2018;gini_pci_urban;0,37762549
Bolivia;National;2018;theil;0,31679487
Bolivia;National;2018;wolfson;0,39358581
Bolivia;National;2019;a1;0,26853911
Bolivia;National;2019;a2;0,49270456
Bolivia;National;2019;cv;0,94344854
Bolivia;National;2019;e0;0,31247376
Bolivia;National;2019;gini;0,41629905
Bolivia;National;2019;gini_pci_rural;0,45574728
Bolivia;National;2019;gini_pci_urban;0,38505244
Bolivia;National;2019;theil;0,30863422
Bolivia;National;2019;wolfson;0,37442407
Bolivia;National;2020;a1;0,29328897
Bolivia;National;2020;a2;0,52448263
Bolivia;National;2020;cv;1,0816564
Bolivia;National;2020;e0;0,34695008
Bolivia;National;2020;gini;0,43644007
Bolivia;National;2020;gini_pci_rural;0,46666691
Bolivia;National;2020;gini_pci_urban;0,40123149
Bolivia;National;2020;theil;0,35023165
Bolivia;National;2020;wolfson;0,39851993
Bolivia;National;2021;a1;0,26051089
Bolivia;National;2021;a2;0,48542479
Bolivia;National;2021;cv;0,90232801
Bolivia;National;2021;e0;0,30178944
Bolivia;National;2021;gini;0,40913373
Bolivia;National;2021;gini_pci_rural;0,46119916
Bolivia;National;2021;gini_pci_urban;0,37791492
Bolivia;National;2021;theil;0,29395126
Bolivia;National;2021;wolfson;0,36553726
Bolivia;National;2022;a1;0,26559504
Bolivia;National;2022;a2;0,50464544
Bolivia;National;2022;cv;0,90890834
Bolivia;National;2022;e0;0,30834955
Bolivia;National;2022;gini;0,41172869
Bolivia;National;2022;gini_pci_rural;0,45062008
Bolivia;National;2022;gini_pci_urban;0,37961165
Bolivia;National;2022;theil;0,29815151
Bolivia;National;2022;wolfson;0,37510771
Bolivia;National;2023;a1;0,2703288
Bolivia;National;2023;a2;0,48259619
Bolivia;National;2023;cv;1,0146189
Bolivia;National;2023;e0;0,31533329
Bolivia;National;2023;gini;0,42050114
Bolivia;National;2023;gini_pci_rural;0,45494112
Bolivia;National;2023;gini_pci_urban;0,3887245
Bolivia;National;2023;theil;0,31877448
Bolivia;National;2023;wolfson;0,3847563
Bolivia;Urban;1992;a1;0,33313712
Bolivia;Urban;1992;a2;0,51940581
Bolivia;Urban;1992;cv;1,3731995
Bolivia;Urban;1992;e0;0,40506106
Bolivia;Urban;1992;gini;0,48626333
Bolivia;Urban;1992;gini_pci_urban;0,48626333
Bolivia;Urban;1992;theil;0,47298556
Bolivia;Urban;1992;wolfson;0,43176058
Bolivia;Urban;1993;a1;0,38900219
Bolivia;Urban;1993;a2;0,58204219
Bolivia;Urban;1993;cv;2,532996
Bolivia;Urban;1993;e0;0,49262093
Bolivia;Urban;1993;gini;0,52916517
Bolivia;Urban;1993;gini_pci_urban;0,52916517
Bolivia;Urban;1993;theil;0,63924708
Bolivia;Urban;1993;wolfson;0,47808062
Bolivia;Urban;1997;a1;0,38846414
Bolivia;Urban;1997;a2;0,60144258
Bolivia;Urban;1997;cv;1,606883
Bolivia;Urban;1997;e0;0,49177425
Bolivia;Urban;1997;gini;0,52603679
Bolivia;Urban;1997;gini_pci_urban;0,52603679
Bolivia;Urban;1997;theil;0,56647751
Bolivia;Urban;1997;wolfson;0,48789978
Bolivia;;2000;headcount_national_USD2.15;24,247424
Bolivia;;2000;headcount_national_USD3.65;35,415248
Bolivia;;2000;headcount_national_USD6.85;55,822529
Bolivia;;2000;headcount_rural_USD2.15;56,295599
Bolivia;;2000;headcount_rural_USD3.65;70,886602
Bolivia;;2000;headcount_rural_USD6.85;84,580846
Bolivia;;2000;headcount_urban_USD2.15;6,7142742
Bolivia;;2000;headcount_urban_USD3.65;16,009322
Bolivia;;2000;headcount_urban_USD6.85;40,089219
Bolivia;;2000;nbi1_headcount_urban;74,864867
Bolivia;;2001;headcount_national_USD2.15;19,031044
Bolivia;;2001;headcount_national_USD3.65;29,793773
Bolivia;;2001;headcount_national_USD6.85;51,780602
Bolivia;;2001;headcount_rural_USD2.15;43,070768
Bolivia;;2001;headcount_rural_USD3.65;58,786706
Bolivia;;2001;headcount_rural_USD6.85;79,036426
Bolivia;;2001;headcount_urban_USD2.15;5,2383469
Bolivia;;2001;headcount_urban_USD3.65;13,159193
Bolivia;;2001;headcount_urban_USD6.85;36,142681
Bolivia;;2001;nbi1_headcount_urban;74,884239
Bolivia;;2002;headcount_national_USD2.15;19,68643
Bolivia;;2002;headcount_national_USD3.65;31,632537
Bolivia;;2002;headcount_national_USD6.85;53,809239
Bolivia;;2002;headcount_rural_USD2.15;45,636752
Bolivia;;2002;headcount_rural_USD3.65;62,170581
Bolivia;;2002;headcount_rural_USD6.85;80,910449
Bolivia;;2002;headcount_urban_USD2.15;4,7419204
Bolivia;;2002;headcount_urban_USD3.65;14,046008
Bolivia;;2002;headcount_urban_USD6.85;38,201947
Bolivia;;2002;nbi1_headcount_urban;76,848132
Bolivia;;2005;headcount_national_USD2.15;15,606612
Bolivia;;2005;headcount_national_USD3.65;25,729668
Bolivia;;2005;headcount_national_USD6.85;47,212734
Bolivia;;2005;headcount_rural_USD2.15;38,964712
Bolivia;;2005;headcount_rural_USD3.65;54,937338
Bolivia;;2005;headcount_rural_USD6.85;75,463364
Bolivia;;2005;headcount_urban_USD2.15;2,512664
Bolivia;;2005;headcount_urban_USD3.65;9,356602
Bolivia;;2005;headcount_urban_USD6.85;31,37616
Bolivia;;2005;nbi1_headcount_urban;75,114159
Bolivia;;2006;headcount_national_USD2.15;12,494707
Bolivia;;2006;headcount_national_USD3.65;22,235177
Bolivia;;2006;headcount_national_USD6.85;42,076649
Bolivia;;2006;headcount_rural_USD2.15;32,477747
Bolivia;;2006;headcount_rural_USD3.65;50,364285
Bolivia;;2006;headcount_rural_USD6.85;72,197922
Bolivia;;2006;headcount_urban_USD2.15;1,697946
Bolivia;;2006;headcount_urban_USD3.65;7,0371261
Bolivia;;2006;headcount_urban_USD6.85;25,80224
Bolivia;;2006;nbi1_headcount_urban;71,014073
Bolivia;;2007;headcount_national_USD2.15;9,4667733
Bolivia;;2007;headcount_national_USD3.65;18,571933
Bolivia;;2007;headcount_national_USD6.85;41,161266
Bolivia;;2007;headcount_rural_USD2.15;26,385104
Bolivia;;2007;headcount_rural_USD3.65;42,035383
Bolivia;;2007;headcount_rural_USD6.85;69,13474
Bolivia;;2007;headcount_urban_USD2.15;0,93416604
Bolivia;;2007;headcount_urban_USD3.65;6,7383539
Bolivia;;2007;headcount_urban_USD6.85;27,053098
Bolivia;;2007;nbi1_headcount_urban;69,818095
Bolivia;;2008;headcount_national_USD2.15;8,3445674
Bolivia;;2008;headcount_national_USD3.65;15,119319
Bolivia;;2008;headcount_national_USD6.85;33,919306
Bolivia;;2008;headcount_rural_USD2.15;20,719909
Bolivia;;2008;headcount_rural_USD3.65;34,374551
Bolivia;;2008;headcount_rural_USD6.85;56,856091
Bolivia;;2008;headcount_urban_USD2.15;1,8045161
Bolivia;;2008;headcount_urban_USD3.65;4,9434219
Bolivia;;2008;headcount_urban_USD6.85;21,797802
Bolivia;;2008;nbi1_headcount_urban;69,14009
Bolivia;;2009;headcount_national_USD2.15;8,781657
Bolivia;;2009;headcount_national_USD3.65;14,0504
Bolivia;;2009;headcount_national_USD6.85;28,899612
Bolivia;;2009;headcount_rural_USD2.15;22,926847
Bolivia;;2009;headcount_rural_USD3.65;33,769823
Bolivia;;2009;headcount_rural_USD6.85;51,899113
Bolivia;;2009;headcount_urban_USD2.15;1,5149125
Bolivia;;2009;headcount_urban_USD3.65;3,9200302
Bolivia;;2009;headcount_urban_USD6.85;17,084183
Bolivia;;2009;nbi1_headcount_urban;68,115542
Bolivia;;2011;headcount_national_USD2.15;5,2989048
Bolivia;;2011;headcount_national_USD3.65;10,358604
Bolivia;;2011;headcount_national_USD6.85;23,468137
Bolivia;;2011;headcount_rural_USD2.15;14,688575
Bolivia;;2011;headcount_rural_USD3.65;26,004619
Bolivia;;2011;headcount_rural_USD6.85;47,119596
Bolivia;;2011;headcount_urban_USD2.15;0,68493771
Bolivia;;2011;headcount_urban_USD3.65;2,670347
Bolivia;;2011;headcount_urban_USD6.85;11,846105
Bolivia;;2011;nbi1_headcount_urban;64,796921
Bolivia;;2012;headcount_national_USD2.15;6,4679388
Bolivia;;2012;headcount_national_USD3.65;10,998141
Bolivia;;2012;headcount_national_USD6.85;23,672022
Bolivia;;2012;headcount_rural_USD2.15;18,260807
Bolivia;;2012;headcount_rural_USD3.65;28,037583
Bolivia;;2012;headcount_rural_USD6.85;46,254635
Bolivia;;2012;headcount_urban_USD2.15;0,73801561
Bolivia;;2012;headcount_urban_USD3.65;2,7190117
Bolivia;;2012;headcount_urban_USD6.85;12,699574
Bolivia;;2012;nbi1_headcount_urban;62,936949
Bolivia;;2013;headcount_national_USD2.15;5,2016299
Bolivia;;2013;headcount_national_USD3.65;9,3075854
Bolivia;;2013;headcount_national_USD6.85;21,759178
Bolivia;;2013;headcount_rural_USD2.15;14,947324
Bolivia;;2013;headcount_rural_USD3.65;24,949791
Bolivia;;2013;headcount_rural_USD6.85;46,963072
Bolivia;;2013;headcount_urban_USD2.15;0,54889376
Bolivia;;2013;headcount_urban_USD3.65;1,8397686
Bolivia;;2013;headcount_urban_USD6.85;9,7264719
Bolivia;;2014;headcount_national_USD2.15;4,2758922
Bolivia;;2014;headcount_national_USD3.65;8,9884552
Bolivia;;2014;headcount_national_USD6.85;20,188173
Bolivia;;2014;headcount_rural_USD2.15;12,143493
Bolivia;;2014;headcount_rural_USD3.65;24,019313
Bolivia;;2014;headcount_rural_USD6.85;44,120398
Bolivia;;2014;headcount_urban_USD2.15;0,6105737
Bolivia;;2014;headcount_urban_USD3.65;1,9859539
Bolivia;;2014;headcount_urban_USD6.85;9,0387476
Bolivia;;2014;nbi1_headcount_urban;60,616196
Bolivia;;2015;headcount_national_USD2.15;4,6299645
Bolivia;;2015;headcount_national_USD3.65;8,5791739
Bolivia;;2015;headcount_national_USD6.85;20,478486
Bolivia;;2015;headcount_rural_USD2.15;13,315343
Bolivia;;2015;headcount_rural_USD3.65;22,946637
Bolivia;;2015;headcount_rural_USD6.85;42,410997
Bolivia;;2015;headcount_urban_USD2.15;0,63112571
Bolivia;;2015;headcount_urban_USD3.65;1,9642438
Bolivia;;2015;headcount_urban_USD6.85;10,380528
Bolivia;;2015;nbi1_headcount_urban;61,155125
Bolivia;;2016;headcount_national_USD2.15;5,6203381
Bolivia;;2016;headcount_national_USD3.65;10,067129
Bolivia;;2016;headcount_national_USD6.85;21,966973
Bolivia;;2016;headcount_rural_USD2.15;15,100477
Bolivia;;2016;headcount_rural_USD3.65;25,854038
Bolivia;;2016;headcount_rural_USD6.85;45,716204
Bolivia;;2016;headcount_urban_USD2.15;1,3772003
Bolivia;;2016;headcount_urban_USD3.65;3,0011949
Bolivia;;2016;headcount_urban_USD6.85;11,337249
Bolivia;;2016;nbi1_headcount_urban;59,864779
Bolivia;;2017;headcount_national_USD2.15;4,9333613
Bolivia;;2017;headcount_national_USD3.65;9,1752888
Bolivia;;2017;headcount_national_USD6.85;21,018225
Bolivia;;2017;headcount_rural_USD2.15;14,117245
Bolivia;;2017;headcount_rural_USD3.65;24,606366
Bolivia;;2017;headcount_rural_USD6.85;45,159278
Bolivia;;2017;headcount_urban_USD2.15;0,80353393
Bolivia;;2017;headcount_urban_USD3.65;2,2362111
Bolivia;;2017;headcount_urban_USD6.85;10,162428
Bolivia;;2017;nbi1_headcount_urban;57,70347
Bolivia;;2018;headcount_national_USD2.15;3,2815931
Bolivia;;2018;headcount_national_USD3.65;7,7030825
Bolivia;;2018;headcount_national_USD6.85;19,099494
Bolivia;;2018;headcount_rural_USD2.15;9,8171398
Bolivia;;2018;headcount_rural_USD3.65;21,915321
Bolivia;;2018;headcount_rural_USD6.85;43,423847
Bolivia;;2018;headcount_urban_USD2.15;0,4278398
Bolivia;;2018;headcount_urban_USD3.65;1,4972935
Bolivia;;2018;headcount_urban_USD6.85;8,4782393
Bolivia;;2018;nbi1_headcount_urban;57,455017
Bolivia;;2019;headcount_national_USD2.15;1,9205352
Bolivia;;2019;headcount_national_USD3.65;5,6902158
Bolivia;;2019;headcount_national_USD6.85;15,541866
Bolivia;;2019;headcount_rural_USD2.15;5,581819
Bolivia;;2019;headcount_rural_USD3.65;15,666513
Bolivia;;2019;headcount_rural_USD6.85;33,072214
Bolivia;;2019;headcount_urban_USD2.15;0,33707921
Bolivia;;2019;headcount_urban_USD3.65;1,3756017
Bolivia;;2019;headcount_urban_USD6.85;7,9602264
Bolivia;;2019;nbi1_headcount_urban;53,849372
Bolivia;;2020;headcount_national_USD2.15;3,1215072
Bolivia;;2020;headcount_national_USD3.65;6,4135453
Bolivia;;2020;headcount_national_USD6.85;17,289895
Bolivia;;2020;headcount_rural_USD2.15;9,3263774
Bolivia;;2020;headcount_rural_USD3.65;17,614245
Bolivia;;2020;headcount_rural_USD6.85;38,074676
Bolivia;;2020;headcount_urban_USD2.15;0,49698363
Bolivia;;2020;headcount_urban_USD3.65;1,6758957
Bolivia;;2020;headcount_urban_USD6.85;8,4983897
Bolivia;;2020;nbi1_headcount_urban;32,46916
Bolivia;;2021;headcount_national_USD2.15;1,9645011
Bolivia;;2021;headcount_national_USD3.65;5,4037213
Bolivia;;2021;headcount_national_USD6.85;15,183598
Bolivia;;2021;headcount_rural_USD2.15;5,8646049
Bolivia;;2021;headcount_rural_USD3.65;15,354518
Bolivia;;2021;headcount_rural_USD6.85;31,802081
Bolivia;;2021;headcount_urban_USD2.15;0,33604702
Bolivia;;2021;headcount_urban_USD3.65;1,2488534
Bolivia;;2021;headcount_urban_USD6.85;8,2446957
Bolivia;;2021;nbi1_headcount_urban;46,147067
Brazil;New PNAD;1993;a1;0,49208668
Brazil;New PNAD;1993;a2;0,85236761
Brazil;New PNAD;1993;cv;2,1322492
Brazil;New PNAD;1993;e0;0,67744368
Brazil;New PNAD;1993;gini;0,59696953
Brazil;New PNAD;1993;gini_pci_rural;0,52311375
Brazil;New PNAD;1993;gini_pci_urban;0,51728112
Brazil;New PNAD;1993;headcount_national_USD2.15;22,100883
Brazil;New PNAD;1993;headcount_national_USD3.65;39,654482
Brazil;New PNAD;1993;headcount_national_USD6.85;64,336454
Brazil;New PNAD;1993;headcount_rural_USD2.15;42,724772
Brazil;New PNAD;1993;headcount_rural_USD3.65;63,227499
Brazil;New PNAD;1993;headcount_rural_USD6.85;83,023264
Brazil;New PNAD;1993;headcount_urban_USD2.15;16,783701
Brazil;New PNAD;1993;headcount_urban_USD3.65;33,576965
Brazil;New PNAD;1993;headcount_urban_USD6.85;59,518682
Brazil;New PNAD;1993;nbi1_headcount_urban;76,974077
Brazil;New PNAD;1993;theil;0,75526854
Brazil;New PNAD;1993;wolfson;0,5899571
Brazil;New PNAD;1995;a1;0,47939412
Brazil;New PNAD;1995;a2;0,71288691
Brazil;New PNAD;1995;cv;1,8146722
Brazil;New PNAD;1995;e0;0,6531012
Brazil;New PNAD;1995;gini;0,59072851
Brazil;New PNAD;1995;gini_pci_rural;0,57727605
Brazil;New PNAD;1995;gini_pci_urban;0,58331077
Brazil;New PNAD;1995;headcount_national_USD2.15;14,736035
Brazil;New PNAD;1995;headcount_national_USD3.65;29,66545
Brazil;New PNAD;1995;headcount_national_USD6.85;52,638597
Brazil;New PNAD;1995;headcount_rural_USD2.15;31,265774
Brazil;New PNAD;1995;headcount_rural_USD3.65;54,713844
Brazil;New PNAD;1995;headcount_rural_USD6.85;77,781511
Brazil;New PNAD;1995;headcount_urban_USD2.15;10,528263
Brazil;New PNAD;1995;headcount_urban_USD3.65;23,289187
Brazil;New PNAD;1995;headcount_urban_USD6.85;46,238275
Brazil;New PNAD;1995;nbi1_headcount_urban;76,049802
Brazil;New PNAD;1995;theil;0,7084573
Brazil;New PNAD;1995;wolfson;0,61205849
Brazil;New PNAD;1996;a1;0,4845585
Brazil;New PNAD;1996;a2;0,72039044
Brazil;New PNAD;1996;cv;1,8185647
Brazil;New PNAD;1996;e0;0,66254761
Brazil;New PNAD;1996;gini;0,59219855
Brazil;New PNAD;1996;gini_pci_rural;0,53804403
Brazil;New PNAD;1996;gini_pci_urban;0,57616416
Brazil;New PNAD;1996;headcount_national_USD2.15;16,00468
Brazil;New PNAD;1996;headcount_national_USD3.65;29,965788
Brazil;New PNAD;1996;headcount_national_USD6.85;52,616003
Brazil;New PNAD;1996;headcount_rural_USD2.15;33,338353
Brazil;New PNAD;1996;headcount_rural_USD3.65;54,874345
Brazil;New PNAD;1996;headcount_rural_USD6.85;77,495108
Brazil;New PNAD;1996;headcount_urban_USD2.15;11,565463
Brazil;New PNAD;1996;headcount_urban_USD3.65;23,586615
Brazil;New PNAD;1996;headcount_urban_USD6.85;46,244373
Brazil;New PNAD;1996;nbi1_headcount_urban;74,045854
Brazil;New PNAD;1996;theil;0,70747301
Brazil;New PNAD;1996;wolfson;0,61892771
Brazil;New PNAD;1997;a1;0,48503896
Brazil;New PNAD;1997;a2;0,72563054
Brazil;New PNAD;1997;cv;1,8892499
Brazil;New PNAD;1997;e0;0,66399981
Brazil;New PNAD;1997;gini;0,59230232
Brazil;New PNAD;1997;gini_pci_rural;0,55077556
Brazil;New PNAD;1997;gini_pci_urban;0,57636638
Brazil;New PNAD;1997;headcount_national_USD2.15;15,976236
Brazil;New PNAD;1997;headcount_national_USD3.65;30,17477
Brazil;New PNAD;1997;headcount_national_USD6.85;53,003435
Brazil;New PNAD;1997;headcount_rural_USD2.15;33,443734
Brazil;New PNAD;1997;headcount_rural_USD3.65;54,052533
Brazil;New PNAD;1997;headcount_rural_USD6.85;77,984634
Brazil;New PNAD;1997;headcount_urban_USD2.15;11,522924
Brazil;New PNAD;1997;headcount_urban_USD3.65;24,087169
Brazil;New PNAD;1997;headcount_urban_USD6.85;46,634515
Brazil;New PNAD;1997;nbi1_headcount_urban;73,471845
Brazil;New PNAD;1997;theil;0,7133192
Brazil;New PNAD;1997;wolfson;0,62036846
Brazil;New PNAD;1998;a1;0,47835872
Brazil;New PNAD;1998;a2;0,71033893
Brazil;New PNAD;1998;cv;1,8625074
Brazil;New PNAD;1998;e0;0,65118731
Brazil;New PNAD;1998;gini;0,59056533
Brazil;New PNAD;1998;gini_pci_rural;0,55180287
Brazil;New PNAD;1998;gini_pci_urban;0,57603903
Brazil;New PNAD;1998;headcount_national_USD2.15;14,337864
Brazil;New PNAD;1998;headcount_national_USD3.65;28,872766
Brazil;New PNAD;1998;headcount_national_USD6.85;51,964432
Brazil;New PNAD;1998;headcount_rural_USD2.15;30,473248
Brazil;New PNAD;1998;headcount_rural_USD3.65;52,128318
Brazil;New PNAD;1998;headcount_rural_USD6.85;76,324585
Brazil;New PNAD;1998;headcount_urban_USD2.15;10,337147
Brazil;New PNAD;1998;headcount_urban_USD3.65;23,106626
Brazil;New PNAD;1998;headcount_urban_USD6.85;45,92441
Brazil;New PNAD;1998;nbi1_headcount_urban;72,03663
Brazil;New PNAD;1998;theil;0,71135558
Brazil;New PNAD;1998;wolfson;0,59667947
Brazil;New PNAD;1999;a1;0,47072424
Brazil;New PNAD;1999;a2;0,70147755
Brazil;New PNAD;1999;cv;1,8170018
Brazil;New PNAD;1999;e0;0,63645755
Brazil;New PNAD;1999;gini;0,58474376
Brazil;New PNAD;1999;gini_pci_rural;0,54724505
Brazil;New PNAD;1999;gini_pci_urban;0,57657335
Brazil;New PNAD;1999;headcount_national_USD2.15;14,968738
Brazil;New PNAD;1999;headcount_national_USD3.65;29,867724
Brazil;New PNAD;1999;headcount_national_USD6.85;53,810482
Brazil;New PNAD;1999;headcount_rural_USD2.15;30,605137
Brazil;New PNAD;1999;headcount_rural_USD3.65;52,421911
Brazil;New PNAD;1999;headcount_rural_USD6.85;76,42056
Brazil;New PNAD;1999;headcount_urban_USD2.15;11,040508
Brazil;New PNAD;1999;headcount_urban_USD3.65;24,201584
Brazil;New PNAD;1999;headcount_urban_USD6.85;48,1303
Brazil;New PNAD;1999;nbi1_headcount_urban;71,410361
Brazil;New PNAD;1999;theil;0,69213637
Brazil;New PNAD;1999;wolfson;0,59479713
Brazil;New PNAD;2001;a1;0,47831356
Brazil;New PNAD;2001;a2;0,73991979
Brazil;New PNAD;2001;cv;1,755675
Brazil;New PNAD;2001;e0;0,65075357
Brazil;New PNAD;2001;gini;0,58315829
Brazil;New PNAD;2001;gini_pci_rural;0,53822237
Brazil;New PNAD;2001;gini_pci_urban;0,57129907
Brazil;New PNAD;2001;headcount_national_USD2.15;13,042175
Brazil;New PNAD;2001;headcount_national_USD3.65;26,21236
Brazil;New PNAD;2001;headcount_national_USD6.85;48,020959
Brazil;New PNAD;2001;headcount_rural_USD2.15;30,058337
Brazil;New PNAD;2001;headcount_rural_USD3.65;50,575789
Brazil;New PNAD;2001;headcount_rural_USD6.85;74,158203
Brazil;New PNAD;2001;headcount_urban_USD2.15;9,8310578
Brazil;New PNAD;2001;headcount_urban_USD3.65;21,614742
Brazil;New PNAD;2001;headcount_urban_USD6.85;43,088605
Brazil;New PNAD;2001;nbi1_headcount_urban;71,292265
Brazil;New PNAD;2001;theil;0,68064023
Brazil;New PNAD;2001;wolfson;0,58900536
Brazil;New PNAD;2002;a1;0,46940407
Brazil;New PNAD;2002;a2;0,71649759
Brazil;New PNAD;2002;cv;1,903692
Brazil;New PNAD;2002;e0;0,63328315
Brazil;New PNAD;2002;gini;0,58023437
Brazil;New PNAD;2002;gini_pci_rural;0,51393673
Brazil;New PNAD;2002;gini_pci_urban;0,56989822
Brazil;New PNAD;2002;headcount_national_USD2.15;11,73864
Brazil;New PNAD;2002;headcount_national_USD3.65;25,329047
Brazil;New PNAD;2002;headcount_national_USD6.85;47,319322
Brazil;New PNAD;2002;headcount_rural_USD2.15;26,616123
Brazil;New PNAD;2002;headcount_rural_USD3.65;49,220247
Brazil;New PNAD;2002;headcount_rural_USD6.85;74,352129
Brazil;New PNAD;2002;headcount_urban_USD2.15;8,9514787
Brazil;New PNAD;2002;headcount_urban_USD3.65;20,853247
Brazil;New PNAD;2002;headcount_urban_USD6.85;42,254971
Brazil;New PNAD;2002;nbi1_headcount_urban;69,841703
Brazil;New PNAD;2002;theil;0,67608891
Brazil;New PNAD;2002;wolfson;0,58072767
Brazil;New PNAD;2003;a1;0,46483343
Brazil;New PNAD;2003;a2;0,72349642
Brazil;New PNAD;2003;cv;1,6885791
Brazil;New PNAD;2003;e0;0,62532567
Brazil;New PNAD;2003;gini;0,57472535
Brazil;New PNAD;2003;gini_pci_rural;0,53519829
Brazil;New PNAD;2003;gini_pci_urban;0,56510623
Brazil;New PNAD;2003;headcount_national_USD2.15;12,605869
Brazil;New PNAD;2003;headcount_national_USD3.65;26,080441
Brazil;New PNAD;2003;headcount_national_USD6.85;48,658196
Brazil;New PNAD;2003;headcount_rural_USD2.15;27,534562
Brazil;New PNAD;2003;headcount_rural_USD3.65;48,778449
Brazil;New PNAD;2003;headcount_rural_USD6.85;72,896311
Brazil;New PNAD;2003;headcount_urban_USD2.15;9,8273171
Brazil;New PNAD;2003;headcount_urban_USD3.65;21,855852
Brazil;New PNAD;2003;headcount_urban_USD6.85;44,14696
Brazil;New PNAD;2003;nbi1_headcount_urban;68,63197
Brazil;New PNAD;2003;theil;0,65643209
Brazil;New PNAD;2003;wolfson;0,55791946
Brazil;New PNAD;2004;a1;0,44724054
Brazil;New PNAD;2004;a2;0,70061619
Brazil;New PNAD;2004;cv;1,7056486
Brazil;New PNAD;2004;e0;0,59241106
Brazil;New PNAD;2004;gini;0,56326946
Brazil;New PNAD;2004;gini_pci_rural;0,51697286
Brazil;New PNAD;2004;gini_pci_urban;0,55485644
Brazil;New PNAD;2004;headcount_national_USD2.15;10,818896
Brazil;New PNAD;2004;headcount_national_USD3.65;23,981826
Brazil;New PNAD;2004;headcount_national_USD6.85;46,840253
Brazil;New PNAD;2004;headcount_rural_USD2.15;23,847025
Brazil;New PNAD;2004;headcount_rural_USD3.65;45,096848
Brazil;New PNAD;2004;headcount_rural_USD6.85;70,587277
Brazil;New PNAD;2004;headcount_urban_USD2.15;8,4314986
Brazil;New PNAD;2004;headcount_urban_USD3.65;20,11251
Brazil;New PNAD;2004;headcount_urban_USD6.85;42,488625
Brazil;New PNAD;2004;nbi1_headcount_urban;67,016285
Brazil;New PNAD;2004;theil;0,63282081
Brazil;New PNADC;2012;headcount_national_USD2.15;4,4946349
Brazil;New PNADC;2012;headcount_national_USD3.65;10,632418
Brazil;New PNADC;2012;headcount_national_USD6.85;28,204389
Brazil;New PNADC;2012;headcount_rural_USD2.15;13,282737
Brazil;New PNADC;2012;headcount_rural_USD3.65;26,290226
Brazil;New PNADC;2012;headcount_rural_USD6.85;51,468754
Brazil;New PNADC;2012;headcount_urban_USD2.15;2,9401276
Brazil;New PNADC;2012;headcount_urban_USD3.65;7,8627438
Brazil;New PNADC;2012;headcount_urban_USD6.85;24,089209
Brazil;New PNADC;2012;nbi1_headcount_urban;45,686674
Brazil;New PNADC;2013;headcount_national_USD2.15;3,7285517
Brazil;New PNADC;2013;headcount_national_USD3.65;9,4838098
Brazil;New PNADC;2013;headcount_national_USD6.85;25,72638
Brazil;New PNADC;2013;headcount_rural_USD2.15;10,577202
Brazil;New PNADC;2013;headcount_rural_USD3.65;22,97335
Brazil;New PNADC;2013;headcount_rural_USD6.85;48,020069
Brazil;New PNADC;2013;headcount_urban_USD2.15;2,4858062
Brazil;New PNADC;2013;headcount_urban_USD3.65;7,0360187
Brazil;New PNADC;2013;headcount_urban_USD6.85;21,681001
Brazil;New PNADC;2013;nbi1_headcount_urban;44,323898
Brazil;New PNADC;2014;headcount_national_USD2.15;3,3259486
Brazil;New PNADC;2014;headcount_national_USD3.65;8,6149575
Brazil;New PNADC;2014;headcount_national_USD6.85;24,349141
Brazil;New PNADC;2014;headcount_rural_USD2.15;9,190892
Brazil;New PNADC;2014;headcount_rural_USD3.65;21,470044
Brazil;New PNADC;2014;headcount_rural_USD6.85;45,924468
Brazil;New PNADC;2014;headcount_urban_USD2.15;2,3277923
Brazil;New PNADC;2014;headcount_urban_USD3.65;6,4271468
Brazil;New PNADC;2014;headcount_urban_USD6.85;20,67723
Brazil;New PNADC;2014;nbi1_headcount_urban;42,936316
Brazil;New PNADC;2015;headcount_national_USD2.15;3,8774728
Brazil;New PNADC;2015;headcount_national_USD3.65;9,2831991
Brazil;New PNADC;2015;headcount_national_USD6.85;25,277874
Brazil;New PNADC;2015;headcount_rural_USD2.15;10,678475
Brazil;New PNADC;2015;headcount_rural_USD3.65;22,262026
Brazil;New PNADC;2015;headcount_rural_USD6.85;46,549649
Brazil;New PNADC;2015;headcount_urban_USD2.15;2,7126842
Brazil;New PNADC;2015;headcount_urban_USD3.65;7,060352
Brazil;New PNADC;2015;headcount_urban_USD6.85;21,634717
Brazil;New PNADC;2015;nbi1_headcount_urban;41,559751
Brazil;New PNADC;2016;headcount_national_USD2.15;4,7061924
Brazil;New PNADC;2016;headcount_national_USD3.65;10,616014
Brazil;New PNADC;2016;headcount_national_USD6.85;27,020358
Brazil;New PNADC;2016;headcount_rural_USD2.15;12,478264
Brazil;New PNADC;2016;headcount_rural_USD3.65;24,947677
Brazil;New PNADC;2016;headcount_rural_USD6.85;49,002722
Brazil;New PNADC;2016;headcount_urban_USD2.15;3,3817641
Brazil;New PNADC;2016;headcount_urban_USD3.65;8,1737751
Brazil;New PNADC;2016;headcount_urban_USD6.85;23,274373
Brazil;New PNADC;2016;nbi1_headcount_urban;43,171487
Brazil;New PNADC;2017;headcount_national_USD2.15;5,2690493
Brazil;New PNADC;2017;headcount_national_USD3.65;10,997057
Brazil;New PNADC;2017;headcount_national_USD6.85;27,051251
Brazil;New PNADC;2017;headcount_rural_USD2.15;14,64495
Brazil;New PNADC;2017;headcount_rural_USD3.65;25,821672
Brazil;New PNADC;2017;headcount_rural_USD6.85;48,834844
Brazil;New PNADC;2017;headcount_urban_USD2.15;3,7171615
Brazil;New PNADC;2017;headcount_urban_USD3.65;8,5433052
Brazil;New PNADC;2017;headcount_urban_USD6.85;23,445658
Brazil;New PNADC;2017;nbi1_headcount_urban;42,343886
Brazil;New PNADC;2018;headcount_national_USD2.15;5,3017625
Brazil;New PNADC;2018;headcount_national_USD3.65;10,882201
Brazil;New PNADC;2018;headcount_national_USD6.85;26,656525
Brazil;New PNADC;2018;headcount_rural_USD2.15;14,789125
Brazil;New PNADC;2018;headcount_rural_USD3.65;25,707238
Brazil;New PNADC;2018;headcount_rural_USD6.85;48,429381
Brazil;New PNADC;2018;headcount_urban_USD2.15;3,7009507
Brazil;New PNADC;2018;headcount_urban_USD3.65;8,3807577
Brazil;New PNADC;2018;headcount_urban_USD6.85;22,98277
Brazil;New PNADC;2018;nbi1_headcount_urban;40,406816
Brazil;New PNADC;2019;headcount_national_USD2.15;5,3885809
Brazil;New PNADC;2019;headcount_national_USD3.65;10,754983
Brazil;New PNADC;2019;headcount_national_USD6.85;26,172721
Brazil;New PNADC;2019;headcount_rural_USD2.15;15,009824
Brazil;New PNADC;2019;headcount_rural_USD3.65;25,925522
Brazil;New PNADC;2019;headcount_rural_USD6.85;48,461239
Brazil;New PNADC;2019;headcount_urban_USD2.15;3,8249108
Brazil;New PNADC;2019;headcount_urban_USD3.65;8,2894261
Brazil;New PNADC;2019;headcount_urban_USD6.85;22,550331
Brazil;New PNADC;2019;nbi1_headcount_urban;38,86182
Brazil;New PNADC;2020;headcount_national_USD2.15;1,9495585
Brazil;New PNADC;2020;headcount_national_USD3.65;5,3188235
Brazil;New PNADC;2020;headcount_national_USD6.85;18,725513
Brazil;New PNADC;2020;headcount_rural_USD2.15;5,1361099
Brazil;New PNADC;2020;headcount_rural_USD3.65;11,9361
Brazil;New PNADC;2020;headcount_rural_USD6.85;33,449425
Brazil;New PNADC;2020;headcount_urban_USD2.15;1,4258883
Brazil;New PNADC;2020;headcount_urban_USD3.65;4,2313563
Brazil;New PNADC;2020;headcount_urban_USD6.85;16,305821
Brazil;New PNADC;2020;nbi1_headcount_urban;32,752826
Brazil;New PNADC;2021;headcount_national_USD2.15;5,8245603
Brazil;New PNADC;2021;headcount_national_USD3.65;11,255068
Brazil;New PNADC;2021;headcount_national_USD6.85;28,358115
Brazil;New PNADC;2021;headcount_rural_USD2.15;13,371784
Brazil;New PNADC;2021;headcount_rural_USD3.65;23,881081
Brazil;New PNADC;2021;headcount_rural_USD6.85;46,583984
Brazil;New PNADC;2021;headcount_urban_USD2.15;4,6012222
Brazil;New PNADC;2021;headcount_urban_USD3.65;9,2085038
Brazil;New PNADC;2021;headcount_urban_USD6.85;25,403863
Brazil;New PNADC;2021;nbi1_headcount_urban;31,538565
Brazil;New PNADC;2022;headcount_national_USD2.15;3,5053016
Brazil;New PNADC;2022;headcount_national_USD3.65;8,4150133
Brazil;New PNADC;2022;headcount_national_USD6.85;23,458378
Brazil;New PNADC;2022;headcount_rural_USD2.15;8,7779993
Brazil;New PNADC;2022;headcount_rural_USD3.65;18,889596
Brazil;New PNADC;2022;headcount_rural_USD6.85;40,063966
Brazil;New PNADC;2022;headcount_urban_USD2.15;2,6933656
Brazil;New PNADC;2022;headcount_urban_USD3.65;6,8020456
Brazil;New PNADC;2022;headcount_urban_USD6.85;20,901304
Brazil;New PNADC;2022;nbi1_headcount_urban;34,401341
Brazil;PNAD;1981;a1;0,45510397
Brazil;PNAD;1981;a2;0,95826059
Brazil;PNAD;1981;cv;1,6841898
Brazil;PNAD;1981;e0;0,60743273
Brazil;PNAD;1981;gini;0,57351254
Brazil;PNAD;1981;gini_pci_rural;0,5038302
Brazil;PNAD;1981;gini_pci_urban;0,55374311
Brazil;PNAD;1981;theil;0,65523846
Brazil;PNAD;1981;wolfson;0,57743188
Brazil;PNAD;1982;a1;0,46043157
Brazil;PNAD;1982;a2;0,70630667
Brazil;PNAD;1982;cv;1,8057043
Brazil;PNAD;1982;e0;0,61726892
Brazil;PNAD;1982;gini;0,57865168
Brazil;PNAD;1982;gini_pci_rural;0,49648761
Brazil;PNAD;1982;gini_pci_urban;0,55846864
Brazil;PNAD;1982;theil;0,67175712
Brazil;PNAD;1982;wolfson;0,59761775
Brazil;PNAD;1983;a1;0,46503971
Brazil;PNAD;1983;a2;0,71891802
Brazil;PNAD;1983;cv;1,8179075
Brazil;PNAD;1983;e0;0,62549155
Brazil;PNAD;1983;gini;0,58368993
Brazil;PNAD;1983;gini_pci_rural;0,51329473
Brazil;PNAD;1983;gini_pci_urban;0,56734554
Brazil;PNAD;1983;theil;0,68772017
Brazil;PNAD;1983;wolfson;0,61649285
Brazil;PNAD;1984;a1;0,4574455
Brazil;PNAD;1984;a2;0,71986679
Brazil;PNAD;1984;cv;1,7026585
Brazil;PNAD;1984;e0;0,61177685
Brazil;PNAD;1984;gini;0,57818144
Brazil;PNAD;1984;gini_pci_rural;0,51066388
Brazil;PNAD;1984;gini_pci_urban;0,56485476
Brazil;PNAD;1984;theil;0,66764251
Brazil;PNAD;1984;wolfson;0,59550349
Brazil;PNAD;1985;a1;0,42865272
Brazil;PNAD;1985;a2;0,77752254
Brazil;PNAD;1985;cv;1,394349
Brazil;PNAD;1985;e0;0,55969273
Brazil;PNAD;1985;gini;0,55104082
Brazil;PNAD;1985;gini_pci_rural;0,51163062
Brazil;PNAD;1985;gini_pci_urban;0,53216021
Brazil;PNAD;1985;theil;0,56609291
Brazil;PNAD;1985;wolfson;0,58896875
Brazil;PNAD;1986;a1;0,46239902
Brazil;PNAD;1986;a2;0,70836107
Brazil;PNAD;1986;cv;2,0803649
Brazil;PNAD;1986;e0;0,62059062
Brazil;PNAD;1986;gini;0,5800741
Brazil;PNAD;1986;gini_pci_rural;0,51790681
Brazil;PNAD;1986;gini_pci_urban;0,56543729
Brazil;PNAD;1986;theil;0,69657053
Brazil;PNAD;1986;wolfson;0,58868308
Brazil;PNAD;1987;a1;0,48234647
Brazil;PNAD;1987;a2;0,72491269
Brazil;PNAD;1987;cv;1,9373885
Brazil;PNAD;1987;e0;0,6584262
Brazil;PNAD;1987;gini;0,59179465
Brazil;PNAD;1987;gini_pci_rural;0,5383217
Brazil;PNAD;1987;gini_pci_urban;0,57139162
Brazil;PNAD;1987;theil;0,71827399
Brazil;PNAD;1987;wolfson;0,61600865
Brazil;PNAD;1988;a1;0,50878158
Brazil;PNAD;1988;a2;0,77471359
Brazil;PNAD;1988;cv;1,9128716
Brazil;PNAD;1988;e0;0,7108085
Brazil;PNAD;1988;gini;0,60925822
Brazil;PNAD;1988;gini_pci_rural;0,55178837
Brazil;PNAD;1988;gini_pci_urban;0,59010659
Brazil;PNAD;1988;theil;0,75888019
Brazil;PNAD;1988;wolfson;0,64508479
Brazil;PNAD;1989;a1;0,53126202
Brazil;PNAD;1989;a2;0,76319398
Brazil;PNAD;1989;cv;3,561835
Brazil;PNAD;1989;e0;0,75819298
Brazil;PNAD;1989;gini;0,6276979
Brazil;PNAD;1989;gini_pci_rural;0,57144872
Brazil;PNAD;1989;gini_pci_urban;0,6131822
Brazil;PNAD;1989;headcount_national_USD2.15;20,403697
Brazil;PNAD;1989;headcount_national_USD3.65;36,41223
Brazil;PNAD;1989;headcount_national_USD6.85;58,338973
Brazil;PNAD;1989;headcount_rural_USD2.15;37,994424
Brazil;PNAD;1989;headcount_rural_USD3.65;59,268111
Brazil;PNAD;1989;headcount_rural_USD6.85;79,901603
Brazil;PNAD;1989;headcount_urban_USD2.15;14,747818
Brazil;PNAD;1989;headcount_urban_USD3.65;29,063467
Brazil;PNAD;1989;headcount_urban_USD6.85;51,406023
Brazil;PNAD;1989;nbi1_headcount_urban;78,142566
Brazil;PNAD;1989;theil;0,86732623
Brazil;PNAD;1989;wolfson;0,68281606
Brazil;PNAD;1990;a1;0,49622758
Brazil;PNAD;1990;a2;0,76881837
Brazil;PNAD;1990;cv;2,0302602
Brazil;PNAD;1990;e0;0,68590726
Brazil;PNAD;1990;gini;0,60181965
Brazil;PNAD;1990;gini_pci_rural;0,53969433
Brazil;PNAD;1990;gini_pci_urban;0,58389279
Brazil;PNAD;1990;headcount_national_USD2.15;23,992811
Brazil;PNAD;1990;headcount_national_USD3.65;41,593523
Brazil;PNAD;1990;headcount_national_USD6.85;63,72832
Brazil;PNAD;1990;headcount_rural_USD2.15;45,088301
Brazil;PNAD;1990;headcount_rural_USD3.65;67,173761
Brazil;PNAD;1990;headcount_rural_USD6.85;85,282548
Brazil;PNAD;1990;headcount_urban_USD2.15;16,916553
Brazil;PNAD;1990;headcount_urban_USD3.65;33,012904
Brazil;PNAD;1990;headcount_urban_USD6.85;56,498183
Brazil;PNAD;1990;nbi1_headcount_urban;77,679596
Brazil;PNAD;1990;theil;0,741524
Brazil;PNAD;1990;wolfson;0,64023716
Brazil;PNADC;2012;a1;0,40523413
Brazil;PNADC;2012;a2;0,63949218
Brazil;PNADC;2012;cv;1,5441087
Brazil;PNADC;2012;e0;0,51951817
Brazil;PNADC;2012;gini;0,53333966
Brazil;PNADC;2012;gini_pci_rural;0,4978041
Brazil;PNADC;2012;gini_pci_urban;0,5250787
Brazil;PNADC;2012;theil;0,5674053
Brazil;PNADC;2012;wolfson;0,48404591
Brazil;PNADC;2013;a1;0,39453165
Brazil;PNADC;2013;a2;0,62392795
Brazil;PNADC;2013;cv;1,4630895
Brazil;PNADC;2013;e0;0,50171389
Brazil;PNADC;2013;gini;0,52605931
Brazil;PNADC;2013;gini_pci_rural;0,48645445
Brazil;PNADC;2013;gini_pci_urban;0,51861276
Brazil;PNADC;2013;theil;0,54391934
Brazil;PNADC;2013;wolfson;0,47890775
Brazil;PNADC;2014;a1;0,38509715
Brazil;PNADC;2014;a2;0,61145788
Brazil;PNADC;2014;cv;1,4346806
Brazil;PNADC;2014;e0;0,48599088
Brazil;PNADC;2014;gini;0,51941255
Brazil;PNADC;2014;gini_pci_rural;0,48745227
Brazil;PNADC;2014;gini_pci_urban;0,51229736
Brazil;PNADC;2014;theil;0,52677969
Brazil;PNADC;2014;wolfson;0,47199902
Brazil;PNADC;2015;a1;0,38541846
Brazil;PNADC;2015;a2;0,61707107
Brazil;PNADC;2015;cv;1,4299775
Brazil;PNADC;2015;e0;0,48716148
Brazil;PNADC;2015;gini;0,51818863
Brazil;PNADC;2015;gini_pci_rural;0,4857495
Brazil;PNADC;2015;gini_pci_urban;0,51155026
Brazil;PNADC;2015;theil;0,52488759
Brazil;PNADC;2015;wolfson;0,47084624
Brazil;PNADC;2016;a1;0,4061405
Brazil;PNADC;2016;a2;0,64578585
Brazil;PNADC;2016;cv;1,5156713
Brazil;PNADC;2016;e0;0,52135558
Brazil;PNADC;2016;gini;0,53237479
Brazil;PNADC;2016;gini_pci_rural;0,49860146
Brazil;PNADC;2016;gini_pci_urban;0,52542206
Brazil;PNADC;2016;theil;0,55744497
Brazil;PNADC;2016;wolfson;0,49127674
Brazil;PNADC;2017;a1;0,40901096
Brazil;PNADC;2017;a2;0,6570375
Brazil;PNADC;2017;cv;1,5772848
Brazil;PNADC;2017;e0;0,5259982
Brazil;PNADC;2017;gini;0,5322829
Brazil;PNADC;2017;gini_pci_rural;0,50119374
Brazil;PNADC;2017;gini_pci_urban;0,52533673
Brazil;PNADC;2017;theil;0,56270414
Brazil;PNADC;2017;wolfson;0,48980142
Brazil;PNADC;2018;a1;0,41649396
Brazil;PNADC;2018;a2;0,66583036
Brazil;PNADC;2018;cv;1,5857227
Brazil;PNADC;2018;e0;0,53885379
Brazil;PNADC;2018;gini;0,53772913
Brazil;PNADC;2018;gini_pci_rural;0,50760345
Brazil;PNADC;2018;gini_pci_urban;0,53037188
Brazil;PNADC;2018;theil;0,57708299
Brazil;PNADC;2018;wolfson;0,49512316
Brazil;PNADC;2019;a1;0,41378347
Brazil;PNADC;2019;a2;0,66840251
Brazil;PNADC;2019;cv;1,5798659
Brazil;PNADC;2019;e0;0,53387844
Brazil;PNADC;2019;gini;0,53376244
Brazil;PNADC;2019;gini_pci_rural;0,50591279
Brazil;PNADC;2019;gini_pci_urban;0,52607525
Brazil;PNADC;2019;theil;0,56830618
Brazil;PNADC;2019;wolfson;0,48473225
Brazil;PNADC;2020;a1;0,34257372
Brazil;PNADC;2020;a2;0,5513617
Brazil;PNADC;2020;cv;1,4493358
Brazil;PNADC;2020;e0;0,41907986
Brazil;PNADC;2020;gini;0,48842019
Brazil;PNADC;2020;gini_pci_rural;0,41705775
Brazil;PNADC;2020;gini_pci_urban;0,48808986
Brazil;PNADC;2020;theil;0,48315625
Brazil;PNADC;2020;wolfson;0,40664801
Brazil;PNADC;2021;a1;0,4146162
Brazil;PNADC;2021;a2;0,67224768
Brazil;PNADC;2021;cv;1,5250596
Brazil;PNADC;2021;e0;0,53582795
Brazil;PNADC;2021;gini;0,53367914
Brazil;PNADC;2021;gini_pci_rural;0,49779362
Brazil;PNADC;2021;gini_pci_urban;0,52888468
Brazil;PNADC;2021;theil;0,55930644
Brazil;PNADC;2021;wolfson;0,49403791
Brazil;PNADC;2022;a1;0,38633196
Brazil;PNADC;2022;a2;0,61800547
Brazil;PNADC;2022;cv;1,6310033
Brazil;PNADC;2022;e0;0,48829208
Brazil;PNADC;2022;gini;0,51913976
Brazil;PNADC;2022;gini_pci_rural;0,48513085
Brazil;PNADC;2022;gini_pci_urban;0,51539482
Brazil;PNADC;2022;theil;0,53647351
Brazil;PNADC;2022;wolfson;0,4729979
Brazil;PNADC;2023;a1;0,38006066
Brazil;PNADC;2023;a2;0,60954109
Brazil;PNADC;2023;cv;1,4868521
Brazil;PNADC;2023;e0;0,47839597
Brazil;PNADC;2023;gini;0,515413
Brazil;PNADC;2023;gini_pci_rural;0,46919683
Brazil;PNADC;2023;gini_pci_urban;0,51274532
Brazil;PNADC;2023;theil;0,52476355
Brazil;PNADC;2023;wolfson;0,46365032
Brazil;With Rural North;2004;a1;0,44814815
Brazil;With Rural North;2004;a2;0,70045339
Brazil;With Rural North;2004;cv;1,7127037
Brazil;With Rural North;2004;e0;0,59417511
Brazil;With Rural North;2004;gini;0,56411148
Brazil;With Rural North;2004;gini_pci_rural;0,51895657
Brazil;With Rural North;2004;gini_pci_urban;0,55472711
Brazil;With Rural North;2004;headcount_national_USD2.15;11,055812
Brazil;With Rural North;2004;headcount_national_USD3.65;24,40952
Brazil;With Rural North;2004;headcount_national_USD6.85;47,337734
Brazil;With Rural North;2004;headcount_rural_USD2.15;23,717197
Brazil;With Rural North;2004;headcount_rural_USD3.65;45,041976
Brazil;With Rural North;2004;headcount_rural_USD6.85;70,676787
Brazil;With Rural North;2004;headcount_urban_USD2.15;8,4103162
Brazil;With Rural North;2004;headcount_urban_USD3.65;20,098532
Brazil;With Rural North;2004;headcount_urban_USD6.85;42,461225
Brazil;With Rural North;2004;nbi1_headcount_urban;67,231854
Brazil;With Rural North;2004;theil;0,6354731
Brazil;With Rural North;2004;wolfson;0,55960551
Brazil;With Rural North;2005;a1;0,44463473
Brazil;With Rural North;2005;a2;0,69297244
Brazil;With Rural North;2005;cv;1,7205631
Brazil;With Rural North;2005;e0;0,58825023
Brazil;With Rural North;2005;gini;0,56246625
Brazil;With Rural North;2005;gini_pci_rural;0,50982541
Brazil;With Rural North;2005;gini_pci_urban;0,55329986
Brazil;With Rural North;2005;headcount_national_USD2.15;9,9629011
Brazil;With Rural North;2005;headcount_national_USD3.65;22,347936
Brazil;With Rural North;2005;headcount_national_USD6.85;45,017971
Brazil;With Rural North;2005;headcount_rural_USD2.15;21,980241
Brazil;With Rural North;2005;headcount_rural_USD3.65;42,856349
Brazil;With Rural North;2005;headcount_rural_USD6.85;69,364317
Brazil;With Rural North;2005;headcount_urban_USD2.15;7,4225883
Brazil;With Rural North;2005;headcount_urban_USD3.65;18,012719
Brazil;With Rural North;2005;headcount_urban_USD6.85;39,871463
Brazil;With Rural North;2005;nbi1_headcount_urban;65,928838
Brazil;With Rural North;2005;theil;0,63544189
Brazil;With Rural North;2005;wolfson;0,54940613
Brazil;With Rural North;2006;a1;0,43546276
Brazil;With Rural North;2006;a2;0,68053349
Brazil;With Rural North;2006;cv;1,6720184
Brazil;With Rural North;2006;e0;0,57150048
Brazil;With Rural North;2006;gini;0,55578756
Brazil;With Rural North;2006;gini_pci_rural;0,50735272
Brazil;With Rural North;2006;gini_pci_urban;0,54670135
Brazil;With Rural North;2006;headcount_national_USD2.15;8,2642356
Brazil;With Rural North;2006;headcount_national_USD3.65;19,40435
Brazil;With Rural North;2006;headcount_national_USD6.85;41,379542
Brazil;With Rural North;2006;headcount_rural_USD2.15;19,921987
Brazil;With Rural North;2006;headcount_rural_USD3.65;38,711335
Brazil;With Rural North;2006;headcount_rural_USD6.85;64,726479
Brazil;With Rural North;2006;headcount_urban_USD2.15;5,8563844
Brazil;With Rural North;2006;headcount_urban_USD3.65;15,416587
Brazil;With Rural North;2006;headcount_urban_USD6.85;36,557347
Brazil;With Rural North;2006;nbi1_headcount_urban;63,978817
Brazil;With Rural North;2006;theil;0,61761256
Brazil;With Rural North;2006;wolfson;0,53746649
Brazil;With Rural North;2007;a1;0,43011745
Brazil;With Rural North;2007;a2;0,70641058
Brazil;With Rural North;2007;cv;1,6162745
Brazil;With Rural North;2007;e0;0,56258755
Brazil;With Rural North;2007;gini;0,54816478
Brazil;With Rural North;2007;gini_pci_rural;0,51440149
Brazil;With Rural North;2007;gini_pci_urban;0,53888977
Brazil;With Rural North;2007;headcount_national_USD2.15;7,870342
Brazil;With Rural North;2007;headcount_national_USD3.65;18,012377
Brazil;With Rural North;2007;headcount_national_USD6.85;39,013388
Brazil;With Rural North;2007;headcount_rural_USD2.15;18,362346
Brazil;With Rural North;2007;headcount_rural_USD3.65;35,839203
Brazil;With Rural North;2007;headcount_rural_USD6.85;62,231723
Brazil;With Rural North;2007;headcount_urban_USD2.15;5,7159719
Brazil;With Rural North;2007;headcount_urban_USD3.65;14,351915
Brazil;With Rural North;2007;headcount_urban_USD6.85;34,245863
Brazil;With Rural North;2007;nbi1_headcount_urban;61,496194
Brazil;With Rural North;2007;theil;0,59787995
Brazil;With Rural North;2007;wolfson;0,52223846
Brazil;With Rural North;2008;a1;0,4163896
Brazil;With Rural North;2008;a2;0,67658132
Brazil;With Rural North;2008;cv;1,6101318
Brazil;With Rural North;2008;e0;0,53844685
Brazil;With Rural North;2008;gini;0,53960243
Brazil;With Rural North;2008;gini_pci_rural;0,50059606
Brazil;With Rural North;2008;gini_pci_urban;0,53074921
Brazil;With Rural North;2008;headcount_national_USD2.15;6,5104016
Brazil;With Rural North;2008;headcount_national_USD3.65;15,689588
Brazil;With Rural North;2008;headcount_national_USD6.85;35,826041
Brazil;With Rural North;2008;headcount_rural_USD2.15;15,813854
Brazil;With Rural North;2008;headcount_rural_USD3.65;33,06791
Brazil;With Rural North;2008;headcount_rural_USD6.85;59,291635
Brazil;With Rural North;2008;headcount_urban_USD2.15;4,6333376
Brazil;With Rural North;2008;headcount_urban_USD3.65;12,183338
Brazil;With Rural North;2008;headcount_urban_USD6.85;31,091624
Brazil;With Rural North;2008;nbi1_headcount_urban;60,213461
Brazil;With Rural North;2008;theil;0,57956694
Brazil;With Rural North;2008;wolfson;0,50863301
Brazil;With Rural North;2009;a1;0,41236088
Brazil;With Rural North;2009;a2;0,67586787
Brazil;With Rural North;2009;cv;1,6127217
Brazil;With Rural North;2009;e0;0,53153017
Brazil;With Rural North;2009;gini;0,53584032
Brazil;With Rural North;2009;gini_pci_rural;0,49358571
Brazil;With Rural North;2009;gini_pci_urban;0,52873024
Brazil;With Rural North;2009;headcount_national_USD2.15;6,1207441
Brazil;With Rural North;2009;headcount_national_USD3.65;14,604086
Brazil;With Rural North;2009;headcount_national_USD6.85;33,807117
Brazil;With Rural North;2009;headcount_rural_USD2.15;14,43495
Brazil;With Rural North;2009;headcount_rural_USD3.65;30,173495
Brazil;With Rural North;2009;headcount_rural_USD6.85;55,883515
Brazil;With Rural North;2009;headcount_urban_USD2.15;4,4723786
Brazil;With Rural North;2009;headcount_urban_USD3.65;11,517311
Brazil;With Rural North;2009;headcount_urban_USD6.85;29,430274
Brazil;With Rural North;2009;nbi1_headcount_urban;60,002622
Brazil;With Rural North;2009;theil;0,57048317
Brazil;With Rural North;2009;wolfson;0,50006423
Brazil;With Rural North;2011;a1;0,40273233
Brazil;With Rural North;2011;a2;0,65365976
Brazil;With Rural North;2011;cv;1,5727026
Brazil;With Rural North;2011;e0;0,51531008
Brazil;With Rural North;2011;gini;0,52822224
Brazil;With Rural North;2011;gini_pci_rural;0,50267879
Brazil;With Rural North;2011;gini_pci_urban;0,51961818
Brazil;With Rural North;2011;headcount_national_USD2.15;5,3239429
Brazil;With Rural North;2011;headcount_national_USD3.65;12,028791
Brazil;With Rural North;2011;headcount_national_USD6.85;29,910526
Brazil;With Rural North;2011;headcount_rural_USD2.15;14,290803
Brazil;With Rural North;2011;headcount_rural_USD3.65;28,020657
Brazil;With Rural North;2011;headcount_rural_USD6.85;52,750771
Brazil;With Rural North;2011;headcount_urban_USD2.15;3,7030813
Brazil;With Rural North;2011;headcount_urban_USD3.65;9,1380799
Brazil;With Rural North;2011;headcount_urban_USD6.85;25,781893
Brazil;With Rural North;2011;nbi1_headcount_urban;56,069934
Brazil;With Rural North;2011;theil;0,55694806
Brazil;With Rural North;2011;wolfson;0,48352208
Brazil;With Rural North;2012;a1;0,39613974
Brazil;With Rural North;2012;a2;0,63602855
Brazil;With Rural North;2012;cv;1,8802167
Brazil;With Rural North;2012;e0;0,50448237
Brazil;With Rural North;2012;gini;0,52477306
Brazil;With Rural North;2012;gini_pci_rural;0,49316192
Brazil;With Rural North;2012;gini_pci_urban;0,51705851
Brazil;With Rural North;2012;headcount_national_USD2.15;4,2942769
Brazil;With Rural North;2012;headcount_national_USD3.65;9,9659617
Brazil;With Rural North;2012;headcount_national_USD6.85;26,692773
Brazil;With Rural North;2012;headcount_rural_USD2.15;11,511529
Brazil;With Rural North;2012;headcount_rural_USD3.65;23,725897
Brazil;With Rural North;2012;headcount_rural_USD6.85;48,871548
Brazil;With Rural North;2012;headcount_urban_USD2.15;2,9942566
Brazil;With Rural North;2012;headcount_urban_USD3.65;7,4874291
Brazil;With Rural North;2012;headcount_urban_USD6.85;22,697783
Brazil;With Rural North;2012;nbi1_headcount_urban;54,654663
Brazil;With Rural North;2012;theil;0,56909216
Brazil;With Rural North;2012;wolfson;0,47155975
Brazil;With Rural North;2013;a1;0,39915795
Brazil;With Rural North;2013;a2;0,65011678
Brazil;With Rural North;2013;cv;1,538961
Brazil;With Rural North;2013;e0;0,50973238
Brazil;With Rural North;2013;gini;0,52624344
Brazil;With Rural North;2013;gini_pci_rural;0,50221212
Brazil;With Rural North;2013;gini_pci_urban;0,51875579
Brazil;With Rural North;2013;headcount_national_USD2.15;4,3624341
Brazil;With Rural North;2013;headcount_national_USD3.65;9,4007536
Brazil;With Rural North;2013;headcount_national_USD6.85;25,086413
Brazil;With Rural North;2013;headcount_rural_USD2.15;11,108395
Brazil;With Rural North;2013;headcount_rural_USD3.65;22,423278
Brazil;With Rural North;2013;headcount_rural_USD6.85;46,622174
Brazil;With Rural North;2013;headcount_urban_USD2.15;3,1869223
Brazil;With Rural North;2013;headcount_urban_USD3.65;7,1315241
Brazil;With Rural North;2013;headcount_urban_USD6.85;21,333716
Brazil;With Rural North;2013;nbi1_headcount_urban;53,820199
Brazil;With Rural North;2013;theil;0,55224509
Brazil;With Rural North;2013;wolfson;0,47409074
Brazil;With Rural North;2014;a1;0,3799115
Brazil;With Rural North;2014;a2;0,61088712
Brazil;With Rural North;2014;cv;1,531627
Brazil;With Rural North;2014;e0;0,47784598
Brazil;With Rural North;2014;gini;0,51394774
Brazil;With Rural North;2014;gini_pci_rural;0,48012591
Brazil;With Rural North;2014;gini_pci_urban;0,50804377
Brazil;With Rural North;2014;headcount_national_USD2.15;3,1479842
Brazil;With Rural North;2014;headcount_national_USD3.65;8,1879978
Brazil;With Rural North;2014;headcount_national_USD6.85;23,176035
Brazil;With Rural North;2014;headcount_rural_USD2.15;9,140388
Brazil;With Rural North;2014;headcount_rural_USD3.65;20,327192
Brazil;With Rural North;2014;headcount_rural_USD6.85;43,225171
Brazil;With Rural North;2014;headcount_urban_USD2.15;2,0963468
Brazil;With Rural North;2014;headcount_urban_USD3.65;6,0576291
Brazil;With Rural North;2014;headcount_urban_USD6.85;19,65751
Brazil;With Rural North;2014;nbi1_headcount_urban;53,797735
Brazil;With Rural North;2014;theil;0,52426875
Brazil;With Rural North;2014;wolfson;0,46258706
Brazil;With Rural North;2015;a1;0,38032801
Brazil;With Rural North;2015;a2;0,61670432
Brazil;With Rural North;2015;cv;1,4615997
Brazil;With Rural North;2015;e0;0,47867579
Brazil;With Rural North;2015;gini;0,51264593
Brazil;With Rural North;2015;gini_pci_rural;0,473853
Brazil;With Rural North;2015;gini_pci_urban;0,50723454
Brazil;With Rural North;2015;headcount_national_USD2.15;3,8798206
Brazil;With Rural North;2015;headcount_national_USD3.65;9,2210258
Brazil;With Rural North;2015;headcount_national_USD6.85;25,004339
Brazil;With Rural North;2015;headcount_rural_USD2.15;10,310912
Brazil;With Rural North;2015;headcount_rural_USD3.65;21,202423
Brazil;With Rural North;2015;headcount_rural_USD6.85;44,893628
Brazil;With Rural North;2015;headcount_urban_USD2.15;2,7237365
Brazil;With Rural North;2015;headcount_urban_USD3.65;7,067192
Brazil;With Rural North;2015;headcount_urban_USD6.85;21,428944
Brazil;With Rural North;2015;nbi1_headcount_urban;51,109682
Brazil;With Rural North;2015;theil;0,51789444
Brazil;With Rural North;2015;wolfson;0,46106538
Chile;New Income Methodology;2000;a1;0,38921682
Chile;New Income Methodology;2000;a2;0,63902192
Chile;New Income Methodology;2000;cv;2,4273746
Chile;New Income Methodology;2000;e0;0,49300634
Chile;New Income Methodology;2000;gini;0,52564312
Chile;New Income Methodology;2000;gini_pci_rural;0,51305952
Chile;New Income Methodology;2000;gini_pci_urban;0,51768055
Chile;New Income Methodology;2000;theil;0,58261704
Chile;New Income Methodology;2000;wolfson;0,46588065
Chile;New Income Methodology;2003;a1;0,37331153
Chile;New Income Methodology;2003;a2;0,63064883
Chile;New Income Methodology;2003;cv;1,9512448
Chile;New Income Methodology;2003;e0;0,46729907
Chile;New Income Methodology;2003;gini;0,51153033
Chile;New Income Methodology;2003;gini_pci_rural;0,46915671
Chile;New Income Methodology;2003;gini_pci_urban;0,50923804
Chile;New Income Methodology;2003;theil;0,55158977
Chile;New Income Methodology;2003;wolfson;0,44782209
Chile;New Income Methodology;2006;a1;0,3235189
Chile;New Income Methodology;2006;a2;0,53189402
Chile;New Income Methodology;2006;cv;1,4779819
Chile;New Income Methodology;2006;e0;0,3908479
Chile;New Income Methodology;2006;gini;0,47651448
Chile;New Income Methodology;2006;gini_pci_rural;0,44758497
Chile;New Income Methodology;2006;gini_pci_urban;0,47489712
Chile;New Income Methodology;2006;theil;0,45707234
Chile;New Income Methodology;2006;wolfson;0,41082895
Chile;New Income Methodology;2009;a1;0,31869591
Chile;New Income Methodology;2009;a2;0,50955831
Chile;New Income Methodology;2009;cv;1,3372332
Chile;New Income Methodology;2009;e0;0,38374423
Chile;New Income Methodology;2009;gini;0,47329383
Chile;New Income Methodology;2009;gini_pci_rural;0,40996077
Chile;New Income Methodology;2009;gini_pci_urban;0,47630367
Chile;New Income Methodology;2009;theil;0,44930125
Chile;New Income Methodology;2009;wolfson;0,40035688
Chile;New Income Methodology;2011;a1;0,31087738
Chile;New Income Methodology;2011;a2;0,49239525
Chile;New Income Methodology;2011;cv;1,2949459
Chile;New Income Methodology;2011;e0;0,37233431
Chile;New Income Methodology;2011;gini;0,46842955
Chile;New Income Methodology;2011;gini_pci_rural;0,41379561
Chile;New Income Methodology;2011;gini_pci_urban;0,47098772
Chile;New Income Methodology;2011;theil;0,43498995
Chile;New Income Methodology;2011;wolfson;0,3974473
Chile;New Income Methodology;2013;a1;0,30915666
Chile;New Income Methodology;2013;a2;0,48520608
Chile;New Income Methodology;2013;cv;1,3666336
Chile;New Income Methodology;2013;e0;0,36984108
Chile;New Income Methodology;2013;gini;0,46791101
Chile;New Income Methodology;2013;gini_pci_rural;0,41277006
Chile;New Income Methodology;2013;gini_pci_urban;0,4700198
Chile;New Income Methodology;2013;theil;0,44110778
Chile;New Income Methodology;2013;wolfson;0,39383676
Chile;New Income Methodology;2015;a1;0,29272566
Chile;New Income Methodology;2015;a2;0,46792047
Chile;New Income Methodology;2015;cv;1,3135722
Chile;New Income Methodology;2015;e0;0,34633569
Chile;New Income Methodology;2015;gini;0,45305789
Chile;New Income Methodology;2015;gini_pci_rural;0,40154048
Chile;New Income Methodology;2015;gini_pci_urban;0,45585899
Chile;New Income Methodology;2015;theil;0,41152438
Chile;New Income Methodology;2015;wolfson;0,37935896
Chile;New Income Methodology;2017;a1;0,29150974
Chile;New Income Methodology;2017;a2;0,46571162
Chile;New Income Methodology;2017;cv;1,3760721
Chile;New Income Methodology;2017;e0;0,34461833
Chile;New Income Methodology;2017;gini;0,45211213
Chile;New Income Methodology;2017;gini_pci_rural;0,44291216
Chile;New Income Methodology;2017;gini_pci_urban;0,45110203
Chile;New Income Methodology;2017;theil;0,41590633
Chile;New Income Methodology;2017;wolfson;0,37398685
Chile;New Income Methodology;2020;a1;0,31705675
Chile;New Income Methodology;2020;a2;0,57153641
Chile;New Income Methodology;2020;cv;2,2760681
Chile;New Income Methodology;2020;e0;0,38133937
Chile;New Income Methodology;2020;gini;0,46763609
Chile;New Income Methodology;2020;gini_pci_rural;0,44005291
Chile;New Income Methodology;2020;gini_pci_urban;0,46950909
Chile;New Income Methodology;2020;theil;0,45293616
Chile;New Income Methodology;2020;wolfson;0,40680191
Chile;New Income Methodology;2022;a1;0,26771351
Chile;New Income Methodology;2022;a2;0,45735222
Chile;New Income Methodology;2022;cv;1,1461272
Chile;New Income Methodology;2022;e0;0,31158193
Chile;New Income Methodology;2022;gini;0,42959859
Chile;New Income Methodology;2022;gini_pci_rural;0,36863131
Chile;New Income Methodology;2022;gini_pci_urban;0,43452888
Chile;New Income Methodology;2022;theil;0,35622622
Chile;New Income Methodology;2022;wolfson;0,35978829
Chile;;1987;a1;0,43428747
Chile;;1987;a2;0,93416011
Chile;;1987;cv;1,6757972
Chile;;1987;e0;0,56946365
Chile;;1987;gini;0,56094333
Chile;;1987;gini_pci_rural;0,47400914
Chile;;1987;gini_pci_urban;0,56139717
Chile;;1987;headcount_national_USD2.15;15,380129
Chile;;1987;headcount_national_USD3.65;34,781301
Chile;;1987;headcount_national_USD6.85;62,123281
Chile;;1987;headcount_rural_USD2.15;20,651337
Chile;;1987;headcount_rural_USD3.65;49,67921
Chile;;1987;headcount_rural_USD6.85;79,696776
Chile;;1987;headcount_urban_USD2.15;14,085343
Chile;;1987;headcount_urban_USD3.65;31,121873
Chile;;1987;headcount_urban_USD6.85;57,806638
Chile;;1987;nbi1_headcount_urban;57,060529
Chile;;1987;theil;0,63644431
Chile;;1987;wolfson;0,54409414
Chile;;1990;a1;0,44418987
Chile;;1990;a2;0,68768971
Chile;;1990;cv;1,9870575
Chile;;1990;e0;0,58753128
Chile;;1990;gini;0,57129916
Chile;;1990;gini_pci_rural;0,59696089
Chile;;1990;gini_pci_urban;0,56212604
Chile;;1990;headcount_national_USD2.15;10,668008
Chile;;1990;headcount_national_USD3.65;28,133481
Chile;;1990;headcount_national_USD6.85;56,014596
Chile;;1990;headcount_rural_USD2.15;15,470642
Chile;;1990;headcount_rural_USD3.65;37,95089
Chile;;1990;headcount_rural_USD6.85;69,034846
Chile;;1990;headcount_urban_USD2.15;9,5720544
Chile;;1990;headcount_urban_USD3.65;25,893165
Chile;;1990;headcount_urban_USD6.85;53,043396
Chile;;1990;nbi1_headcount_urban;56,403548
Chile;;1990;theil;0,69851454
Chile;;1990;wolfson;0,53839911
Chile;;1992;a1;0,40879969
Chile;;1992;a2;0,6149941
Chile;;1992;cv;1,8003083
Chile;;1992;e0;0,52577393
Chile;;1992;gini;0,54669567
Chile;;1992;gini_pci_rural;0,50821952
Chile;;1992;gini_pci_urban;0,54619967
Chile;;1992;headcount_national_USD2.15;6,8347654
Chile;;1992;headcount_national_USD3.65;21,620692
Chile;;1992;headcount_national_USD6.85;50,665294
Chile;;1992;headcount_rural_USD2.15;9,7266647
Chile;;1992;headcount_rural_USD3.65;31,4543
Chile;;1992;headcount_rural_USD6.85;66,169269
Chile;;1992;headcount_urban_USD2.15;6,2725461
Chile;;1992;headcount_urban_USD3.65;19,708922
Chile;;1992;headcount_urban_USD6.85;47,651138
Chile;;1992;theil;0,63884035
Chile;;1992;wolfson;0,49477813
Chile;;1994;a1;0,43277807
Chile;;1994;a2;0,65203959
Chile;;1994;cv;2,8945635
Chile;;1994;e0;0,56720564
Chile;;1994;gini;0,56266479
Chile;;1994;gini_pci_rural;0,52269915
Chile;;1994;gini_pci_urban;0,55928888
Chile;;1994;headcount_national_USD2.15;6,7974642
Chile;;1994;headcount_national_USD3.65;20,213692
Chile;;1994;headcount_national_USD6.85;47,091737
Chile;;1994;headcount_rural_USD2.15;10,745879
Chile;;1994;headcount_rural_USD3.65;31,017493
Chile;;1994;headcount_rural_USD6.85;66,30848
Chile;;1994;headcount_urban_USD2.15;6,0119578
Chile;;1994;headcount_urban_USD3.65;18,06436
Chile;;1994;headcount_urban_USD6.85;43,268715
Chile;;1994;theil;0,72204503
Chile;;1994;wolfson;0,52477409
Chile;;1996;a1;0,41354499
Chile;;1996;a2;0,63881742
Chile;;1996;cv;1,770165
Chile;;1996;e0;0,53339278
Chile;;1996;gini;0,54811719
Chile;;1996;gini_pci_rural;0,49411974
Chile;;1996;gini_pci_urban;0,54344871
Chile;;1996;headcount_national_USD2.15;4,6644677
Chile;;1996;headcount_national_USD3.65;16,204704
Chile;;1996;headcount_national_USD6.85;41,366704
Chile;;1996;headcount_rural_USD2.15;9,4052831
Chile;;1996;headcount_rural_USD3.65;29,624097
Chile;;1996;headcount_rural_USD6.85;64,623824
Chile;;1996;headcount_urban_USD2.15;3,8023957
Chile;;1996;headcount_urban_USD3.65;13,764515
Chile;;1996;headcount_urban_USD6.85;37,137619
Chile;;1996;nbi1_headcount_urban;37,988197
Chile;;1996;theil;0,62158907
Chile;;1996;wolfson;0,51444831
Chile;;1998;a1;0,42309018
Chile;;1998;a2;0,65591053
Chile;;1998;cv;1,8615144
Chile;;1998;e0;0,54981947
Chile;;1998;gini;0,55441337
Chile;;1998;gini_pci_rural;0,49478017
Chile;;1998;gini_pci_urban;0,55126956
Chile;;1998;headcount_national_USD2.15;4,5866967
Chile;;1998;headcount_national_USD3.65;14,862622
Chile;;1998;headcount_national_USD6.85;38,928998
Chile;;1998;headcount_rural_USD2.15;7,9056082
Chile;;1998;headcount_rural_USD3.65;25,955725
Chile;;1998;headcount_rural_USD6.85;59,267934
Chile;;1998;headcount_urban_USD2.15;4,0640056
Chile;;1998;headcount_urban_USD3.65;13,115583
Chile;;1998;headcount_urban_USD6.85;35,725846
Chile;;1998;nbi1_headcount_urban;36,5487
Chile;;1998;theil;0,64458566
Chile;;1998;wolfson;0,51832892
Chile;;2000;headcount_national_USD2.15;6,2003671
Chile;;2000;headcount_national_USD3.65;16,564959
Chile;;2000;headcount_national_USD6.85;42,138798
Chile;;2000;headcount_rural_USD2.15;11,792901
Chile;;2000;headcount_rural_USD3.65;29,930926
Chile;;2000;headcount_rural_USD6.85;65,659048
Chile;;2000;headcount_urban_USD2.15;5,3189362
Chile;;2000;headcount_urban_USD3.65;14,458369
Chile;;2000;headcount_urban_USD6.85;38,431807
Chile;;2000;nbi1_headcount_urban;33,425241
Chile;;2003;headcount_national_USD2.15;5,9035294
Chile;;2003;headcount_national_USD3.65;15,8305
Chile;;2003;headcount_national_USD6.85;41,475167
Chile;;2003;headcount_rural_USD2.15;9,545882
Chile;;2003;headcount_rural_USD3.65;25,36368
Chile;;2003;headcount_rural_USD6.85;59,692834
Chile;;2003;headcount_urban_USD2.15;5,3538337
Chile;;2003;headcount_urban_USD3.65;14,391773
Chile;;2003;headcount_urban_USD6.85;38,725798
Chile;;2003;nbi1_headcount_urban;37,096403
Chile;;2006;headcount_national_USD2.15;2,0453675
Chile;;2006;headcount_national_USD3.65;7,5984693
Chile;;2006;headcount_national_USD6.85;29,070267
Chile;;2006;headcount_rural_USD2.15;3,2681857
Chile;;2006;headcount_rural_USD3.65;12,148583
Chile;;2006;headcount_rural_USD6.85;42,63545
Chile;;2006;headcount_urban_USD2.15;1,8653297
Chile;;2006;headcount_urban_USD3.65;6,9285478
Chile;;2006;headcount_urban_USD6.85;27,07304
Chile;;2006;nbi1_headcount_urban;31,853868
Chile;;2009;headcount_national_USD2.15;1,6663069
Chile;;2009;headcount_national_USD3.65;5,536884
Chile;;2009;headcount_national_USD6.85;24,411875
Chile;;2009;headcount_rural_USD2.15;2,5600512
Chile;;2009;headcount_rural_USD3.65;8,4684953
Chile;;2009;headcount_rural_USD6.85;33,4789
Chile;;2009;headcount_urban_USD2.15;1,5380514
Chile;;2009;headcount_urban_USD3.65;5,116187
Chile;;2009;headcount_urban_USD6.85;23,110724
Chile;;2009;nbi1_headcount_urban;27,614526
Chile;;2011;headcount_national_USD2.15;0,90387512
Chile;;2011;headcount_national_USD3.65;3,8553641
Chile;;2011;headcount_national_USD6.85;20,913894
Chile;;2011;headcount_rural_USD2.15;1,365452
Chile;;2011;headcount_rural_USD3.65;5,4362954
Chile;;2011;headcount_rural_USD6.85;27,391243
Chile;;2011;headcount_urban_USD2.15;0,83915986
Chile;;2011;headcount_urban_USD3.65;3,63371
Chile;;2011;headcount_urban_USD6.85;20,005739
Chile;;2011;nbi1_headcount_urban;24,51649
Chile;;2013;headcount_national_USD2.15;0,51711923
Chile;;2013;headcount_national_USD3.65;1,9575598
Chile;;2013;headcount_national_USD6.85;12,488173
Chile;;2013;headcount_rural_USD2.15;0,60571461
Chile;;2013;headcount_rural_USD3.65;3,0499874
Chile;;2013;headcount_rural_USD6.85;17,757458
Chile;;2013;headcount_urban_USD2.15;0,50489444
Chile;;2013;headcount_urban_USD3.65;1,8068217
Chile;;2013;headcount_urban_USD6.85;11,761093
Chile;;2013;nbi1_headcount_urban;20,271058
Chile;;2015;headcount_national_USD2.15;0,4292806
Chile;;2015;headcount_national_USD3.65;1,5461362
Chile;;2015;headcount_national_USD6.85;9,7346284
Chile;;2015;headcount_rural_USD2.15;0,61367476
Chile;;2015;headcount_rural_USD3.65;2,0066063
Chile;;2015;headcount_rural_USD6.85;12,822847
Chile;;2015;headcount_urban_USD2.15;0,40422706
Chile;;2015;headcount_urban_USD3.65;1,4835724
Chile;;2015;headcount_urban_USD6.85;9,3150337
Chile;;2015;nbi1_headcount_urban;19,287465
Chile;;2017;headcount_national_USD2.15;0,35970792
Chile;;2017;headcount_national_USD3.65;1,0341494
Chile;;2017;headcount_national_USD6.85;7,4741008
Chile;;2017;headcount_rural_USD2.15;0,18555303
Chile;;2017;headcount_rural_USD3.65;1,1176172
Chile;;2017;headcount_rural_USD6.85;9,7614113
Chile;;2017;headcount_urban_USD2.15;0,38306229
Chile;;2017;headcount_urban_USD3.65;1,0229562
Chile;;2017;headcount_urban_USD6.85;7,1673698
Chile;;2017;nbi1_headcount_urban;19,098815
Chile;;2020;headcount_national_USD2.15;1,3415734
Chile;;2020;headcount_national_USD3.65;2,7032576
Chile;;2020;headcount_national_USD6.85;9,8847672
Chile;;2020;headcount_rural_USD2.15;0,58243746
Chile;;2020;headcount_rural_USD3.65;2,2860681
Chile;;2020;headcount_rural_USD6.85;9,909887
Chile;;2020;headcount_urban_USD2.15;1,4400862
Chile;;2020;headcount_urban_USD3.65;2,7573961
Chile;;2020;headcount_urban_USD6.85;9,8815074
Chile;;2020;nbi1_headcount_urban;19,83919
Chile;;2022;headcount_national_USD2.15;0,39506757
Chile;;2022;headcount_national_USD3.65;0,87066093
Chile;;2022;headcount_national_USD6.85;4,7183733
Chile;;2022;headcount_rural_USD2.15;0,2419918
Chile;;2022;headcount_rural_USD3.65;0,77699997
Chile;;2022;headcount_rural_USD6.85;5,1018197
Chile;;2022;headcount_urban_USD2.15;0,41456458
Chile;;2022;headcount_urban_USD3.65;0,88259037
Chile;;2022;headcount_urban_USD6.85;4,6695344
Chile;;2022;nbi1_headcount_urban;16,680314
Colombia;ECH-National;2001;a1;0,44985867
Colombia;ECH-National;2001;a2;0,73185335
Colombia;ECH-National;2001;cv;1,8361129
Colombia;ECH-National;2001;e0;0,59772205
Colombia;ECH-National;2001;gini;0,56197817
Colombia;ECH-National;2001;gini_pci_rural;0,49489875
Colombia;ECH-National;2001;gini_pci_urban;0,55722029
Colombia;ECH-National;2001;theil;0,6677927
Colombia;ECH-National;2001;wolfson;0,50112796
Colombia;ECH-National;2002;a1;0,43623937
Colombia;ECH-National;2002;a2;0,68670911
Colombia;ECH-National;2002;cv;2,1606326
Colombia;ECH-National;2002;e0;0,57315219
Colombia;ECH-National;2002;gini;0,5594712
Colombia;ECH-National;2002;gini_pci_rural;0,51993564
Colombia;ECH-National;2002;gini_pci_urban;0,53923495
Colombia;ECH-National;2002;headcount_national_USD2.15;14,178108
Colombia;ECH-National;2002;headcount_national_USD3.65;30,921073
Colombia;ECH-National;2002;headcount_national_USD6.85;57,666715
Colombia;ECH-National;2002;headcount_rural_USD2.15;30,764383
Colombia;ECH-National;2002;headcount_rural_USD3.65;55,504735
Colombia;ECH-National;2002;headcount_rural_USD6.85;83,251363
Colombia;ECH-National;2002;headcount_urban_USD2.15;8,3690585
Colombia;ECH-National;2002;headcount_urban_USD3.65;22,31108
Colombia;ECH-National;2002;headcount_urban_USD6.85;48,706145
Colombia;ECH-National;2002;nbi1_headcount_urban;38,212889
Colombia;ECH-National;2002;theil;0,67297303
Colombia;ECH-National;2002;wolfson;0,52432782
Colombia;ECH-National;2003;a1;0,40472199
Colombia;ECH-National;2003;a2;0,64414256
Colombia;ECH-National;2003;cv;1,5713514
Colombia;ECH-National;2003;e0;0,51852062
Colombia;ECH-National;2003;gini;0,53481684
Colombia;ECH-National;2003;gini_pci_rural;0,44115844
Colombia;ECH-National;2003;gini_pci_urban;0,52441677
Colombia;ECH-National;2003;headcount_national_USD2.15;13,005038
Colombia;ECH-National;2003;headcount_national_USD3.65;29,333113
Colombia;ECH-National;2003;headcount_national_USD6.85;57,970548
Colombia;ECH-National;2003;headcount_rural_USD2.15;25,678246
Colombia;ECH-National;2003;headcount_rural_USD3.65;49,37767
Colombia;ECH-National;2003;headcount_rural_USD6.85;81,326102
Colombia;ECH-National;2003;headcount_urban_USD2.15;8,6324425
Colombia;ECH-National;2003;headcount_urban_USD3.65;22,417204
Colombia;ECH-National;2003;headcount_urban_USD6.85;49,912257
Colombia;ECH-National;2003;nbi1_headcount_urban;38,153651
Colombia;ECH-National;2003;theil;0,57438306
Colombia;ECH-National;2003;wolfson;0,48795658
Colombia;ECH-National;2004;a1;0,41743408
Colombia;ECH-National;2004;a2;0,64253332
Colombia;ECH-National;2004;cv;1,7164644
Colombia;ECH-National;2004;e0;0,54016526
Colombia;ECH-National;2004;gini;0,54938992
Colombia;ECH-National;2004;gini_pci_rural;0,42725336
Colombia;ECH-National;2004;gini_pci_urban;0,54078028
Colombia;ECH-National;2004;headcount_national_USD2.15;12,00756
Colombia;ECH-National;2004;headcount_national_USD3.65;28,822426
Colombia;ECH-National;2004;headcount_national_USD6.85;57,346777
Colombia;ECH-National;2004;headcount_rural_USD2.15;23,850649
Colombia;ECH-National;2004;headcount_rural_USD3.65;49,931487
Colombia;ECH-National;2004;headcount_rural_USD6.85;81,812777
Colombia;ECH-National;2004;headcount_urban_USD2.15;7,9716269
Colombia;ECH-National;2004;headcount_urban_USD3.65;21,628799
Colombia;ECH-National;2004;headcount_urban_USD6.85;49,009159
Colombia;ECH-National;2004;nbi1_headcount_urban;36,259761
Colombia;ECH-National;2004;theil;0,62616036
Colombia;ECH-National;2004;wolfson;0,50771285
Colombia;ECH-National;2005;a1;0,40668731
Colombia;ECH-National;2005;a2;0,63256298
Colombia;ECH-National;2005;cv;1,6700631
Colombia;ECH-National;2005;e0;0,52248006
Colombia;ECH-National;2005;gini;0,53863842
Colombia;ECH-National;2005;gini_pci_rural;0,4325744
Colombia;ECH-National;2005;gini_pci_urban;0,52399712
Colombia;ECH-National;2005;headcount_national_USD2.15;10,736817
Colombia;ECH-National;2005;headcount_national_USD3.65;25,634961
Colombia;ECH-National;2005;headcount_national_USD6.85;53,523699
Colombia;ECH-National;2005;headcount_rural_USD2.15;24,327013
Colombia;ECH-National;2005;headcount_rural_USD3.65;49,908364
Colombia;ECH-National;2005;headcount_rural_USD6.85;80,912955
Colombia;ECH-National;2005;headcount_urban_USD2.15;6,1957834
Colombia;ECH-National;2005;headcount_urban_USD3.65;17,524237
Colombia;ECH-National;2005;headcount_urban_USD6.85;44,371843
Colombia;ECH-National;2005;nbi1_headcount_urban;33,69987
Colombia;ECH-National;2005;theil;0,59343953
Colombia;ECH-National;2005;wolfson;0,4944023
Colombia;GEIH-National;2008;a1;0,43161068
Colombia;GEIH-National;2008;a2;0,68876504
Colombia;GEIH-National;2008;cv;1,6863449
Colombia;GEIH-National;2008;e0;0,5651142
Colombia;GEIH-National;2008;gini;0,55138684
Colombia;GEIH-National;2008;gini_pci_rural;0,47610898
Colombia;GEIH-National;2008;gini_pci_urban;0,53649951
Colombia;GEIH-National;2008;headcount_national_USD2.15;11,025089
Colombia;GEIH-National;2008;headcount_national_USD3.65;24,061386
Colombia;GEIH-National;2008;headcount_national_USD6.85;48,503174
Colombia;GEIH-National;2008;headcount_rural_USD2.15;23,445654
Colombia;GEIH-National;2008;headcount_rural_USD3.65;45,477063
Colombia;GEIH-National;2008;headcount_rural_USD6.85;74,80905
Colombia;GEIH-National;2008;headcount_urban_USD2.15;7,2435427
Colombia;GEIH-National;2008;headcount_urban_USD3.65;17,541202
Colombia;GEIH-National;2008;headcount_urban_USD6.85;40,494127
Colombia;GEIH-National;2008;nbi1_headcount_urban;53,114279
Colombia;GEIH-National;2008;theil;0,6142511
Colombia;GEIH-National;2008;wolfson;0,52585365
Colombia;GEIH-National;2009;a1;0,4162656
Colombia;GEIH-National;2009;a2;0,67290478
Colombia;GEIH-National;2009;cv;1,6358192
Colombia;GEIH-National;2009;e0;0,53856449
Colombia;GEIH-National;2009;gini;0,54149887
Colombia;GEIH-National;2009;gini_pci_rural;0,45829272
Colombia;GEIH-National;2009;gini_pci_urban;0,52863701
Colombia;GEIH-National;2009;headcount_national_USD2.15;9,6189193
Colombia;GEIH-National;2009;headcount_national_USD3.65;22,279799
Colombia;GEIH-National;2009;headcount_national_USD6.85;47,306278
Colombia;GEIH-National;2009;headcount_rural_USD2.15;19,452285
Colombia;GEIH-National;2009;headcount_rural_USD3.65;42,029502
Colombia;GEIH-National;2009;headcount_rural_USD6.85;72,960088
Colombia;GEIH-National;2009;headcount_urban_USD2.15;6,4967296
Colombia;GEIH-National;2009;headcount_urban_USD3.65;16,009075
Colombia;GEIH-National;2009;headcount_urban_USD6.85;39,160944
Colombia;GEIH-National;2009;nbi1_headcount_urban;53,37494
Colombia;GEIH-National;2009;theil;0,59320014
Colombia;GEIH-National;2009;wolfson;0,51154789
Colombia;GEIH-National;2010;a1;0,41808695
Colombia;GEIH-National;2010;a2;0,65870789
Colombia;GEIH-National;2010;cv;1,7214178
Colombia;GEIH-National;2010;e0;0,54130576
Colombia;GEIH-National;2010;gini;0,54496164
Colombia;GEIH-National;2010;gini_pci_rural;0,46101742
Colombia;GEIH-National;2010;gini_pci_urban;0,53244242
Colombia;GEIH-National;2010;headcount_national_USD2.15;8,2960229
Colombia;GEIH-National;2010;headcount_national_USD3.65;20,01104
Colombia;GEIH-National;2010;headcount_national_USD6.85;44,591416
Colombia;GEIH-National;2010;headcount_rural_USD2.15;17,207128
Colombia;GEIH-National;2010;headcount_rural_USD3.65;38,19051
Colombia;GEIH-National;2010;headcount_rural_USD6.85;70,29188
Colombia;GEIH-National;2010;headcount_urban_USD2.15;5,5026807
Colombia;GEIH-National;2010;headcount_urban_USD3.65;14,312366
Colombia;GEIH-National;2010;headcount_urban_USD6.85;36,535154
Colombia;GEIH-National;2010;nbi1_headcount_urban;53,359539
Colombia;GEIH-National;2010;theil;0,6069817
Colombia;GEIH-National;2010;wolfson;0,51437191
Colombia;GEIH-National;2011;a1;0,4037189
Colombia;GEIH-National;2011;a2;0,64757226
Colombia;GEIH-National;2011;cv;1,6414468
Colombia;GEIH-National;2011;e0;0,51707038
Colombia;GEIH-National;2011;gini;0,53396838
Colombia;GEIH-National;2011;gini_pci_rural;0,45296024
Colombia;GEIH-National;2011;gini_pci_urban;0,52113067
Colombia;GEIH-National;2011;headcount_national_USD2.15;6,8281505
Colombia;GEIH-National;2011;headcount_national_USD3.65;17,93603
Colombia;GEIH-National;2011;headcount_national_USD6.85;41,648113
Colombia;GEIH-National;2011;headcount_rural_USD2.15;14,597981
Colombia;GEIH-National;2011;headcount_rural_USD3.65;35,454937
Colombia;GEIH-National;2011;headcount_rural_USD6.85;67,876847
Colombia;GEIH-National;2011;headcount_urban_USD2.15;4,4157917
Colombia;GEIH-National;2011;headcount_urban_USD3.65;12,4968
Colombia;GEIH-National;2011;headcount_urban_USD6.85;33,504677
Colombia;GEIH-National;2011;nbi1_headcount_urban;52,132937
Colombia;GEIH-National;2011;theil;0,5782671
Colombia;GEIH-National;2011;wolfson;0,50070597
Colombia;GEIH-National;2012;a1;0,39490976
Colombia;GEIH-National;2012;a2;0,64242639
Colombia;GEIH-National;2012;cv;1,5497547
Colombia;GEIH-National;2012;e0;0,50257276
Colombia;GEIH-National;2012;gini;0,52530045
Colombia;GEIH-National;2012;gini_pci_rural;0,46095633
Colombia;GEIH-National;2012;gini_pci_urban;0,50940376
Colombia;GEIH-National;2012;headcount_national_USD2.15;6,7151167
Colombia;GEIH-National;2012;headcount_national_USD3.65;16,779212
Colombia;GEIH-National;2012;headcount_national_USD6.85;39,776169
Colombia;GEIH-National;2012;headcount_rural_USD2.15;15,094402
Colombia;GEIH-National;2012;headcount_rural_USD3.65;34,422032
Colombia;GEIH-National;2012;headcount_rural_USD6.85;67,097531
Colombia;GEIH-National;2012;headcount_urban_USD2.15;4,1479322
Colombia;GEIH-National;2012;headcount_urban_USD3.65;11,373933
Colombia;GEIH-National;2012;headcount_urban_USD6.85;31,405649
Colombia;GEIH-National;2012;nbi1_headcount_urban;50,646563
Colombia;GEIH-National;2012;theil;0,55043268
Colombia;GEIH-National;2012;wolfson;0,49234338
Colombia;GEIH-National;2013;a1;0,39510891
Colombia;GEIH-National;2013;a2;0,64891315
Colombia;GEIH-National;2013;cv;1,5884772
Colombia;GEIH-National;2013;e0;0,50269969
Colombia;GEIH-National;2013;gini;0,52518343
Colombia;GEIH-National;2013;gini_pci_rural;0,4402562
Colombia;GEIH-National;2013;gini_pci_urban;0,51165949
Colombia;GEIH-National;2013;headcount_national_USD2.15;6,1117009
Colombia;GEIH-National;2013;headcount_national_USD3.65;15,337523
Colombia;GEIH-National;2013;headcount_national_USD6.85;37,623813
Colombia;GEIH-National;2013;headcount_rural_USD2.15;13,417881
Colombia;GEIH-National;2013;headcount_rural_USD3.65;31,143787
Colombia;GEIH-National;2013;headcount_rural_USD6.85;64,212525
Colombia;GEIH-National;2013;headcount_urban_USD2.15;3,8881288
Colombia;GEIH-National;2013;headcount_urban_USD3.65;10,527025
Colombia;GEIH-National;2013;headcount_urban_USD6.85;29,531771
Colombia;GEIH-National;2013;nbi1_headcount_urban;49,575025
Colombia;GEIH-National;2013;theil;0,5542004
Colombia;GEIH-National;2013;wolfson;0,48596772
Colombia;GEIH-National;2014;a1;0,39274136
Colombia;GEIH-National;2014;a2;0,63976468
Colombia;GEIH-National;2014;cv;1,6381878
Colombia;GEIH-National;2014;e0;0,49910611
Colombia;GEIH-National;2014;gini;0,52420085
Colombia;GEIH-National;2014;gini_pci_rural;0,45552153
Colombia;GEIH-National;2014;gini_pci_urban;0,50904858
Colombia;GEIH-National;2014;headcount_national_USD2.15;5,4313827
Colombia;GEIH-National;2014;headcount_national_USD3.65;14,272863
Colombia;GEIH-National;2014;headcount_national_USD6.85;35,428488
Colombia;GEIH-National;2014;headcount_rural_USD2.15;12,548075
Colombia;GEIH-National;2014;headcount_rural_USD3.65;30,752448
Colombia;GEIH-National;2014;headcount_rural_USD6.85;62,347191
Colombia;GEIH-National;2014;headcount_urban_USD2.15;3,2834552
Colombia;GEIH-National;2014;headcount_urban_USD3.65;9,2990704
Colombia;GEIH-National;2014;headcount_urban_USD6.85;27,304008
Colombia;GEIH-National;2014;nbi1_headcount_urban;48,345292
Colombia;GEIH-National;2014;theil;0,5538941
Colombia;GEIH-National;2014;wolfson;0,48414734
Colombia;GEIH-National;2015;a1;0,372729
Colombia;GEIH-National;2015;a2;0,61456624
Colombia;GEIH-National;2015;cv;1,4853623
Colombia;GEIH-National;2015;e0;0,46634537
Colombia;GEIH-National;2015;gini;0,50860301
Colombia;GEIH-National;2015;gini_pci_rural;0,44892702
Colombia;GEIH-National;2015;gini_pci_urban;0,49322877
Colombia;GEIH-National;2015;headcount_national_USD2.15;4,925476
Colombia;GEIH-National;2015;headcount_national_USD3.65;12,986654
Colombia;GEIH-National;2015;headcount_national_USD6.85;34,59511
Colombia;GEIH-National;2015;headcount_rural_USD2.15;11,381742
Colombia;GEIH-National;2015;headcount_rural_USD3.65;28,053093
Colombia;GEIH-National;2015;headcount_rural_USD6.85;61,086115
Colombia;GEIH-National;2015;headcount_urban_USD2.15;2,9956825
Colombia;GEIH-National;2015;headcount_urban_USD3.65;8,4832597
Colombia;GEIH-National;2015;headcount_urban_USD6.85;26,676886
Colombia;GEIH-National;2015;nbi1_headcount_urban;47,486206
Colombia;GEIH-National;2015;theil;0,51518022
Colombia;GEIH-National;2015;wolfson;0,46568047
Colombia;GEIH-National;2016;a1;0,36781456
Colombia;GEIH-National;2016;a2;0,61690502
Colombia;GEIH-National;2016;cv;1,4790323
Colombia;GEIH-National;2016;e0;0,45814795
Colombia;GEIH-National;2016;gini;0,50434968
Colombia;GEIH-National;2016;gini_pci_rural;0,4502836
Colombia;GEIH-National;2016;gini_pci_urban;0,49126337
Colombia;GEIH-National;2016;headcount_national_USD2.15;4,9135302
Colombia;GEIH-National;2016;headcount_national_USD3.65;12,868622
Colombia;GEIH-National;2016;headcount_national_USD6.85;34,348891
Colombia;GEIH-National;2016;headcount_rural_USD2.15;10,608156
Colombia;GEIH-National;2016;headcount_rural_USD3.65;26,798981
Colombia;GEIH-National;2016;headcount_rural_USD6.85;59,073449
Colombia;GEIH-National;2016;headcount_urban_USD2.15;3,2243049
Colombia;GEIH-National;2016;headcount_urban_USD3.65;8,7363897
Colombia;GEIH-National;2016;headcount_urban_USD6.85;27,014722
Colombia;GEIH-National;2016;nbi1_headcount_urban;45,336486
Colombia;GEIH-National;2016;theil;0,50926181
Colombia;GEIH-National;2016;wolfson;0,45222813
Colombia;GEIH-National;2017;a1;0,3552712
Colombia;GEIH-National;2017;a2;0,59220009
Colombia;GEIH-National;2017;cv;1,4043043
Colombia;GEIH-National;2017;e0;0,43852906
Colombia;GEIH-National;2017;gini;0,49560105
Colombia;GEIH-National;2017;gini_pci_rural;0,44687541
Colombia;GEIH-National;2017;gini_pci_urban;0,48344339
Colombia;GEIH-National;2017;headcount_national_USD2.15;4,3394601
Colombia;GEIH-National;2017;headcount_national_USD3.65;12,118529
Colombia;GEIH-National;2017;headcount_national_USD6.85;33,704223
Colombia;GEIH-National;2017;headcount_rural_USD2.15;9,3370389
Colombia;GEIH-National;2017;headcount_rural_USD3.65;24,856263
Colombia;GEIH-National;2017;headcount_rural_USD6.85;57,207822
Colombia;GEIH-National;2017;headcount_urban_USD2.15;2,8687176
Colombia;GEIH-National;2017;headcount_urban_USD3.65;8,3699285
Colombia;GEIH-National;2017;headcount_urban_USD6.85;26,787325
Colombia;GEIH-National;2017;nbi1_headcount_urban;43,620537
Colombia;GEIH-National;2017;theil;0,48596093
Colombia;GEIH-National;2017;wolfson;0,44391562
Colombia;GEIH-National;2018;a1;0,36445861
Colombia;GEIH-National;2018;a2;0,6001546
Colombia;GEIH-National;2018;cv;1,4874549
Colombia;GEIH-National;2018;e0;0,45329571
Colombia;GEIH-National;2018;gini;0,5026975
Colombia;GEIH-National;2018;gini_pci_rural;0,43512395
Colombia;GEIH-National;2018;gini_pci_urban;0,4919553
Colombia;GEIH-National;2018;headcount_national_USD2.15;4,4982611
Colombia;GEIH-National;2018;headcount_national_USD3.65;12,227751
Colombia;GEIH-National;2018;headcount_national_USD6.85;33,934361
Colombia;GEIH-National;2018;headcount_rural_USD2.15;9,750945
Colombia;GEIH-National;2018;headcount_rural_USD3.65;25,076179
Colombia;GEIH-National;2018;headcount_rural_USD6.85;57,578409
Colombia;GEIH-National;2018;headcount_urban_USD2.15;2,963089
Colombia;GEIH-National;2018;headcount_urban_USD3.65;8,4726134
Colombia;GEIH-National;2018;headcount_urban_USD6.85;27,024049
Colombia;GEIH-National;2018;nbi1_headcount_urban;42,441415
Colombia;GEIH-National;2018;theil;0,50550824
Colombia;GEIH-National;2018;wolfson;0,45055517
Colombia;GEIH-National;2019;a1;0,37712196
Colombia;GEIH-National;2019;a2;0,61783392
Colombia;GEIH-National;2019;cv;1,4768582
Colombia;GEIH-National;2019;e0;0,4734262
Colombia;GEIH-National;2019;gini;0,51168745
Colombia;GEIH-National;2019;gini_pci_rural;0,44468026
Colombia;GEIH-National;2019;gini_pci_urban;0,50025249
Colombia;GEIH-National;2019;headcount_national_USD2.15;5,2847375
Colombia;GEIH-National;2019;headcount_national_USD3.65;13,715467
Colombia;GEIH-National;2019;headcount_national_USD6.85;34,803916
Colombia;GEIH-National;2019;headcount_rural_USD2.15;11,797132
Colombia;GEIH-National;2019;headcount_rural_USD3.65;28,150996
Colombia;GEIH-National;2019;headcount_rural_USD6.85;58,517249
Colombia;GEIH-National;2019;headcount_urban_USD2.15;3,3918297
Colombia;GEIH-National;2019;headcount_urban_USD3.65;9,5196019
Colombia;GEIH-National;2019;headcount_urban_USD6.85;27,911343
Colombia;GEIH-National;2019;nbi1_headcount_urban;41,112666
Colombia;GEIH-National;2019;theil;0,51926321
Colombia;GEIH-National;2019;wolfson;0,46318132
Colombia;GEIH-National;2020;a1;0,40527804
Colombia;GEIH-National;2020;a2;0,67886561
Colombia;GEIH-National;2020;cv;2,0006872
Colombia;GEIH-National;2020;e0;0,51992417
Colombia;GEIH-National;2020;gini;0,52872286
Colombia;GEIH-National;2020;gini_pci_rural;0,4470928
Colombia;GEIH-National;2020;gini_pci_urban;0,52846877
Colombia;GEIH-National;2020;headcount_national_USD2.15;9,3598609
Colombia;GEIH-National;2020;headcount_national_USD3.65;19,311295
Colombia;GEIH-National;2020;headcount_national_USD6.85;42,230977
Colombia;GEIH-National;2020;headcount_rural_USD2.15;11,468995
Colombia;GEIH-National;2020;headcount_rural_USD3.65;27,168976
Colombia;GEIH-National;2020;headcount_rural_USD6.85;58,503844
Colombia;GEIH-National;2020;headcount_urban_USD2.15;8,7463411
Colombia;GEIH-National;2020;headcount_urban_USD3.65;17,025598
Colombia;GEIH-National;2020;headcount_urban_USD6.85;37,49741
Colombia;GEIH-National;2020;nbi1_headcount_urban;32,513541
Colombia;GEIH-National;2020;theil;0,57023458
Colombia;GEIH-National;2020;wolfson;0,48529452
Colombia;GEIH-National;2021;a1;0,3761843
Colombia;GEIH-National;2021;a2;0,61993479
Colombia;GEIH-National;2021;cv;1,4387345
Colombia;GEIH-National;2021;e0;0,47228388
Colombia;GEIH-National;2021;gini;0,51163384
Colombia;GEIH-National;2021;gini_pci_rural;0,45157466
Colombia;GEIH-National;2021;gini_pci_urban;0,50531396
Colombia;GEIH-National;2021;headcount_national_USD2.15;6,6135182
Colombia;GEIH-National;2021;headcount_national_USD3.65;15,982585
Colombia;GEIH-National;2021;headcount_national_USD6.85;39,197384
Colombia;GEIH-National;2021;headcount_rural_USD2.15;10,798032
Colombia;GEIH-National;2021;headcount_rural_USD3.65;26,688554
Colombia;GEIH-National;2021;headcount_rural_USD6.85;57,000946
Colombia;GEIH-National;2021;headcount_urban_USD2.15;5,4133566
Colombia;GEIH-National;2021;headcount_urban_USD3.65;12,912003
Colombia;GEIH-National;2021;headcount_urban_USD6.85;34,09114
Colombia;GEIH-National;2021;nbi1_headcount_urban;39,522187
Colombia;GEIH-National;2021;theil;0,51378506
Colombia;GEIH-National;2021;wolfson;0,47409166
Colombia;GEIH-National - New Methodology;2021;headcount_national_USD2.15;7,3346661
Colombia;GEIH-National - New Methodology;2021;headcount_national_USD3.65;16,441173
Colombia;GEIH-National - New Methodology;2021;headcount_national_USD6.85;38,778287
Colombia;GEIH-National - New Methodology;2021;headcount_rural_USD2.15;13,469058
Colombia;GEIH-National - New Methodology;2021;headcount_rural_USD3.65;29,928009
Colombia;GEIH-National - New Methodology;2021;headcount_rural_USD6.85;60,281181
Colombia;GEIH-National - New Methodology;2021;headcount_urban_USD2.15;5,4767328
Colombia;GEIH-National - New Methodology;2021;headcount_urban_USD3.65;12,356393
Colombia;GEIH-National - New Methodology;2021;headcount_urban_USD6.85;32,26567
Colombia;GEIH-National - New Methodology;2021;nbi1_headcount_urban;38,991559
Colombia;GEIH-National - New Methodology;2022;headcount_national_USD2.15;6,0365478
Colombia;GEIH-National - New Methodology;2022;headcount_national_USD3.65;14,045053
Colombia;GEIH-National - New Methodology;2022;headcount_national_USD6.85;34,785384
Colombia;GEIH-National - New Methodology;2022;headcount_rural_USD2.15;12,490143
Colombia;GEIH-National - New Methodology;2022;headcount_rural_USD3.65;27,718055
Colombia;GEIH-National - New Methodology;2022;headcount_rural_USD6.85;57,462756
Colombia;GEIH-National - New Methodology;2022;headcount_urban_USD2.15;4,0909795
Colombia;GEIH-National - New Methodology;2022;headcount_urban_USD3.65;9,9230472
Colombia;GEIH-National - New Methodology;2022;headcount_urban_USD6.85;27,948827
Colombia;GEIH-National - New Methodology;2022;nbi1_headcount_urban;35,267946
Colombia;New Methodology;2021;a1;0,42699471
Colombia;New Methodology;2021;a2;0,68042741
Colombia;New Methodology;2021;cv;1,6182137
Colombia;New Methodology;2021;e0;0,55684775
Colombia;New Methodology;2021;gini;0,54950691
Colombia;New Methodology;2021;gini_pci_rural;0,46138007
Colombia;New Methodology;2021;gini_pci_urban;0,54162753
Colombia;New Methodology;2021;theil;0,6043665
Colombia;New Methodology;2021;wolfson;0,5224577
Colombia;New Methodology;2022;a1;0,42115391
Colombia;New Methodology;2022;a2;0,67146688
Colombia;New Methodology;2022;cv;1,6202151
Colombia;New Methodology;2022;e0;0,54670695
Colombia;New Methodology;2022;gini;0,54611976
Colombia;New Methodology;2022;gini_pci_rural;0,47409816
Colombia;New Methodology;2022;gini_pci_urban;0,53504574
Colombia;New Methodology;2022;theil;0,59744196
Colombia;New Methodology;2022;wolfson;0,51854812
Colombia;New Methodology;2023;a1;0,40805505
Colombia;New Methodology;2023;a2;0,66270881
Colombia;New Methodology;2023;cv;1,5459003
Colombia;New Methodology;2023;e0;0,52433058
Colombia;New Methodology;2023;gini;0,53671601
Colombia;New Methodology;2023;gini_pci_rural;0,47103881
Colombia;New Methodology;2023;gini_pci_urban;0,52496126
Colombia;New Methodology;2023;theil;0,57044191
Colombia;New Methodology;2023;wolfson;0,50880464
Costa Rica;Dominican Rep.;2000;headcount_national_USD2.15;6,71443
Costa Rica;Dominican Rep.;2000;headcount_national_USD3.65;16,080323
Costa Rica;Dominican Rep.;2000;headcount_national_USD6.85;41,098469
Costa Rica;Dominican Rep.;2000;headcount_rural_USD2.15;11,151471
Costa Rica;Dominican Rep.;2000;headcount_rural_USD3.65;25,453678
Costa Rica;Dominican Rep.;2000;headcount_rural_USD6.85;55,550845
Costa Rica;Dominican Rep.;2000;headcount_urban_USD2.15;3,9839651
Costa Rica;Dominican Rep.;2000;headcount_urban_USD3.65;10,312151
Costa Rica;Dominican Rep.;2000;headcount_urban_USD6.85;32,204769
Costa Rica;Dominican Rep.;2000;nbi1_headcount_urban;64,516681
Costa Rica;Dominican Rep.;2001;headcount_national_USD2.15;5,1379632
Costa Rica;Dominican Rep.;2001;headcount_national_USD3.65;16,146627
Costa Rica;Dominican Rep.;2001;headcount_national_USD6.85;40,530102
Costa Rica;Dominican Rep.;2001;headcount_rural_USD2.15;7,6943255
Costa Rica;Dominican Rep.;2001;headcount_rural_USD3.65;24,305189
Costa Rica;Dominican Rep.;2001;headcount_rural_USD6.85;54,127113
Costa Rica;Dominican Rep.;2001;headcount_urban_USD2.15;3,6192087
Costa Rica;Dominican Rep.;2001;headcount_urban_USD3.65;11,299562
Costa Rica;Dominican Rep.;2001;headcount_urban_USD6.85;32,452013
Costa Rica;Dominican Rep.;2001;nbi1_headcount_urban;67,291082
Costa Rica;Dominican Rep.;2002;headcount_national_USD2.15;7,6143243
Costa Rica;Dominican Rep.;2002;headcount_national_USD3.65;17,701528
Costa Rica;Dominican Rep.;2002;headcount_national_USD6.85;40,03822
Costa Rica;Dominican Rep.;2002;headcount_rural_USD2.15;12,912459
Costa Rica;Dominican Rep.;2002;headcount_rural_USD3.65;26,840531
Costa Rica;Dominican Rep.;2002;headcount_rural_USD6.85;53,807668
Costa Rica;Dominican Rep.;2002;headcount_urban_USD2.15;4,5968229
Costa Rica;Dominican Rep.;2002;headcount_urban_USD3.65;12,496496
Costa Rica;Dominican Rep.;2002;headcount_urban_USD6.85;32,195964
Costa Rica;Dominican Rep.;2002;nbi1_headcount_urban;61,517876
Costa Rica;Dominican Rep.;2003;headcount_national_USD2.15;8,6978016
Costa Rica;Dominican Rep.;2003;headcount_national_USD3.65;21,841022
Costa Rica;Dominican Rep.;2003;headcount_national_USD6.85;49,015122
Costa Rica;Dominican Rep.;2003;headcount_rural_USD2.15;11,510671
Costa Rica;Dominican Rep.;2003;headcount_rural_USD3.65;29,380373
Costa Rica;Dominican Rep.;2003;headcount_rural_USD6.85;60,139453
Costa Rica;Dominican Rep.;2003;headcount_urban_USD2.15;7,1726811
Costa Rica;Dominican Rep.;2003;headcount_urban_USD3.65;17,753233
Costa Rica;Dominican Rep.;2003;headcount_urban_USD6.85;42,983578
Costa Rica;Dominican Rep.;2003;nbi1_headcount_urban;63,870731
Costa Rica;Dominican Rep.;2004;headcount_national_USD2.15;11,607311
Costa Rica;Dominican Rep.;2004;headcount_national_USD3.65;27,888331
Costa Rica;Dominican Rep.;2004;headcount_national_USD6.85;57,032093
Costa Rica;Dominican Rep.;2004;headcount_rural_USD2.15;16,463379
Costa Rica;Dominican Rep.;2004;headcount_rural_USD3.65;36,263817
Costa Rica;Dominican Rep.;2004;headcount_rural_USD6.85;67,843738
Costa Rica;Dominican Rep.;2004;headcount_urban_USD2.15;9,1227911
Costa Rica;Dominican Rep.;2004;headcount_urban_USD3.65;23,603165
Costa Rica;Dominican Rep.;2004;headcount_urban_USD6.85;51,500509
Costa Rica;Dominican Rep.;2004;nbi1_headcount_urban;62,933566
Costa Rica;ECNFT;2016;a1;0,25503519
Costa Rica;ECNFT;2016;a2;0,43358769
Costa Rica;ECNFT;2016;cv;1,0099287
Costa Rica;ECNFT;2016;e0;0,29463707
Costa Rica;ECNFT;2016;gini;0,41638861
Costa Rica;ECNFT;2016;gini_pci_rural;0,37380357
Costa Rica;ECNFT;2016;gini_pci_urban;0,42385211
Costa Rica;ECNFT;2016;theil;0,3190064
Costa Rica;ECNFT;2016;wolfson;0,37250899
Costa Rica;ECNFT;2017;a1;0,26093622
Costa Rica;ECNFT;2017;a2;0,43317989
Costa Rica;ECNFT;2017;cv;1,3026653
Costa Rica;ECNFT;2017;e0;0,30207156
Costa Rica;ECNFT;2017;gini;0,42133588
Costa Rica;ECNFT;2017;gini_pci_rural;0,37660808
Costa Rica;ECNFT;2017;gini_pci_urban;0,42966146
Costa Rica;ECNFT;2017;nbi1_headcount_urban;47,659881
Costa Rica;ECNFT;2017;theil;0,36344573
Costa Rica;ECNFT;2017;wolfson;0,34871569
Costa Rica;ECNFT;2018;a1;0,27802216
Costa Rica;ECNFT;2018;a2;0,43699689
Costa Rica;ECNFT;2018;cv;1,8109599
Costa Rica;ECNFT;2018;e0;0,32617673
Costa Rica;ECNFT;2018;gini;0,43672353
Costa Rica;ECNFT;2018;gini_pci_rural;0,36503269
Costa Rica;ECNFT;2018;gini_pci_urban;0,44924868
Costa Rica;ECNFT;2018;nbi1_headcount_urban;45,785723
Costa Rica;ECNFT;2018;theil;0,43488289
Costa Rica;ECNFT;2018;wolfson;0,35944763
Costa Rica;ECNFT;2019;a1;0,25628189
Costa Rica;ECNFT;2019;a2;0,42125903
Costa Rica;ECNFT;2019;cv;1,0996405
Costa Rica;ECNFT;2019;e0;0,29634318
Costa Rica;ECNFT;2019;gini;0,41878657
Costa Rica;ECNFT;2019;gini_pci_rural;0,37074627
Costa Rica;ECNFT;2019;gini_pci_urban;0,42642071
Costa Rica;ECNFT;2019;nbi1_headcount_urban;43,658464
Costa Rica;ECNFT;2019;theil;0,33903462
Costa Rica;ECNFT;2019;wolfson;0,35612843
Costa Rica;ECNFT;2020;a1;0,23181057
Costa Rica;ECNFT;2020;a2;0,39630475
Costa Rica;ECNFT;2020;cv;0,93351958
Costa Rica;ECNFT;2020;e0;0,26328397
Costa Rica;ECNFT;2020;gini;0,39539351
Costa Rica;ECNFT;2020;gini_pci_rural;0,3553589
Costa Rica;ECNFT;2020;gini_pci_urban;0,40308354
Costa Rica;ECNFT;2020;nbi1_headcount_urban;46,048941
Costa Rica;ECNFT;2020;theil;0,2850859
Costa Rica;ECNFT;2020;wolfson;0,34838264
Costa Rica;ECNFT;2021;a1;0,22155556
Costa Rica;ECNFT;2021;a2;0,38039148
Costa Rica;ECNFT;2021;cv;1,0009477
Costa Rica;ECNFT;2021;e0;0,25075909
Costa Rica;ECNFT;2021;gini;0,38516043
Costa Rica;ECNFT;2021;gini_pci_rural;0,34437191
Costa Rica;ECNFT;2021;gini_pci_urban;0,39245025
Costa Rica;ECNFT;2021;nbi1_headcount_urban;42,894227
Costa Rica;ECNFT;2021;theil;0,28105963
Costa Rica;ECNFT;2021;wolfson;0,32734991
Costa Rica;ECNFT;2022;a1;0,20588615
Costa Rica;ECNFT;2022;a2;0,36239824
Costa Rica;ECNFT;2022;cv;0,82988551
Costa Rica;ECNFT;2022;e0;0,23052665
Costa Rica;ECNFT;2022;gini;0,36973148
Costa Rica;ECNFT;2022;gini_pci_rural;0,36080724
Costa Rica;ECNFT;2022;gini_pci_urban;0,37143236
Costa Rica;ECNFT;2022;nbi1_headcount_urban;37,8
Costa Rica;ECNFT;2022;theil;0,24275226
Costa Rica;ECNFT;2022;wolfson;0,31930575
Costa Rica;ECNFT;2023;a1;0,223841
Costa Rica;ECNFT;2023;a2;0,39929
Costa Rica;ECNFT;2023;cv;0,928202
Costa Rica;ECNFT;2023;e0;0,25323
Costa Rica;ECNFT;2023;gini;0,383534
Costa Rica;ECNFT;2023;gini_pci_rural;0,358832
Costa Rica;ECNFT;2023;gini_pci_urban;0,388005
Costa Rica;ECNFT;2023;theil;0,270144
Costa Rica;ECNFT;2023;wolfson;0,333596
Costa Rica;ECNFT;2024;a1;0,228874
Costa Rica;ECNFT;2024;a2;0,40194
Costa Rica;ECNFT;2024;cv;0,927287
Costa Rica;ECNFT;2024;e0;0,260255
Costa Rica;ECNFT;2024;gini;0,389503
Costa Rica;ECNFT;2024;gini_pci_rural;0,376578
Costa Rica;ECNFT;2024;gini_pci_urban;0,39165
Costa Rica;ECNFT;2024;theil;0,275515
Costa Rica;ECNFT;2024;wolfson;0,344367
Costa Rica;EHPM;1989;nbi1_headcount_urban;41,581923
Costa Rica;EHPM;1990;nbi1_headcount_urban;40,943841
Costa Rica;EHPM;1991;nbi1_headcount_urban;42,922695
Costa Rica;EHPM;1992;nbi1_headcount_urban;44,274535
Costa Rica;EHPM;1993;nbi1_headcount_urban;36,977868
Costa Rica;EHPM;1994;nbi1_headcount_urban;40,21917
Costa Rica;EHPM;1995;nbi1_headcount_urban;30,783169
Costa Rica;EHPM;1996;nbi1_headcount_urban;34,276093
Costa Rica;EHPM;1997;nbi1_headcount_urban;35,385904
Costa Rica;EHPM;1998;nbi1_headcount_urban;28,06805
Costa Rica;EHPM;1999;nbi1_headcount_urban;31,595333
Costa Rica;EHPM;2000;nbi1_headcount_urban;35,000778
Costa Rica;EHPM;2001;nbi1_headcount_urban;30,700045
Costa Rica;EHPM;2002;nbi1_headcount_urban;30,888948
Costa Rica;EHPM;2003;nbi1_headcount_urban;28,470347
Costa Rica;EHPM;2004;nbi1_headcount_urban;29,519299
Costa Rica;EHPM;2005;nbi1_headcount_urban;26,229137
Costa Rica;EHPM;2006;nbi1_headcount_urban;27,572156
Costa Rica;EHPM;2007;nbi1_headcount_urban;24,108229
Costa Rica;EHPM;2008;nbi1_headcount_urban;24,957239
Costa Rica;EHPM;2009;nbi1_headcount_urban;24,404401
Costa Rica;ENAHO;2010;a1;0,33297757
Costa Rica;ENAHO;2010;a2;0,55500479
Costa Rica;ENAHO;2010;cv;1,2470991
Costa Rica;ENAHO;2010;e0;0,40515147
Costa Rica;ENAHO;2010;gini;0,47952508
Costa Rica;ENAHO;2010;gini_pci_rural;0,48091287
Costa Rica;ENAHO;2010;gini_pci_urban;0,46652189
Costa Rica;ENAHO;2010;nbi1_headcount_urban;22,983384
Costa Rica;ENAHO;2010;theil;0,43363181
Costa Rica;ENAHO;2010;wolfson;0,45222658
Costa Rica;ENAHO;2011;a1;0,34419138
Costa Rica;ENAHO;2011;a2;0,5745514
Costa Rica;ENAHO;2011;cv;1,3896558
Costa Rica;ENAHO;2011;e0;0,42225204
Costa Rica;ENAHO;2011;gini;0,48669606
Costa Rica;ENAHO;2011;gini_pci_rural;0,46850777
Costa Rica;ENAHO;2011;gini_pci_urban;0,4780164
Costa Rica;ENAHO;2011;nbi1_headcount_urban;21,211304
Costa Rica;ENAHO;2011;theil;0,45140455
Costa Rica;ENAHO;2011;wolfson;0,46482891
Costa Rica;ENAHO;2012;a1;0,34120488
Costa Rica;ENAHO;2012;a2;0,57058837
Costa Rica;ENAHO;2012;cv;1,2804482
Costa Rica;ENAHO;2012;e0;0,41741103
Costa Rica;ENAHO;2012;gini;0,48363434
Costa Rica;ENAHO;2012;gini_pci_rural;0,47122051
Costa Rica;ENAHO;2012;gini_pci_urban;0,47231259
Costa Rica;ENAHO;2012;nbi1_headcount_urban;21,591439
Costa Rica;ENAHO;2012;theil;0,44030309
Costa Rica;ENAHO;2012;wolfson;0,46272269
Costa Rica;ENAHO;2013;a1;0,35119488
Costa Rica;ENAHO;2013;a2;0,58854497
Costa Rica;ENAHO;2013;cv;1,2273109
Costa Rica;ENAHO;2013;e0;0,43300157
Costa Rica;ENAHO;2013;gini;0,49129981
Costa Rica;ENAHO;2013;gini_pci_rural;0,46936829
Costa Rica;ENAHO;2013;gini_pci_urban;0,48001487
Costa Rica;ENAHO;2013;nbi1_headcount_urban;21,043411
Costa Rica;ENAHO;2013;theil;0,44633323
Costa Rica;ENAHO;2013;wolfson;0,49259888
Costa Rica;ENAHO;2014;a1;0,34246843
Costa Rica;ENAHO;2014;a2;0,58166822
Costa Rica;ENAHO;2014;cv;1,1756545
Costa Rica;ENAHO;2014;e0;0,41960173
Costa Rica;ENAHO;2014;gini;0,48571001
Costa Rica;ENAHO;2014;gini_pci_rural;0,47703997
Costa Rica;ENAHO;2014;gini_pci_urban;0,47359244
Costa Rica;ENAHO;2014;nbi1_headcount_urban;21,209827
Costa Rica;ENAHO;2014;theil;0,43151609
Costa Rica;ENAHO;2014;wolfson;0,47201002
Costa Rica;ENAHO;2015;a1;0,33923268
Costa Rica;ENAHO;2015;a2;0,57289501
Costa Rica;ENAHO;2015;cv;1,1628921
Costa Rica;ENAHO;2015;e0;0,4143856
Costa Rica;ENAHO;2015;gini;0,48305486
Costa Rica;ENAHO;2015;gini_pci_rural;0,48307631
Costa Rica;ENAHO;2015;gini_pci_urban;0,47158579
Costa Rica;ENAHO;2015;nbi1_headcount_urban;22,49517
Costa Rica;ENAHO;2015;theil;0,42618399
Costa Rica;ENAHO;2015;wolfson;0,46460535
Costa Rica;ENAHO;2016;a1;0,34221246
Costa Rica;ENAHO;2016;a2;0,56462448
Costa Rica;ENAHO;2016;cv;1,2176413
Costa Rica;ENAHO;2016;e0;0,41904759
Costa Rica;ENAHO;2016;gini;0,48637775
Costa Rica;ENAHO;2016;gini_pci_rural;0,46735145
Costa Rica;ENAHO;2016;gini_pci_urban;0,47763407
Costa Rica;ENAHO;2016;nbi1_headcount_urban;22,309648
Costa Rica;ENAHO;2016;theil;0,43726252
Costa Rica;ENAHO;2016;wolfson;0,46579205
Costa Rica;ENAHO;2017;a1;0,33598478
Costa Rica;ENAHO;2017;a2;0,55870893
Costa Rica;ENAHO;2017;cv;1,2291622
Costa Rica;ENAHO;2017;e0;0,40977546
Costa Rica;ENAHO;2017;gini;0,48304683
Costa Rica;ENAHO;2017;gini_pci_rural;0,45946323
Costa Rica;ENAHO;2017;gini_pci_urban;0,47770153
Costa Rica;ENAHO;2017;nbi1_headcount_urban;22,149847
Costa Rica;ENAHO;2017;theil;0,43346303
Costa Rica;ENAHO;2017;wolfson;0,46378217
Costa Rica;ENAHO;2018;a1;0,33470997
Costa Rica;ENAHO;2018;a2;0,56284974
Costa Rica;ENAHO;2018;cv;1,2341078
Costa Rica;ENAHO;2018;e0;0,40747091
Costa Rica;ENAHO;2018;gini;0,47885962
Costa Rica;ENAHO;2018;gini_pci_rural;0,46107525
Costa Rica;ENAHO;2018;gini_pci_urban;0,47100489
Costa Rica;ENAHO;2018;nbi1_headcount_urban;21,700178
Costa Rica;ENAHO;2018;theil;0,42457429
Costa Rica;ENAHO;2018;wolfson;0,45821319
Costa Rica;ENAHO;2019;a1;0,3341719
Costa Rica;ENAHO;2019;a2;0,54917066
Costa Rica;ENAHO;2019;cv;1,2373246
Costa Rica;ENAHO;2019;e0;0,40639088
Costa Rica;ENAHO;2019;gini;0,48145238
Costa Rica;ENAHO;2019;gini_pci_rural;0,45170028
Costa Rica;ENAHO;2019;gini_pci_urban;0,47838578
Costa Rica;ENAHO;2019;nbi1_headcount_urban;21,595461
Costa Rica;ENAHO;2019;theil;0,42967068
Costa Rica;ENAHO;2019;wolfson;0,46684376
Costa Rica;ENAHO;2020;a1;0,35106308
Costa Rica;ENAHO;2020;a2;0,59479623
Costa Rica;ENAHO;2020;cv;1,1629001
Costa Rica;ENAHO;2020;e0;0,431943
Costa Rica;ENAHO;2020;gini;0,49141996
Costa Rica;ENAHO;2020;gini_pci_rural;0,46723479
Costa Rica;ENAHO;2020;gini_pci_urban;0,48947377
Costa Rica;ENAHO;2020;nbi1_headcount_urban;22,345188
Costa Rica;ENAHO;2020;theil;0,43645056
Costa Rica;ENAHO;2020;wolfson;0,48799002
Costa Rica;ENAHO;2021;a1;0,34069279
Costa Rica;ENAHO;2021;a2;0,55642202
Costa Rica;ENAHO;2021;cv;1,3539664
Costa Rica;ENAHO;2021;e0;0,41652346
Costa Rica;ENAHO;2021;gini;0,48640289
Costa Rica;ENAHO;2021;gini_pci_rural;0,44588431
Costa Rica;ENAHO;2021;gini_pci_urban;0,4849058
Costa Rica;ENAHO;2021;nbi1_headcount_urban;20,609264
Costa Rica;ENAHO;2021;theil;0,44807263
Costa Rica;ENAHO;2021;wolfson;0,46921584
Costa Rica;ENAHO;2022;a1;0,32130401
Costa Rica;ENAHO;2022;a2;0,53132175
Costa Rica;ENAHO;2022;cv;1,1874095
Costa Rica;ENAHO;2022;e0;0,38757613
Costa Rica;ENAHO;2022;gini;0,47109799
Costa Rica;ENAHO;2022;gini_pci_rural;0,44886822
Costa Rica;ENAHO;2022;gini_pci_urban;0,46560143
Costa Rica;ENAHO;2022;nbi1_headcount_urban;19,21503
Costa Rica;ENAHO;2022;theil;0,40776249
Costa Rica;ENAHO;2022;wolfson;0,45613128
Costa Rica;ENAHO;2023;a1;0,31884346
Costa Rica;ENAHO;2023;a2;0,536571
Costa Rica;ENAHO;2023;cv;1,1256823
Costa Rica;ENAHO;2023;e0;0,38438159
Costa Rica;ENAHO;2023;gini;0,46713738
Costa Rica;ENAHO;2023;gini_pci_rural;0,45001125
Costa Rica;ENAHO;2023;gini_pci_urban;0,46023891
Costa Rica;ENAHO;2023;nbi1_headcount_urban;17,86501
Costa Rica;ENAHO;2023;theil;0,39576461
Costa Rica;ENAHO;2023;wolfson;0,45203354
Costa Rica;ENAHO;2024;a1;0,30903989
Costa Rica;ENAHO;2024;a2;0,52454092
Costa Rica;ENAHO;2024;cv;1,1435133
Costa Rica;ENAHO;2024;e0;0,36975712
Costa Rica;ENAHO;2024;gini;0,45808398
Costa Rica;ENAHO;2024;gini_pci_rural;0,44404441
Costa Rica;ENAHO;2024;gini_pci_urban;0,4515893
Costa Rica;ENAHO;2024;theil;0,38121127
Costa Rica;ENAHO;2024;wolfson;0,44112424
Costa Rica;ENFT 1;1996;a1;0,32743693
Costa Rica;ENFT 1;1996;a2;0,58884126
Costa Rica;ENFT 1;1996;cv;1,1867246
Costa Rica;ENFT 1;1996;e0;0,39658703
Costa Rica;ENFT 1;1996;gini;0,47207693
Costa Rica;ENFT 1;1996;gini_pci_rural;0,4242195
Costa Rica;ENFT 1;1996;gini_pci_urban;0,49061432
Costa Rica;ENFT 1;1996;theil;0,41706724
Costa Rica;ENFT 1;1996;wolfson;0,42439669
Costa Rica;ENFT 1;1997;a1;0,34502908
Costa Rica;ENFT 1;1997;a2;0,57213535
Costa Rica;ENFT 1;1997;cv;1,5268939
Costa Rica;ENFT 1;1997;e0;0,4229886
Costa Rica;ENFT 1;1997;gini;0,48539107
Costa Rica;ENFT 1;1997;gini_pci_rural;0,4760378
Costa Rica;ENFT 1;1997;gini_pci_urban;0,47622444
Costa Rica;ENFT 1;1997;theil;0,48018953
Costa Rica;ENFT 1;1997;wolfson;0,42299166
Costa Rica;ENFT 2;2000;a1;0,37964624
Costa Rica;ENFT 2;2000;a2;0,61630805
Costa Rica;ENFT 2;2000;cv;1,6598814
Costa Rica;ENFT 2;2000;e0;0,47703724
Costa Rica;ENFT 2;2000;gini;0,5140869
Costa Rica;ENFT 2;2000;gini_pci_rural;0,47380051
Costa Rica;ENFT 2;2000;gini_pci_urban;0,50798738
Costa Rica;ENFT 2;2000;theil;0,53279368
Costa Rica;ENFT 2;2000;wolfson;0,48334406
Costa Rica;ENFT 2;2001;a1;0,35652521
Costa Rica;ENFT 2;2001;a2;0,567521
Costa Rica;ENFT 2;2001;cv;1,3478945
Costa Rica;ENFT 2;2001;e0;0,4402933
Costa Rica;ENFT 2;2001;gini;0,49995434
Costa Rica;ENFT 2;2001;gini_pci_rural;0,44020347
Costa Rica;ENFT 2;2001;gini_pci_urban;0,50006183
Costa Rica;ENFT 2;2001;theil;0,48274299
Costa Rica;ENFT 2;2001;wolfson;0,45880935
Costa Rica;ENFT 2;2002;a1;0,35983245
Costa Rica;ENFT 2;2002;a2;0,59596719
Costa Rica;ENFT 2;2002;cv;1,3227572
Costa Rica;ENFT 2;2002;e0;0,44565312
Costa Rica;ENFT 2;2002;gini;0,49579662
Costa Rica;ENFT 2;2002;gini_pci_rural;0,44338828
Costa Rica;ENFT 2;2002;gini_pci_urban;0,49171118
Costa Rica;ENFT 2;2002;theil;0,47149671
Costa Rica;ENFT 2;2002;wolfson;0,45754766
Costa Rica;ENFT 2;2003;a1;0,38311362
Costa Rica;ENFT 2;2003;a2;0,60289122
Costa Rica;ENFT 2;2003;cv;1,550968
Costa Rica;ENFT 2;2003;e0;0,48315141
Costa Rica;ENFT 2;2003;gini;0,52033966
Costa Rica;ENFT 2;2003;gini_pci_rural;0,45555328
Costa Rica;ENFT 2;2003;gini_pci_urban;0,52931277
Costa Rica;ENFT 2;2003;theil;0,55225839
Costa Rica;ENFT 2;2003;wolfson;0,46474793
Costa Rica;ENFT 2;2004;a1;0,38097402
Costa Rica;ENFT 2;2004;a2;0,61381719
Costa Rica;ENFT 2;2004;cv;1,8803736
Costa Rica;ENFT 2;2004;e0;0,47905602
Costa Rica;ENFT 2;2004;gini;0,51994232
Costa Rica;ENFT 2;2004;gini_pci_rural;0,44324615
Costa Rica;ENFT 2;2004;gini_pci_urban;0,5318733
Costa Rica;ENFT 2;2004;theil;0,576993
Costa Rica;ENFT 2;2004;wolfson;0,46380844
Costa Rica;ENFT 3;2005;a1;0,3558927
Costa Rica;ENFT 3;2005;a2;0,57184
Costa Rica;ENFT 3;2005;cv;1,4810951
Costa Rica;ENFT 3;2005;e0;0,43953338
Costa Rica;ENFT 3;2005;gini;0,49929266
Costa Rica;ENFT 3;2005;gini_pci_rural;0,45506651
Costa Rica;ENFT 3;2005;gini_pci_urban;0,50586081
Costa Rica;ENFT 3;2005;headcount_national_USD2.15;7,4095428
Costa Rica;ENFT 3;2005;headcount_national_USD3.65;21,37258
Costa Rica;ENFT 3;2005;headcount_national_USD6.85;48,221219
Costa Rica;ENFT 3;2005;headcount_rural_USD2.15;10,096237
Costa Rica;ENFT 3;2005;headcount_rural_USD3.65;26,753251
Costa Rica;ENFT 3;2005;headcount_rural_USD6.85;57,254715
Costa Rica;ENFT 3;2005;headcount_urban_USD2.15;6,113896
Costa Rica;ENFT 3;2005;headcount_urban_USD3.65;18,777775
Costa Rica;ENFT 3;2005;headcount_urban_USD6.85;43,864854
Costa Rica;ENFT 3;2005;nbi1_headcount_urban;62,050436
Costa Rica;ENFT 3;2005;theil;0,49347058
Costa Rica;ENFT 3;2005;wolfson;0,45977579
Costa Rica;ENFT 3;2006;a1;0,37898869
Costa Rica;ENFT 3;2006;a2;0,58667452
Costa Rica;ENFT 3;2006;cv;1,6787088
Costa Rica;ENFT 3;2006;e0;0,4763051
Costa Rica;ENFT 3;2006;gini;0,51936786
Costa Rica;ENFT 3;2006;gini_pci_rural;0,48509874
Costa Rica;ENFT 3;2006;gini_pci_urban;0,52054651
Costa Rica;ENFT 3;2006;headcount_national_USD2.15;6,255223
Costa Rica;ENFT 3;2006;headcount_national_USD3.65;18,558836
Costa Rica;ENFT 3;2006;headcount_national_USD6.85;44,951742
Costa Rica;ENFT 3;2006;headcount_rural_USD2.15;9,8093583
Costa Rica;ENFT 3;2006;headcount_rural_USD3.65;25,578412
Costa Rica;ENFT 3;2006;headcount_rural_USD6.85;55,453296
Costa Rica;ENFT 3;2006;headcount_urban_USD2.15;4,6418342
Costa Rica;ENFT 3;2006;headcount_urban_USD3.65;15,372321
Costa Rica;ENFT 3;2006;headcount_urban_USD6.85;40,184594
Costa Rica;ENFT 3;2006;nbi1_headcount_urban;60,496324
Costa Rica;ENFT 3;2006;theil;0,5626817
Costa Rica;ENFT 3;2006;wolfson;0,47763634
Costa Rica;ENFT 3;2007;a1;0,34107528
Costa Rica;ENFT 3;2007;a2;0,56960702
Costa Rica;ENFT 3;2007;cv;1,3565598
Costa Rica;ENFT 3;2007;e0;0,41674583
Costa Rica;ENFT 3;2007;gini;0,48809555
Costa Rica;ENFT 3;2007;gini_pci_rural;0,43418747
Costa Rica;ENFT 3;2007;gini_pci_urban;0,49835227
Costa Rica;ENFT 3;2007;headcount_national_USD2.15;6,0679278
Costa Rica;ENFT 3;2007;headcount_national_USD3.65;18,077883
Costa Rica;ENFT 3;2007;headcount_national_USD6.85;44,257709
Costa Rica;ENFT 3;2007;headcount_rural_USD2.15;7,5597291
Costa Rica;ENFT 3;2007;headcount_rural_USD3.65;22,35921
Costa Rica;ENFT 3;2007;headcount_rural_USD6.85;51,697563
Costa Rica;ENFT 3;2007;headcount_urban_USD2.15;5,4311131
Costa Rica;ENFT 3;2007;headcount_urban_USD3.65;16,250286
Costa Rica;ENFT 3;2007;headcount_urban_USD6.85;41,081812
Costa Rica;ENFT 3;2007;nbi1_headcount_urban;58,389181
Costa Rica;ENFT 3;2007;theil;0,46596272
Costa Rica;ENFT 3;2007;wolfson;0,43143381
Costa Rica;ENFT 4;2008;a1;0,32962225
Costa Rica;ENFT 4;2008;a2;0,52182113
Costa Rica;ENFT 4;2008;cv;1,3161189
Costa Rica;ENFT 4;2008;e0;0,40004486
Costa Rica;ENFT 4;2008;gini;0,4808158
Costa Rica;ENFT 4;2008;gini_pci_rural;0,40946173
Costa Rica;ENFT 4;2008;gini_pci_urban;0,48939468
Costa Rica;ENFT 4;2008;headcount_national_USD2.15;5,4485998
Costa Rica;ENFT 4;2008;headcount_national_USD3.65;18,587785
Costa Rica;ENFT 4;2008;headcount_national_USD6.85;45,862047
Costa Rica;ENFT 4;2008;headcount_rural_USD2.15;8,8483505
Costa Rica;ENFT 4;2008;headcount_rural_USD3.65;26,061638
Costa Rica;ENFT 4;2008;headcount_rural_USD6.85;56,815416
Costa Rica;ENFT 4;2008;headcount_urban_USD2.15;4,086128
Costa Rica;ENFT 4;2008;headcount_urban_USD3.65;15,592591
Costa Rica;ENFT 4;2008;headcount_urban_USD6.85;41,472415
Costa Rica;ENFT 4;2008;nbi1_headcount_urban;56,313732
Costa Rica;ENFT 4;2008;theil;0,45119301
Costa Rica;ENFT 4;2008;wolfson;0,43126971
Costa Rica;ENFT 4;2009;a1;0,33859907
Costa Rica;ENFT 4;2009;a2;0,53172315
Costa Rica;ENFT 4;2009;cv;1,4126858
Costa Rica;ENFT 4;2009;e0;0,41368744
Costa Rica;ENFT 4;2009;gini;0,48872498
Costa Rica;ENFT 4;2009;gini_pci_rural;0,41274948
Costa Rica;ENFT 4;2009;gini_pci_urban;0,50007894
Costa Rica;ENFT 4;2009;headcount_national_USD2.15;4,6799769
Costa Rica;ENFT 4;2009;headcount_national_USD3.65;16,815942
Costa Rica;ENFT 4;2009;headcount_national_USD6.85;42,860766
Costa Rica;ENFT 4;2009;headcount_rural_USD2.15;7,2455797
Costa Rica;ENFT 4;2009;headcount_rural_USD3.65;21,95674
Costa Rica;ENFT 4;2009;headcount_rural_USD6.85;51,189133
Costa Rica;ENFT 4;2009;headcount_urban_USD2.15;3,7185517
Costa Rica;ENFT 4;2009;headcount_urban_USD3.65;14,889497
Costa Rica;ENFT 4;2009;headcount_urban_USD6.85;39,739822
Costa Rica;ENFT 4;2009;nbi1_headcount_urban;56,185079
Costa Rica;ENFT 4;2009;theil;0,46786746
Costa Rica;ENFT 4;2009;wolfson;0,43677165
Costa Rica;ENFT 4;2010;a1;0,31930339
Costa Rica;ENFT 4;2010;a2;0,51229008
Costa Rica;ENFT 4;2010;cv;1,1466896
Costa Rica;ENFT 4;2010;e0;0,3841532
Costa Rica;ENFT 4;2010;gini;0,47314128
Costa Rica;ENFT 4;2010;gini_pci_rural;0,41148467
Costa Rica;ENFT 4;2010;gini_pci_urban;0,48204338
Costa Rica;ENFT 4;2010;headcount_national_USD2.15;3,8692139
Costa Rica;ENFT 4;2010;headcount_national_USD3.65;16,707173
Costa Rica;ENFT 4;2010;headcount_national_USD6.85;43,668394
Costa Rica;ENFT 4;2010;headcount_rural_USD2.15;5,9027366
Costa Rica;ENFT 4;2010;headcount_rural_USD3.65;20,852144
Costa Rica;ENFT 4;2010;headcount_rural_USD6.85;51,089458
Costa Rica;ENFT 4;2010;headcount_urban_USD2.15;3,1558873
Costa Rica;ENFT 4;2010;headcount_urban_USD3.65;15,253185
Costa Rica;ENFT 4;2010;headcount_urban_USD6.85;41,065205
Costa Rica;ENFT 4;2010;nbi1_headcount_urban;56,185637
Costa Rica;ENFT 4;2010;theil;0,41060836
Costa Rica;ENFT 4;2010;wolfson;0,44870701
Costa Rica;ENFT 4;2011;a1;0,32487814
Costa Rica;ENFT 4;2011;a2;0,5187652
Costa Rica;ENFT 4;2011;cv;1,2677702
Costa Rica;ENFT 4;2011;e0;0,39253911
Costa Rica;ENFT 4;2011;gini;0,47706907
Costa Rica;ENFT 4;2011;gini_pci_rural;0,4105708
Costa Rica;ENFT 4;2011;gini_pci_urban;0,48635949
Costa Rica;ENFT 4;2011;headcount_national_USD2.15;4,055294
Costa Rica;ENFT 4;2011;headcount_national_USD3.65;13,739577
Costa Rica;ENFT 4;2011;headcount_national_USD6.85;41,636677
Costa Rica;ENFT 4;2011;headcount_rural_USD2.15;6,0841793
Costa Rica;ENFT 4;2011;headcount_rural_USD3.65;17,790066
Costa Rica;ENFT 4;2011;headcount_rural_USD6.85;47,517946
Costa Rica;ENFT 4;2011;headcount_urban_USD2.15;3,3837176
Costa Rica;ENFT 4;2011;headcount_urban_USD3.65;12,398835
Costa Rica;ENFT 4;2011;headcount_urban_USD6.85;39,689932
Costa Rica;ENFT 4;2011;nbi1_headcount_urban;55,611113
Costa Rica;ENFT 4;2011;theil;0,43835816
Costa Rica;ENFT 4;2011;wolfson;0,43851458
Costa Rica;ENFT 4;2012;a1;0,30647517
Costa Rica;ENFT 4;2012;a2;0,50126298
Costa Rica;ENFT 4;2012;cv;1,1383248
Costa Rica;ENFT 4;2012;e0;0,36578143
Costa Rica;ENFT 4;2012;gini;0,46133753
Costa Rica;ENFT 4;2012;gini_pci_rural;0,38938685
Costa Rica;ENFT 4;2012;gini_pci_urban;0,47178613
Costa Rica;ENFT 4;2012;headcount_national_USD2.15;3,8488619
Costa Rica;ENFT 4;2012;headcount_national_USD3.65;14,299748
Costa Rica;ENFT 4;2012;headcount_national_USD6.85;41,239257
Costa Rica;ENFT 4;2012;headcount_rural_USD2.15;4,7949951
Costa Rica;ENFT 4;2012;headcount_rural_USD3.65;18,692961
Costa Rica;ENFT 4;2012;headcount_rural_USD6.85;48,187172
Costa Rica;ENFT 4;2012;headcount_urban_USD2.15;3,5527138
Costa Rica;ENFT 4;2012;headcount_urban_USD3.65;12,924633
Costa Rica;ENFT 4;2012;headcount_urban_USD6.85;39,064498
Costa Rica;ENFT 4;2012;nbi1_headcount_urban;54,145455
Costa Rica;ENFT 4;2012;theil;0,39789782
Costa Rica;ENFT 4;2012;wolfson;0,41745137
Costa Rica;ENFT 4;2013;a1;0,32167729
Costa Rica;ENFT 4;2013;a2;0,50458447
Costa Rica;ENFT 4;2013;cv;1,2728526
Costa Rica;ENFT 4;2013;e0;0,38846715
Costa Rica;ENFT 4;2013;gini;0,47656392
Costa Rica;ENFT 4;2013;gini_pci_rural;0,38884603
Costa Rica;ENFT 4;2013;gini_pci_urban;0,48774466
Costa Rica;ENFT 4;2013;headcount_national_USD2.15;2,9718231
Costa Rica;ENFT 4;2013;headcount_national_USD3.65;13,717524
Costa Rica;ENFT 4;2013;headcount_national_USD6.85;40,508556
Costa Rica;ENFT 4;2013;headcount_rural_USD2.15;4,6427103
Costa Rica;ENFT 4;2013;headcount_rural_USD3.65;17,063016
Costa Rica;ENFT 4;2013;headcount_rural_USD6.85;49,024495
Costa Rica;ENFT 4;2013;headcount_urban_USD2.15;2,4765646
Costa Rica;ENFT 4;2013;headcount_urban_USD3.65;12,725905
Costa Rica;ENFT 4;2013;headcount_urban_USD6.85;37,984393
Costa Rica;ENFT 4;2013;nbi1_headcount_urban;53,549148
Costa Rica;ENFT 4;2013;theil;0,44017078
Costa Rica;ENFT 4;2013;wolfson;0,4217822
Costa Rica;ENFT 4;2014;a1;0,28640709
Costa Rica;ENFT 4;2014;a2;0,48814797
Costa Rica;ENFT 4;2014;cv;0,99728767
Costa Rica;ENFT 4;2014;e0;0,33720652
Costa Rica;ENFT 4;2014;gini;0,44271087
Costa Rica;ENFT 4;2014;gini_pci_rural;0,40182211
Costa Rica;ENFT 4;2014;gini_pci_urban;0,4444672
Costa Rica;ENFT 4;2014;headcount_national_USD2.15;3,3559257
Costa Rica;ENFT 4;2014;headcount_national_USD3.65;10,938219
Costa Rica;ENFT 4;2014;headcount_national_USD6.85;34,771461
Costa Rica;ENFT 4;2014;headcount_rural_USD2.15;4,296035
Costa Rica;ENFT 4;2014;headcount_rural_USD3.65;15,092422
Costa Rica;ENFT 4;2014;headcount_rural_USD6.85;44,940341
Costa Rica;ENFT 4;2014;headcount_urban_USD2.15;3,0914975
Costa Rica;ENFT 4;2014;headcount_urban_USD3.65;9,7697507
Costa Rica;ENFT 4;2014;headcount_urban_USD6.85;31,91122
Costa Rica;ENFT 4;2014;nbi1_headcount_urban;50,91633
Costa Rica;ENFT 4;2014;theil;0,34580169
Costa Rica;ENFT 4;2014;wolfson;0,41866654
Costa Rica;ENFT 4;2015;a1;0,29785432
Costa Rica;ENFT 4;2015;a2;0,51017302
Costa Rica;ENFT 4;2015;cv;1,186101
Costa Rica;ENFT 4;2015;e0;0,35390694
Costa Rica;ENFT 4;2015;gini;0,45178331
Costa Rica;ENFT 4;2015;gini_pci_rural;0,39746817
Costa Rica;ENFT 4;2015;gini_pci_urban;0,45780205
Costa Rica;ENFT 4;2015;headcount_national_USD2.15;2,5349869
Costa Rica;ENFT 4;2015;headcount_national_USD3.65;8,8373492
Costa Rica;ENFT 4;2015;headcount_national_USD6.85;30,352532
Costa Rica;ENFT 4;2015;headcount_rural_USD2.15;3,551353
Costa Rica;ENFT 4;2015;headcount_rural_USD3.65;12,043076
Costa Rica;ENFT 4;2015;headcount_rural_USD6.85;37,797527
Costa Rica;ENFT 4;2015;headcount_urban_USD2.15;2,2632027
Costa Rica;ENFT 4;2015;headcount_urban_USD3.65;7,9801127
Costa Rica;ENFT 4;2015;headcount_urban_USD6.85;28,361682
Costa Rica;ENFT 4;2015;nbi1_headcount_urban;50,768636
Costa Rica;ENFT 4;2015;theil;0,38824237
Costa Rica;ENFT 4;2015;wolfson;0,40444786
Costa Rica;ENFT 4;2016;a1;0,30369914
Costa Rica;ENFT 4;2016;a2;0,53285457
Costa Rica;ENFT 4;2016;cv;1,1160407
Costa Rica;ENFT 4;2016;e0;0,36168079
Costa Rica;ENFT 4;2016;gini;0,45697651
Costa Rica;ENFT 4;2016;gini_pci_rural;0,41220764
Costa Rica;ENFT 4;2016;gini_pci_urban;0,46209767
Costa Rica;ENFT 4;2016;headcount_national_USD2.15;2,0301723
Costa Rica;ENFT 4;2016;headcount_national_USD2.15;1,2324151
Costa Rica;ENFT 4;2016;headcount_national_USD3.65;8,0499105
Costa Rica;ENFT 4;2016;headcount_national_USD3.65;6,0644766
Costa Rica;ENFT 4;2016;headcount_national_USD6.85;28,730573
Costa Rica;ENFT 4;2016;headcount_national_USD6.85;27,853011
Costa Rica;ENFT 4;2016;headcount_rural_USD2.15;1,8126881
Costa Rica;ENFT 4;2016;headcount_rural_USD2.15;1,6888861
Costa Rica;ENFT 4;2016;headcount_rural_USD3.65;9,9041166
Costa Rica;ENFT 4;2016;headcount_rural_USD3.65;7,5343752
Costa Rica;ENFT 4;2016;headcount_rural_USD6.85;36,880133
Costa Rica;ENFT 4;2016;headcount_rural_USD6.85;31,261008
Costa Rica;ENFT 4;2016;headcount_urban_USD2.15;2,0855368
Costa Rica;ENFT 4;2016;headcount_urban_USD2.15;1,1155513
Costa Rica;ENFT 4;2016;headcount_urban_USD3.65;7,5778891
Costa Rica;ENFT 4;2016;headcount_urban_USD3.65;5,6881596
Costa Rica;ENFT 4;2016;headcount_urban_USD6.85;26,655956
Costa Rica;ENFT 4;2016;headcount_urban_USD6.85;26,98051
Costa Rica;ENFT 4;2016;nbi1_headcount_urban;47,604321
Costa Rica;ENFT 4;2016;theil;0,38595415
Costa Rica;ENFT 4;2016;wolfson;0,41060412
Costa Rica;ENFT 4;2017;headcount_national_USD2.15;1,0015451
Costa Rica;ENFT 4;2017;headcount_national_USD3.65;5,3680276
Costa Rica;ENFT 4;2017;headcount_national_USD6.85;25,548364
Costa Rica;ENFT 4;2017;headcount_rural_USD2.15;1,0537607
Costa Rica;ENFT 4;2017;headcount_rural_USD3.65;5,5846015
Costa Rica;ENFT 4;2017;headcount_rural_USD6.85;27,801181
Costa Rica;ENFT 4;2017;headcount_urban_USD2.15;0,98878079
Costa Rica;ENFT 4;2017;headcount_urban_USD3.65;5,3150851
Costa Rica;ENFT 4;2017;headcount_urban_USD6.85;24,997652
Costa Rica;ENFT 4;2018;headcount_national_USD2.15;0,83553441
Costa Rica;ENFT 4;2018;headcount_national_USD3.65;4,2007689
Costa Rica;ENFT 4;2018;headcount_national_USD6.85;22,208529
Costa Rica;ENFT 4;2018;headcount_rural_USD2.15;0,75016279
Costa Rica;ENFT 4;2018;headcount_rural_USD3.65;4,7069683
Costa Rica;ENFT 4;2018;headcount_rural_USD6.85;25,116063
Costa Rica;ENFT 4;2018;headcount_urban_USD2.15;0,85547916
Costa Rica;ENFT 4;2018;headcount_urban_USD3.65;4,0825092
Costa Rica;ENFT 4;2018;headcount_urban_USD6.85;21,529263
Costa Rica;ENFT 4;2019;headcount_national_USD2.15;0,83268662
Costa Rica;ENFT 4;2019;headcount_national_USD3.65;3,5359498
Costa Rica;ENFT 4;2019;headcount_national_USD6.85;20,191881
Costa Rica;ENFT 4;2019;headcount_rural_USD2.15;0,74839993
Costa Rica;ENFT 4;2019;headcount_rural_USD3.65;3,3393727
Costa Rica;ENFT 4;2019;headcount_rural_USD6.85;22,45744
Costa Rica;ENFT 4;2019;headcount_urban_USD2.15;0,85150843
Costa Rica;ENFT 4;2019;headcount_urban_USD3.65;3,5798468
Costa Rica;ENFT 4;2019;headcount_urban_USD6.85;19,685966
Costa Rica;ENFT 4;2020;headcount_national_USD2.15;0,95941836
Costa Rica;ENFT 4;2020;headcount_national_USD3.65;5,175084
Costa Rica;ENFT 4;2020;headcount_national_USD6.85;23,217483
Costa Rica;ENFT 4;2020;headcount_rural_USD2.15;0,75171494
Costa Rica;ENFT 4;2020;headcount_rural_USD3.65;5,3736309
Costa Rica;ENFT 4;2020;headcount_rural_USD6.85;21,612333
Costa Rica;ENFT 4;2020;headcount_urban_USD2.15;1,0040473
Costa Rica;ENFT 4;2020;headcount_urban_USD3.65;5,1324226
Costa Rica;ENFT 4;2020;headcount_urban_USD6.85;23,562379
Costa Rica;ENFT 4;2021;headcount_national_USD2.15;0,85372851
Costa Rica;ENFT 4;2021;headcount_national_USD3.65;4,3445675
Costa Rica;ENFT 4;2021;headcount_national_USD6.85;23,223656
Costa Rica;ENFT 4;2021;headcount_rural_USD2.15;1,0534758
Costa Rica;ENFT 4;2021;headcount_rural_USD3.65;4,420849
Costa Rica;ENFT 4;2021;headcount_rural_USD6.85;22,620416
Costa Rica;ENFT 4;2021;headcount_urban_USD2.15;0,8124706
Costa Rica;ENFT 4;2021;headcount_urban_USD3.65;4,3288115
Costa Rica;ENFT 4;2021;headcount_urban_USD6.85;23,348256
Costa Rica;ENFT 4;2022;headcount_national_USD2.15;0,8
Costa Rica;ENFT 4;2022;headcount_national_USD3.65;4,0
Costa Rica;ENFT 4;2022;headcount_national_USD6.85;21,5
Costa Rica;ENFT 4;2022;headcount_rural_USD2.15;0,6
Costa Rica;ENFT 4;2022;headcount_rural_USD3.65;4,0
Costa Rica;ENFT 4;2022;headcount_rural_USD6.85;22,2
Costa Rica;ENFT 4;2022;headcount_urban_USD2.15;0,8
Costa Rica;ENFT 4;2022;headcount_urban_USD3.65;4,0
Costa Rica;ENFT 4;2022;headcount_urban_USD6.85;21,4
Costa Rica;With Implicit Rent;2001;a1;0,38834968
Costa Rica;With Implicit Rent;2001;a2;0,68271496
Costa Rica;With Implicit Rent;2001;cv;1,3521165
Costa Rica;With Implicit Rent;2001;e0;0,49170118
Costa Rica;With Implicit Rent;2001;gini;0,51351281
Costa Rica;With Implicit Rent;2001;gini_pci_rural;0,50102596
Costa Rica;With Implicit Rent;2001;gini_pci_urban;0,48945854
Costa Rica;With Implicit Rent;2001;headcount_national_USD2.15;5,094759
Costa Rica;With Implicit Rent;2001;headcount_national_USD3.65;11,528378
Costa Rica;With Implicit Rent;2001;headcount_national_USD6.85;27,99193
Costa Rica;With Implicit Rent;2001;headcount_rural_USD2.15;8,5129092
Costa Rica;With Implicit Rent;2001;headcount_rural_USD3.65;18,92648
Costa Rica;With Implicit Rent;2001;headcount_rural_USD6.85;41,005402
Costa Rica;With Implicit Rent;2001;headcount_urban_USD2.15;2,4707602
Costa Rica;With Implicit Rent;2001;headcount_urban_USD3.65;5,8491042
Costa Rica;With Implicit Rent;2001;headcount_urban_USD6.85;18,001926
Costa Rica;With Implicit Rent;2001;theil;0,50304467
Costa Rica;With Implicit Rent;2001;wolfson;0,48577672
Costa Rica;With Implicit Rent;2002;a1;0,38707006
Costa Rica;With Implicit Rent;2002;a2;0,65553708
Costa Rica;With Implicit Rent;2002;cv;1,464367
Costa Rica;With Implicit Rent;2002;e0;0,48986473
Costa Rica;With Implicit Rent;2002;gini;0,51591889
Costa Rica;With Implicit Rent;2002;gini_pci_rural;0,50436665
Costa Rica;With Implicit Rent;2002;gini_pci_urban;0,49447921
Costa Rica;With Implicit Rent;2002;headcount_national_USD2.15;4,6752875
Costa Rica;With Implicit Rent;2002;headcount_national_USD3.65;10,51742
Costa Rica;With Implicit Rent;2002;headcount_national_USD6.85;27,793448
Costa Rica;With Implicit Rent;2002;headcount_rural_USD2.15;8,1245744
Costa Rica;With Implicit Rent;2002;headcount_rural_USD3.65;17,450053
Costa Rica;With Implicit Rent;2002;headcount_rural_USD6.85;40,617424
Costa Rica;With Implicit Rent;2002;headcount_urban_USD2.15;2,0854725
Costa Rica;With Implicit Rent;2002;headcount_urban_USD3.65;5,3122178
Costa Rica;With Implicit Rent;2002;headcount_urban_USD6.85;18,16487
Costa Rica;With Implicit Rent;2002;theil;0,52008941
Costa Rica;With Implicit Rent;2002;wolfson;0,47984069
Costa Rica;With Implicit Rent;2003;a1;0,3612087
Costa Rica;With Implicit Rent;2003;a2;0,6338791
Costa Rica;With Implicit Rent;2003;cv;1,2478606
Costa Rica;With Implicit Rent;2003;e0;0,44782376
Costa Rica;With Implicit Rent;2003;gini;0,49125183
Costa Rica;With Implicit Rent;2003;gini_pci_rural;0,47865486
Costa Rica;With Implicit Rent;2003;gini_pci_urban;0,46744721
Costa Rica;With Implicit Rent;2003;headcount_national_USD2.15;4,7242848
Costa Rica;With Implicit Rent;2003;headcount_national_USD3.65;10,49784
Costa Rica;With Implicit Rent;2003;headcount_national_USD6.85;26,476872
Costa Rica;With Implicit Rent;2003;headcount_rural_USD2.15;8,3272525
Costa Rica;With Implicit Rent;2003;headcount_rural_USD3.65;16,809418
Costa Rica;With Implicit Rent;2003;headcount_rural_USD6.85;38,714483
Costa Rica;With Implicit Rent;2003;headcount_urban_USD2.15;2,0578332
Costa Rica;With Implicit Rent;2003;headcount_urban_USD3.65;5,8268246
Costa Rica;With Implicit Rent;2003;headcount_urban_USD6.85;17,420172
Costa Rica;With Implicit Rent;2003;theil;0,44778228
Costa Rica;With Implicit Rent;2003;wolfson;0,47411208
Costa Rica;With Implicit Rent;2004;a1;0,34869524
Costa Rica;With Implicit Rent;2004;a2;0,63069908
Costa Rica;With Implicit Rent;2004;cv;1,1943018
Costa Rica;With Implicit Rent;2004;e0;0,42877838
Costa Rica;With Implicit Rent;2004;gini;0,48311967
Costa Rica;With Implicit Rent;2004;gini_pci_rural;0,46432731
Costa Rica;With Implicit Rent;2004;gini_pci_urban;0,46462411
Costa Rica;With Implicit Rent;2004;headcount_national_USD2.15;4,6634713
Costa Rica;With Implicit Rent;2004;headcount_national_USD3.65;9,8382594
Costa Rica;With Implicit Rent;2004;headcount_national_USD6.85;27,929032
Costa Rica;With Implicit Rent;2004;headcount_rural_USD2.15;7,9016009
Costa Rica;With Implicit Rent;2004;headcount_rural_USD3.65;15,920046
Costa Rica;With Implicit Rent;2004;headcount_rural_USD6.85;40,534774
Costa Rica;With Implicit Rent;2004;headcount_urban_USD2.15;2,3323277
Costa Rica;With Implicit Rent;2004;headcount_urban_USD3.65;5,4599549
Costa Rica;With Implicit Rent;2004;headcount_urban_USD6.85;18,854104
Costa Rica;With Implicit Rent;2004;theil;0,43054417
Costa Rica;With Implicit Rent;2004;wolfson;0,45701501
Costa Rica;With Implicit Rent;2005;a1;0,33209266
Costa Rica;With Implicit Rent;2005;a2;0,57054863
Costa Rica;With Implicit Rent;2005;cv;1,180451
Costa Rica;With Implicit Rent;2005;e0;0,40336914
Costa Rica;With Implicit Rent;2005;gini;0,47434125
Costa Rica;With Implicit Rent;2005;gini_pci_rural;0,45480552
Costa Rica;With Implicit Rent;2005;gini_pci_urban;0,46157524
Costa Rica;With Implicit Rent;2005;headcount_national_USD2.15;3,3339497
Costa Rica;With Implicit Rent;2005;headcount_national_USD3.65;8,4585264
Costa Rica;With Implicit Rent;2005;headcount_national_USD6.85;25,359673
Costa Rica;With Implicit Rent;2005;headcount_rural_USD2.15;4,9935234
Costa Rica;With Implicit Rent;2005;headcount_rural_USD3.65;13,759428
Costa Rica;With Implicit Rent;2005;headcount_rural_USD6.85;35,335671
Costa Rica;With Implicit Rent;2005;headcount_urban_USD2.15;2,1455681
Costa Rica;With Implicit Rent;2005;headcount_urban_USD3.65;4,662676
Costa Rica;With Implicit Rent;2005;headcount_urban_USD6.85;18,216096
Costa Rica;With Implicit Rent;2005;theil;0,41381127
Costa Rica;With Implicit Rent;2005;wolfson;0,44855427
Costa Rica;With Implicit Rent;2006;a1;0,35136371
Costa Rica;With Implicit Rent;2006;a2;0,58902059
Costa Rica;With Implicit Rent;2006;cv;1,2882834
Costa Rica;With Implicit Rent;2006;e0;0,43278043
Costa Rica;With Implicit Rent;2006;gini;0,49176731
Costa Rica;With Implicit Rent;2006;gini_pci_rural;0,46721031
Costa Rica;With Implicit Rent;2006;gini_pci_urban;0,48213008
Costa Rica;With Implicit Rent;2006;headcount_national_USD2.15;3,3378455
Costa Rica;With Implicit Rent;2006;headcount_national_USD3.65;8,2493508
Costa Rica;With Implicit Rent;2006;headcount_national_USD6.85;25,087444
Costa Rica;With Implicit Rent;2006;headcount_rural_USD2.15;5,3919021
Costa Rica;With Implicit Rent;2006;headcount_rural_USD3.65;12,258841
Costa Rica;With Implicit Rent;2006;headcount_rural_USD6.85;34,192903
Costa Rica;With Implicit Rent;2006;headcount_urban_USD2.15;1,8511231
Costa Rica;With Implicit Rent;2006;headcount_urban_USD3.65;5,3472893
Costa Rica;With Implicit Rent;2006;headcount_urban_USD6.85;18,496929
Costa Rica;With Implicit Rent;2006;theil;0,45880749
Costa Rica;With Implicit Rent;2006;wolfson;0,45431809
Costa Rica;With Implicit Rent;2007;a1;0,34883663
Costa Rica;With Implicit Rent;2007;a2;0,575643
Costa Rica;With Implicit Rent;2007;cv;1,4757693
Costa Rica;With Implicit Rent;2007;e0;0,4288098
Costa Rica;With Implicit Rent;2007;gini;0,49281105
Costa Rica;With Implicit Rent;2007;gini_pci_rural;0,45711898
Costa Rica;With Implicit Rent;2007;gini_pci_urban;0,4875375
Costa Rica;With Implicit Rent;2007;headcount_national_USD2.15;1,820663
Costa Rica;With Implicit Rent;2007;headcount_national_USD3.65;5,922898
Costa Rica;With Implicit Rent;2007;headcount_national_USD6.85;20,334911
Costa Rica;With Implicit Rent;2007;headcount_rural_USD2.15;3,1069788
Costa Rica;With Implicit Rent;2007;headcount_rural_USD3.65;9,4865534
Costa Rica;With Implicit Rent;2007;headcount_rural_USD6.85;29,25024
Costa Rica;With Implicit Rent;2007;headcount_urban_USD2.15;0,88782054
Costa Rica;With Implicit Rent;2007;headcount_urban_USD3.65;3,338518
Costa Rica;With Implicit Rent;2007;headcount_urban_USD6.85;13,869472
Costa Rica;With Implicit Rent;2007;theil;0,48261395
Costa Rica;With Implicit Rent;2007;wolfson;0,43962428
Costa Rica;With Implicit Rent;2008;a1;0,34091344
Costa Rica;With Implicit Rent;2008;a2;0,57003103
Costa Rica;With Implicit Rent;2008;cv;1,3128407
Costa Rica;With Implicit Rent;2008;e0;0,41683644
Costa Rica;With Implicit Rent;2008;gini;0,48517872
Costa Rica;With Implicit Rent;2008;gini_pci_rural;0,45444308
Costa Rica;With Implicit Rent;2008;gini_pci_urban;0,47918921
Costa Rica;With Implicit Rent;2008;headcount_national_USD2.15;2,4206099
Costa Rica;With Implicit Rent;2008;headcount_national_USD3.65;5,7363985
Costa Rica;With Implicit Rent;2008;headcount_national_USD6.85;19,991203
Costa Rica;With Implicit Rent;2008;headcount_rural_USD2.15;3,6126023
Costa Rica;With Implicit Rent;2008;headcount_rural_USD3.65;8,5764263
Costa Rica;With Implicit Rent;2008;headcount_rural_USD6.85;27,8625
Costa Rica;With Implicit Rent;2008;headcount_urban_USD2.15;1,5207752
Costa Rica;With Implicit Rent;2008;headcount_urban_USD3.65;3,5924623
Costa Rica;With Implicit Rent;2008;headcount_urban_USD6.85;14,049163
Costa Rica;With Implicit Rent;2008;theil;0,45232221
Costa Rica;With Implicit Rent;2008;wolfson;0,44945263
Costa Rica;With Implicit Rent;2009;a1;0,36514317
Costa Rica;With Implicit Rent;2009;a2;0,60262805
Costa Rica;With Implicit Rent;2009;cv;1,3342329
Costa Rica;With Implicit Rent;2009;e0;0,45404063
Costa Rica;With Implicit Rent;2009;gini;0,50406201
Costa Rica;With Implicit Rent;2009;gini_pci_rural;0,47633225
Costa Rica;With Implicit Rent;2009;gini_pci_urban;0,49720553
Costa Rica;With Implicit Rent;2009;headcount_national_USD2.15;2,4773993
Costa Rica;With Implicit Rent;2009;headcount_national_USD3.65;6,0567027
Costa Rica;With Implicit Rent;2009;headcount_national_USD6.85;19,406184
Costa Rica;With Implicit Rent;2009;headcount_rural_USD2.15;3,9619385
Costa Rica;With Implicit Rent;2009;headcount_rural_USD3.65;9,3751253
Costa Rica;With Implicit Rent;2009;headcount_rural_USD6.85;26,613448
Costa Rica;With Implicit Rent;2009;headcount_urban_USD2.15;1,414213
Costa Rica;With Implicit Rent;2009;headcount_urban_USD3.65;3,6801393
Costa Rica;With Implicit Rent;2009;headcount_urban_USD6.85;14,244539
Costa Rica;With Implicit Rent;2009;theil;0,48349406
Costa Rica;With Implicit Rent;2009;wolfson;0,47314355
Costa Rica;With Implicit Rent;2010;headcount_national_USD2.15;1,4892362
Costa Rica;With Implicit Rent;2010;headcount_national_USD3.65;4,0792353
Costa Rica;With Implicit Rent;2010;headcount_national_USD6.85;15,611215
Costa Rica;With Implicit Rent;2010;headcount_rural_USD2.15;3,2522654
Costa Rica;With Implicit Rent;2010;headcount_rural_USD3.65;8,5088895
Costa Rica;With Implicit Rent;2010;headcount_rural_USD6.85;26,833887
Costa Rica;With Implicit Rent;2010;headcount_urban_USD2.15;0,82937968
Costa Rica;With Implicit Rent;2010;headcount_urban_USD3.65;2,4213295
Costa Rica;With Implicit Rent;2010;headcount_urban_USD6.85;11,410856
Costa Rica;With Implicit Rent;2011;headcount_national_USD2.15;1,7502994
Costa Rica;With Implicit Rent;2011;headcount_national_USD3.65;4,8340574
Costa Rica;With Implicit Rent;2011;headcount_national_USD6.85;16,435834
Costa Rica;With Implicit Rent;2011;headcount_rural_USD2.15;2,9172616
Costa Rica;With Implicit Rent;2011;headcount_rural_USD3.65;8,5100891
Costa Rica;With Implicit Rent;2011;headcount_rural_USD6.85;25,969808
Costa Rica;With Implicit Rent;2011;headcount_urban_USD2.15;1,3134122
Costa Rica;With Implicit Rent;2011;headcount_urban_USD3.65;3,4578248
Costa Rica;With Implicit Rent;2011;headcount_urban_USD6.85;12,866506
Costa Rica;With Implicit Rent;2012;headcount_national_USD2.15;1,6733679
Costa Rica;With Implicit Rent;2012;headcount_national_USD3.65;4,3949824
Costa Rica;With Implicit Rent;2012;headcount_national_USD6.85;15,551221
Costa Rica;With Implicit Rent;2012;headcount_rural_USD2.15;2,6017989
Costa Rica;With Implicit Rent;2012;headcount_rural_USD3.65;8,0270937
Costa Rica;With Implicit Rent;2012;headcount_rural_USD6.85;25,970567
Costa Rica;With Implicit Rent;2012;headcount_urban_USD2.15;1,325409
Costa Rica;With Implicit Rent;2012;headcount_urban_USD3.65;3,0337337
Costa Rica;With Implicit Rent;2012;headcount_urban_USD6.85;11,646241
Costa Rica;With Implicit Rent;2013;headcount_national_USD2.15;1,6425788
Costa Rica;With Implicit Rent;2013;headcount_national_USD3.65;4,3481691
Costa Rica;With Implicit Rent;2013;headcount_national_USD6.85;15,646446
Costa Rica;With Implicit Rent;2013;headcount_rural_USD2.15;3,0100428
Costa Rica;With Implicit Rent;2013;headcount_rural_USD3.65;8,3673067
Costa Rica;With Implicit Rent;2013;headcount_rural_USD6.85;25,494253
Costa Rica;With Implicit Rent;2013;headcount_urban_USD2.15;1,1291433
Costa Rica;With Implicit Rent;2013;headcount_urban_USD3.65;2,8391218
Costa Rica;With Implicit Rent;2013;headcount_urban_USD6.85;11,948935
Costa Rica;With Implicit Rent;2014;headcount_national_USD2.15;1,5053035
Costa Rica;With Implicit Rent;2014;headcount_national_USD3.65;4,251587
Costa Rica;With Implicit Rent;2014;headcount_national_USD6.85;15,140225
Costa Rica;With Implicit Rent;2014;headcount_rural_USD2.15;2,8128342
Costa Rica;With Implicit Rent;2014;headcount_rural_USD3.65;7,9885844
Costa Rica;With Implicit Rent;2014;headcount_rural_USD6.85;26,238178
Costa Rica;With Implicit Rent;2014;headcount_urban_USD2.15;1,0137991
Costa Rica;With Implicit Rent;2014;headcount_urban_USD3.65;2,8468394
Costa Rica;With Implicit Rent;2014;headcount_urban_USD6.85;10,968475
Costa Rica;With Implicit Rent;2015;headcount_national_USD2.15;1,5732269
Costa Rica;With Implicit Rent;2015;headcount_national_USD3.65;4,3861072
Costa Rica;With Implicit Rent;2015;headcount_national_USD6.85;14,78647
Costa Rica;With Implicit Rent;2015;headcount_rural_USD2.15;3,111892
Costa Rica;With Implicit Rent;2015;headcount_rural_USD3.65;7,4810168
Costa Rica;With Implicit Rent;2015;headcount_rural_USD6.85;22,981431
Costa Rica;With Implicit Rent;2015;headcount_urban_USD2.15;0,99357472
Costa Rica;With Implicit Rent;2015;headcount_urban_USD3.65;3,2201803
Costa Rica;With Implicit Rent;2015;headcount_urban_USD6.85;11,699231
Costa Rica;With Implicit Rent;2016;headcount_national_USD2.15;1,3367381
Costa Rica;With Implicit Rent;2016;headcount_national_USD3.65;4,055177
Costa Rica;With Implicit Rent;2016;headcount_national_USD6.85;14,214616
Costa Rica;With Implicit Rent;2016;headcount_rural_USD2.15;2,1884837
Costa Rica;With Implicit Rent;2016;headcount_rural_USD3.65;6,8605822
Costa Rica;With Implicit Rent;2016;headcount_rural_USD6.85;22,788221
Costa Rica;With Implicit Rent;2016;headcount_urban_USD2.15;1,0158795
Costa Rica;With Implicit Rent;2016;headcount_urban_USD3.65;2,998361
Costa Rica;With Implicit Rent;2016;headcount_urban_USD6.85;10,984878
Costa Rica;With Implicit Rent;2017;headcount_national_USD2.15;1,172351
Costa Rica;With Implicit Rent;2017;headcount_national_USD3.65;3,0860656
Costa Rica;With Implicit Rent;2017;headcount_national_USD6.85;12,855002
Costa Rica;With Implicit Rent;2017;headcount_rural_USD2.15;1,7076043
Costa Rica;With Implicit Rent;2017;headcount_rural_USD3.65;4,5798034
Costa Rica;With Implicit Rent;2017;headcount_rural_USD6.85;19,075036
Costa Rica;With Implicit Rent;2017;headcount_urban_USD2.15;0,97015346
Costa Rica;With Implicit Rent;2017;headcount_urban_USD3.65;2,5217903
Costa Rica;With Implicit Rent;2017;headcount_urban_USD6.85;10,505319
Costa Rica;With Implicit Rent;2018;headcount_national_USD2.15;1,5057526
Costa Rica;With Implicit Rent;2018;headcount_national_USD3.65;3,9590825
Costa Rica;With Implicit Rent;2018;headcount_national_USD6.85;13,87373
Costa Rica;With Implicit Rent;2018;headcount_rural_USD2.15;2,28789
Costa Rica;With Implicit Rent;2018;headcount_rural_USD3.65;5,8071655
Costa Rica;With Implicit Rent;2018;headcount_rural_USD6.85;20,170609
Costa Rica;With Implicit Rent;2018;headcount_urban_USD2.15;1,2092771
Costa Rica;With Implicit Rent;2018;headcount_urban_USD3.65;3,2585517
Costa Rica;With Implicit Rent;2018;headcount_urban_USD6.85;11,486847
Costa Rica;With Implicit Rent;2019;headcount_national_USD2.15;1,0571395
Costa Rica;With Implicit Rent;2019;headcount_national_USD3.65;3,461355
Costa Rica;With Implicit Rent;2019;headcount_national_USD6.85;13,671002
Costa Rica;With Implicit Rent;2019;headcount_rural_USD2.15;1,1487636
Costa Rica;With Implicit Rent;2019;headcount_rural_USD3.65;4,8563631
Costa Rica;With Implicit Rent;2019;headcount_rural_USD6.85;19,708231
Costa Rica;With Implicit Rent;2019;headcount_urban_USD2.15;1,022405
Costa Rica;With Implicit Rent;2019;headcount_urban_USD3.65;2,9325113
Costa Rica;With Implicit Rent;2019;headcount_urban_USD6.85;11,382306
Costa Rica;With Implicit Rent;2020;headcount_national_USD2.15;2,2913267
Costa Rica;With Implicit Rent;2020;headcount_national_USD3.65;5,9506397
Costa Rica;With Implicit Rent;2020;headcount_national_USD6.85;19,869723
Costa Rica;With Implicit Rent;2020;headcount_rural_USD2.15;2,3736918
Costa Rica;With Implicit Rent;2020;headcount_rural_USD3.65;7,3273161
Costa Rica;With Implicit Rent;2020;headcount_rural_USD6.85;25,068225
Costa Rica;With Implicit Rent;2020;headcount_urban_USD2.15;2,2600711
Costa Rica;With Implicit Rent;2020;headcount_urban_USD3.65;5,4282244
Costa Rica;With Implicit Rent;2020;headcount_urban_USD6.85;17,897018
Costa Rica;With Implicit Rent;2021;headcount_national_USD2.15;1,2274487
Costa Rica;With Implicit Rent;2021;headcount_national_USD3.65;3,6923379
Costa Rica;With Implicit Rent;2021;headcount_national_USD6.85;14,275986
Costa Rica;With Implicit Rent;2021;headcount_rural_USD2.15;1,5474118
Costa Rica;With Implicit Rent;2021;headcount_rural_USD3.65;5,956602
Costa Rica;With Implicit Rent;2021;headcount_rural_USD6.85;20,576104
Costa Rica;With Implicit Rent;2021;headcount_urban_USD2.15;1,1058393
Costa Rica;With Implicit Rent;2021;headcount_urban_USD3.65;2,8317518
Costa Rica;With Implicit Rent;2021;headcount_urban_USD6.85;11,88148
Costa Rica;With Implicit Rent;2022;headcount_national_USD2.15;0,88687355
Costa Rica;With Implicit Rent;2022;headcount_national_USD3.65;3,3232362
Costa Rica;With Implicit Rent;2022;headcount_national_USD6.85;14,052096
Costa Rica;With Implicit Rent;2022;headcount_rural_USD2.15;1,1769336
Costa Rica;With Implicit Rent;2022;headcount_rural_USD3.65;4,7531455
Costa Rica;With Implicit Rent;2022;headcount_rural_USD6.85;20,590417
Costa Rica;With Implicit Rent;2022;headcount_urban_USD2.15;0,77645495
Costa Rica;With Implicit Rent;2022;headcount_urban_USD3.65;2,7789053
Costa Rica;With Implicit Rent;2022;headcount_urban_USD6.85;11,56312
Costa Rica;With Implicit Rent;2023;headcount_national_USD2.15;0,88261968
Costa Rica;With Implicit Rent;2023;headcount_national_USD3.65;3,0435181
Costa Rica;With Implicit Rent;2023;headcount_national_USD6.85;12,673093
Costa Rica;With Implicit Rent;2023;headcount_rural_USD2.15;1,4227275
Costa Rica;With Implicit Rent;2023;headcount_rural_USD3.65;4,4266998
Costa Rica;With Implicit Rent;2023;headcount_rural_USD6.85;18,525908
Costa Rica;With Implicit Rent;2023;headcount_urban_USD2.15;0,67661203
Costa Rica;With Implicit Rent;2023;headcount_urban_USD3.65;2,5159457
Costa Rica;With Implicit Rent;2023;headcount_urban_USD6.85;10,440715
Costa Rica;Without Implicit Rent;1989;a1;0,29995446
Costa Rica;Without Implicit Rent;1989;a2;0,55150259
Costa Rica;Without Implicit Rent;1989;cv;1,0893206
Costa Rica;Without Implicit Rent;1989;e0;0,35691281
Costa Rica;Without Implicit Rent;1989;gini;0,43974342
Costa Rica;Without Implicit Rent;1989;gini_pci_rural;0,41753391
Costa Rica;Without Implicit Rent;1989;gini_pci_urban;0,42827685
Costa Rica;Without Implicit Rent;1989;headcount_national_USD2.15;10,552571
Costa Rica;Without Implicit Rent;1989;headcount_national_USD3.65;21,498078
Costa Rica;Without Implicit Rent;1989;headcount_national_USD6.85;47,372564
Costa Rica;Without Implicit Rent;1989;headcount_rural_USD2.15;12,954342
Costa Rica;Without Implicit Rent;1989;headcount_rural_USD3.65;27,465376
Costa Rica;Without Implicit Rent;1989;headcount_rural_USD6.85;56,58702
Costa Rica;Without Implicit Rent;1989;headcount_urban_USD2.15;7,3231948
Costa Rica;Without Implicit Rent;1989;headcount_urban_USD3.65;13,474559
Costa Rica;Without Implicit Rent;1989;headcount_urban_USD6.85;34,982977
Costa Rica;Without Implicit Rent;1989;theil;0,35420471
Costa Rica;Without Implicit Rent;1989;wolfson;0,39173667
Costa Rica;Without Implicit Rent;1990;a1;0,3022379
Costa Rica;Without Implicit Rent;1990;a2;0,57195962
Costa Rica;Without Implicit Rent;1990;cv;1,0324914
Costa Rica;Without Implicit Rent;1990;e0;0,36030424
Costa Rica;Without Implicit Rent;1990;gini;0,43956162
Costa Rica;Without Implicit Rent;1990;gini_pci_rural;0,42867529
Costa Rica;Without Implicit Rent;1990;gini_pci_urban;0,42136126
Costa Rica;Without Implicit Rent;1990;headcount_national_USD2.15;10,376102
Costa Rica;Without Implicit Rent;1990;headcount_national_USD3.65;20,804466
Costa Rica;Without Implicit Rent;1990;headcount_national_USD6.85;45,639535
Costa Rica;Without Implicit Rent;1990;headcount_rural_USD2.15;13,587986
Costa Rica;Without Implicit Rent;1990;headcount_rural_USD3.65;27,436351
Costa Rica;Without Implicit Rent;1990;headcount_rural_USD6.85;54,698042
Costa Rica;Without Implicit Rent;1990;headcount_urban_USD2.15;6,3443129
Costa Rica;Without Implicit Rent;1990;headcount_urban_USD3.65;12,479643
Costa Rica;Without Implicit Rent;1990;headcount_urban_USD6.85;34,26864
Costa Rica;Without Implicit Rent;1990;theil;0,34885624
Costa Rica;Without Implicit Rent;1990;wolfson;0,40370855
Costa Rica;Without Implicit Rent;1991;a1;0,31690611
Costa Rica;Without Implicit Rent;1991;a2;0,57462788
Costa Rica;Without Implicit Rent;1991;cv;1,2258842
Costa Rica;Without Implicit Rent;1991;e0;0,38099508
Costa Rica;Without Implicit Rent;1991;gini;0,45351549
Costa Rica;Without Implicit Rent;1991;gini_pci_rural;0,44741471
Costa Rica;Without Implicit Rent;1991;gini_pci_urban;0,43591217
Costa Rica;Without Implicit Rent;1991;headcount_national_USD2.15;12,413739
Costa Rica;Without Implicit Rent;1991;headcount_national_USD3.65;24,508655
Costa Rica;Without Implicit Rent;1991;headcount_national_USD6.85;51,414654
Costa Rica;Without Implicit Rent;1991;headcount_rural_USD2.15;15,674713
Costa Rica;Without Implicit Rent;1991;headcount_rural_USD3.65;30,942419
Costa Rica;Without Implicit Rent;1991;headcount_rural_USD6.85;59,44089
Costa Rica;Without Implicit Rent;1991;headcount_urban_USD2.15;8,0355795
Costa Rica;Without Implicit Rent;1991;headcount_urban_USD3.65;15,870732
Costa Rica;Without Implicit Rent;1991;headcount_urban_USD6.85;40,638689
Costa Rica;Without Implicit Rent;1991;theil;0,38772309
Costa Rica;Without Implicit Rent;1991;wolfson;0,41531845
Costa Rica;Without Implicit Rent;1992;a1;0,30734068
Costa Rica;Without Implicit Rent;1992;a2;0,56420403
Costa Rica;Without Implicit Rent;1992;cv;1,1055982
Costa Rica;Without Implicit Rent;1992;e0;0,36744441
Costa Rica;Without Implicit Rent;1992;gini;0,44642596
Costa Rica;Without Implicit Rent;1992;gini_pci_rural;0,42906842
Costa Rica;Without Implicit Rent;1992;gini_pci_urban;0,44354599
Costa Rica;Without Implicit Rent;1992;headcount_national_USD2.15;9,941776
Costa Rica;Without Implicit Rent;1992;headcount_national_USD3.65;21,164497
Costa Rica;Without Implicit Rent;1992;headcount_national_USD6.85;48,040636
Costa Rica;Without Implicit Rent;1992;headcount_rural_USD2.15;12,927437
Costa Rica;Without Implicit Rent;1992;headcount_rural_USD3.65;26,507797
Costa Rica;Without Implicit Rent;1992;headcount_rural_USD6.85;54,96994
Costa Rica;Without Implicit Rent;1992;headcount_urban_USD2.15;6,0591281
Costa Rica;Without Implicit Rent;1992;headcount_urban_USD3.65;14,215901
Costa Rica;Without Implicit Rent;1992;headcount_urban_USD6.85;39,029551
Costa Rica;Without Implicit Rent;1992;theil;0,36932334
Costa Rica;Without Implicit Rent;1992;wolfson;0,40554928
Costa Rica;Without Implicit Rent;1993;a1;0,30670813
Costa Rica;Without Implicit Rent;1993;a2;0,58325836
Costa Rica;Without Implicit Rent;1993;cv;1,1173234
Costa Rica;Without Implicit Rent;1993;e0;0,36678297
Costa Rica;Without Implicit Rent;1993;gini;0,4468554
Costa Rica;Without Implicit Rent;1993;gini_pci_rural;0,4336772
Costa Rica;Without Implicit Rent;1993;gini_pci_urban;0,43533945
Costa Rica;Without Implicit Rent;1993;headcount_national_USD2.15;8,5273535
Costa Rica;Without Implicit Rent;1993;headcount_national_USD3.65;17,411264
Costa Rica;Without Implicit Rent;1993;headcount_national_USD6.85;40,864243
Costa Rica;Without Implicit Rent;1993;headcount_rural_USD2.15;11,256897
Costa Rica;Without Implicit Rent;1993;headcount_rural_USD3.65;23,350325
Costa Rica;Without Implicit Rent;1993;headcount_rural_USD6.85;49,352608
Costa Rica;Without Implicit Rent;1993;headcount_urban_USD2.15;4,8569418
Costa Rica;Without Implicit Rent;1993;headcount_urban_USD3.65;9,425021
Costa Rica;Without Implicit Rent;1993;headcount_urban_USD6.85;29,449958
Costa Rica;Without Implicit Rent;1993;theil;0,36521127
Costa Rica;Without Implicit Rent;1993;wolfson;0,41557787
Costa Rica;Without Implicit Rent;1994;a1;0,31684944
Costa Rica;Without Implicit Rent;1994;a2;0,56144894
Costa Rica;Without Implicit Rent;1994;cv;1,1735075
Costa Rica;Without Implicit Rent;1994;e0;0,38140559
Costa Rica;Without Implicit Rent;1994;gini;0,4580837
Costa Rica;Without Implicit Rent;1994;gini_pci_rural;0,43516609
Costa Rica;Without Implicit Rent;1994;gini_pci_urban;0,44455582
Costa Rica;Without Implicit Rent;1994;headcount_national_USD2.15;7,0410642
Costa Rica;Without Implicit Rent;1994;headcount_national_USD3.65;14,689736
Costa Rica;Without Implicit Rent;1994;headcount_national_USD6.85;36,57071
Costa Rica;Without Implicit Rent;1994;headcount_rural_USD2.15;9,4291386
Costa Rica;Without Implicit Rent;1994;headcount_rural_USD3.65;19,459647
Costa Rica;Without Implicit Rent;1994;headcount_rural_USD6.85;45,00405
Costa Rica;Without Implicit Rent;1994;headcount_urban_USD2.15;3,8206722
Costa Rica;Without Implicit Rent;1994;headcount_urban_USD3.65;8,2573642
Costa Rica;Without Implicit Rent;1994;headcount_urban_USD6.85;25,198091
Costa Rica;Without Implicit Rent;1994;theil;0,39408875
Costa Rica;Without Implicit Rent;1994;wolfson;0,40730193
Costa Rica;Without Implicit Rent;1995;a1;0,30748194
Costa Rica;Without Implicit Rent;1995;a2;0,57111788
Costa Rica;Without Implicit Rent;1995;cv;1,0767865
Costa Rica;Without Implicit Rent;1995;e0;0,36788724
Costa Rica;Without Implicit Rent;1995;gini;0,44747631
Costa Rica;Without Implicit Rent;1995;gini_pci_rural;0,43724909
Costa Rica;Without Implicit Rent;1995;gini_pci_urban;0,42884661
Costa Rica;Without Implicit Rent;1995;headcount_national_USD2.15;7,1334515
Costa Rica;Without Implicit Rent;1995;headcount_national_USD3.65;15,32558
Costa Rica;Without Implicit Rent;1995;headcount_national_USD6.85;37,038733
Costa Rica;Without Implicit Rent;1995;headcount_rural_USD2.15;10,095007
Costa Rica;Without Implicit Rent;1995;headcount_rural_USD3.65;20,559901
Costa Rica;Without Implicit Rent;1995;headcount_rural_USD6.85;46,476301
Costa Rica;Without Implicit Rent;1995;headcount_urban_USD2.15;3,1588652
Costa Rica;Without Implicit Rent;1995;headcount_urban_USD3.65;8,3008051
Costa Rica;Without Implicit Rent;1995;headcount_urban_USD6.85;24,372947
Costa Rica;Without Implicit Rent;1995;theil;0,36590562
Costa Rica;Without Implicit Rent;1995;wolfson;0,40830273
Costa Rica;Without Implicit Rent;1996;a1;0,32011173
Costa Rica;Without Implicit Rent;1996;a2;0,99056549
Costa Rica;Without Implicit Rent;1996;cv;1,0526058
Costa Rica;Without Implicit Rent;1996;e0;0,38547343
Costa Rica;Without Implicit Rent;1996;gini;0,45493363
Costa Rica;Without Implicit Rent;1996;gini_pci_rural;0,44740135
Costa Rica;Without Implicit Rent;1996;gini_pci_urban;0,43010976
Costa Rica;Without Implicit Rent;1996;headcount_national_USD2.15;8,2209241
Costa Rica;Without Implicit Rent;1996;headcount_national_USD3.65;17,593717
Costa Rica;Without Implicit Rent;1996;headcount_national_USD6.85;41,333246
Costa Rica;Without Implicit Rent;1996;headcount_rural_USD2.15;11,275275
Costa Rica;Without Implicit Rent;1996;headcount_rural_USD3.65;23,748143
Costa Rica;Without Implicit Rent;1996;headcount_rural_USD6.85;50,758268
Costa Rica;Without Implicit Rent;1996;headcount_urban_USD2.15;4,0315437
Costa Rica;Without Implicit Rent;1996;headcount_urban_USD3.65;9,1522407
Costa Rica;Without Implicit Rent;1996;headcount_urban_USD6.85;28,405786
Costa Rica;Without Implicit Rent;1996;theil;0,37099388
Costa Rica;Without Implicit Rent;1996;wolfson;0,42505224
Costa Rica;Without Implicit Rent;1997;a1;0,30522496
Costa Rica;Without Implicit Rent;1997;a2;0,54209565
Costa Rica;Without Implicit Rent;1997;cv;1,0816544
Costa Rica;Without Implicit Rent;1997;e0;0,36447632
Costa Rica;Without Implicit Rent;1997;gini;0,44898181
Costa Rica;Without Implicit Rent;1997;gini_pci_rural;0,42763685
Costa Rica;Without Implicit Rent;1997;gini_pci_urban;0,43758869
Costa Rica;Without Implicit Rent;1997;headcount_national_USD2.15;6,7248264
Costa Rica;Without Implicit Rent;1997;headcount_national_USD3.65;15,100013
Costa Rica;Without Implicit Rent;1997;headcount_national_USD6.85;38,139681
Costa Rica;Without Implicit Rent;1997;headcount_rural_USD2.15;8,7460064
Costa Rica;Without Implicit Rent;1997;headcount_rural_USD3.65;19,676707
Costa Rica;Without Implicit Rent;1997;headcount_rural_USD6.85;46,952086
Costa Rica;Without Implicit Rent;1997;headcount_urban_USD2.15;3,8921533
Costa Rica;Without Implicit Rent;1997;headcount_urban_USD3.65;8,6857997
Costa Rica;Without Implicit Rent;1997;headcount_urban_USD6.85;25,789142
Costa Rica;Without Implicit Rent;1997;theil;0,36728052
Costa Rica;Without Implicit Rent;1997;wolfson;0,41248673
Costa Rica;Without Implicit Rent;1998;a1;0,30416256
Costa Rica;Without Implicit Rent;1998;a2;0,53366192
Costa Rica;Without Implicit Rent;1998;cv;1,0547227
Costa Rica;Without Implicit Rent;1998;e0;0,3623124
Costa Rica;Without Implicit Rent;1998;gini;0,45053658
Costa Rica;Without Implicit Rent;1998;gini_pci_rural;0,4290382
Costa Rica;Without Implicit Rent;1998;gini_pci_urban;0,43750296
Costa Rica;Without Implicit Rent;1998;headcount_national_USD2.15;5,2241964
Costa Rica;Without Implicit Rent;1998;headcount_national_USD3.65;11,851184
Costa Rica;Without Implicit Rent;1998;headcount_national_USD6.85;33,580348
Costa Rica;Without Implicit Rent;1998;headcount_rural_USD2.15;7,1454707
Costa Rica;Without Implicit Rent;1998;headcount_rural_USD3.65;15,813834
Costa Rica;Without Implicit Rent;1998;headcount_rural_USD6.85;41,340203
Costa Rica;Without Implicit Rent;1998;headcount_urban_USD2.15;2,4452932
Costa Rica;Without Implicit Rent;1998;headcount_urban_USD3.65;6,1196651
Costa Rica;Without Implicit Rent;1998;headcount_urban_USD6.85;22,356609
Costa Rica;Without Implicit Rent;1998;theil;0,3656112
Costa Rica;Without Implicit Rent;1998;wolfson;0,42041351
Costa Rica;Without Implicit Rent;1999;a1;0,32942862
Costa Rica;Without Implicit Rent;1999;a2;0,57509719
Costa Rica;Without Implicit Rent;1999;cv;1,1156646
Costa Rica;Without Implicit Rent;1999;e0;0,39932143
Costa Rica;Without Implicit Rent;1999;gini;0,47009736
Costa Rica;Without Implicit Rent;1999;gini_pci_rural;0,45382166
Costa Rica;Without Implicit Rent;1999;gini_pci_urban;0,46287786
Costa Rica;Without Implicit Rent;1999;headcount_national_USD2.15;6,8184239
Costa Rica;Without Implicit Rent;1999;headcount_national_USD3.65;14,013288
Costa Rica;Without Implicit Rent;1999;headcount_national_USD6.85;36,052297
Costa Rica;Without Implicit Rent;1999;headcount_rural_USD2.15;8,8348263
Costa Rica;Without Implicit Rent;1999;headcount_rural_USD3.65;18,356547
Costa Rica;Without Implicit Rent;1999;headcount_rural_USD6.85;43,665621
Costa Rica;Without Implicit Rent;1999;headcount_urban_USD2.15;4,3438125
Costa Rica;Without Implicit Rent;1999;headcount_urban_USD3.65;8,6830625
Costa Rica;Without Implicit Rent;1999;headcount_urban_USD6.85;26,708915
Costa Rica;Without Implicit Rent;1999;theil;0,40177182
Costa Rica;Without Implicit Rent;1999;wolfson;0,43179826
Costa Rica;Without Implicit Rent;2000;a1;0,33272857
Costa Rica;Without Implicit Rent;2000;a2;0,99096393
Costa Rica;Without Implicit Rent;2000;cv;1,1203022
Costa Rica;Without Implicit Rent;2000;e0;0,404908
Costa Rica;Without Implicit Rent;2000;gini;0,4674193
Costa Rica;Without Implicit Rent;2000;gini_pci_rural;0,44610828
Costa Rica;Without Implicit Rent;2000;gini_pci_urban;0,45735799
Costa Rica;Without Implicit Rent;2000;headcount_national_USD2.15;6,9267938
Costa Rica;Without Implicit Rent;2000;headcount_national_USD3.65;14,775194
Costa Rica;Without Implicit Rent;2000;headcount_national_USD6.85;36,109002
Costa Rica;Without Implicit Rent;2000;headcount_rural_USD2.15;9,124547
Costa Rica;Without Implicit Rent;2000;headcount_rural_USD3.65;19,885882
Costa Rica;Without Implicit Rent;2000;headcount_rural_USD6.85;44,620826
Costa Rica;Without Implicit Rent;2000;headcount_urban_USD2.15;4,2974413
Costa Rica;Without Implicit Rent;2000;headcount_urban_USD3.65;8,6608595
Costa Rica;Without Implicit Rent;2000;headcount_urban_USD6.85;25,925608
Costa Rica;Without Implicit Rent;2000;theil;0,39994409
Costa Rica;Without Implicit Rent;2000;wolfson;0,42985432
Costa Rica;Without Implicit Rent;2001;a1;0,36533604
Costa Rica;Without Implicit Rent;2001;a2;0,62793395
Costa Rica;Without Implicit Rent;2001;cv;1,3103347
Costa Rica;Without Implicit Rent;2001;e0;0,45502224
Costa Rica;Without Implicit Rent;2001;gini;0,49899996
Costa Rica;Without Implicit Rent;2001;gini_pci_rural;0,48691419
Costa Rica;Without Implicit Rent;2001;gini_pci_urban;0,47943504
Costa Rica;Without Implicit Rent;2001;headcount_national_USD2.15;7,4900305
Costa Rica;Without Implicit Rent;2001;headcount_national_USD3.65;15,198756
Costa Rica;Without Implicit Rent;2001;headcount_national_USD6.85;35,631266
Costa Rica;Without Implicit Rent;2001;headcount_rural_USD2.15;11,863986
Costa Rica;Without Implicit Rent;2001;headcount_rural_USD3.65;23,011642
Costa Rica;Without Implicit Rent;2001;headcount_rural_USD6.85;48,166857
Costa Rica;Without Implicit Rent;2001;headcount_urban_USD2.15;4,132292
Costa Rica;Without Implicit Rent;2001;headcount_urban_USD3.65;9,2010669
Costa Rica;Without Implicit Rent;2001;headcount_urban_USD6.85;26,008115
Costa Rica;Without Implicit Rent;2001;theil;0,47361881
Costa Rica;Without Implicit Rent;2001;wolfson;0,46230262
Ecuador;ECV;1999;a1;0,48403894
Ecuador;ECV;1999;a2;0,75996392
Ecuador;ECV;1999;cv;2,5398516
Ecuador;ECV;1999;e0;0,66130679
Ecuador;ECV;1999;gini;0,58540753
Ecuador;ECV;1999;gini_pci_rural;0,62648565
Ecuador;ECV;1999;gini_pci_urban;0,54059933
Ecuador;ECV;1999;theil;0,80779353
Ecuador;ECV;1999;wolfson;0,51417301
Ecuador;ECV;2006;a1;0,40751893
Ecuador;ECV;2006;a2;0,66162943
Ecuador;ECV;2006;cv;1,5272874
Ecuador;ECV;2006;e0;0,52367084
Ecuador;ECV;2006;gini;0,52803557
Ecuador;ECV;2006;gini_pci_rural;0,52309597
Ecuador;ECV;2006;gini_pci_urban;0,49154024
Ecuador;ECV;2006;theil;0,54604518
Ecuador;ECV;2006;wolfson;0,50430586
Ecuador;ENEMDU;2003;a1;0,41052611
Ecuador;ENEMDU;2003;a2;0,67507456
Ecuador;ENEMDU;2003;cv;1,662657
Ecuador;ENEMDU;2003;e0;0,52866803
Ecuador;ENEMDU;2003;gini;0,53415847
Ecuador;ENEMDU;2003;gini_pci_rural;0,4878712
Ecuador;ENEMDU;2003;gini_pci_urban;0,51852794
Ecuador;ENEMDU;2003;headcount_national_USD2.15;14,826368
Ecuador;ENEMDU;2003;headcount_national_USD3.65;30,734844
Ecuador;ENEMDU;2003;headcount_national_USD6.85;57,721408
Ecuador;ENEMDU;2003;headcount_rural_USD2.15;25,095831
Ecuador;ENEMDU;2003;headcount_rural_USD3.65;47,719037
Ecuador;ENEMDU;2003;headcount_rural_USD6.85;75,771876
Ecuador;ENEMDU;2003;headcount_urban_USD2.15;9,5008295
Ecuador;ENEMDU;2003;headcount_urban_USD3.65;21,927181
Ecuador;ENEMDU;2003;headcount_urban_USD6.85;48,360796
Ecuador;ENEMDU;2003;theil;0,5691127
Ecuador;ENEMDU;2003;wolfson;0,50419514
Ecuador;ENEMDU;2004;a1;0,40827666
Ecuador;ENEMDU;2004;a2;0,65378738
Ecuador;ENEMDU;2004;cv;2,5380205
Ecuador;ENEMDU;2004;e0;0,52467005
Ecuador;ENEMDU;2004;gini;0,53467397
Ecuador;ENEMDU;2004;gini_pci_rural;0,47765809
Ecuador;ENEMDU;2004;gini_pci_urban;0,52150786
Ecuador;ENEMDU;2004;headcount_national_USD2.15;15,017041
Ecuador;ENEMDU;2004;headcount_national_USD3.65;32,353751
Ecuador;ENEMDU;2004;headcount_national_USD6.85;58,882517
Ecuador;ENEMDU;2004;headcount_rural_USD2.15;26,734123
Ecuador;ENEMDU;2004;headcount_rural_USD3.65;50,030969
Ecuador;ENEMDU;2004;headcount_rural_USD6.85;77,47563
Ecuador;ENEMDU;2004;headcount_urban_USD2.15;9,1262515
Ecuador;ENEMDU;2004;headcount_urban_USD3.65;23,466489
Ecuador;ENEMDU;2004;headcount_urban_USD6.85;49,534787
Ecuador;ENEMDU;2004;theil;0,60076235
Ecuador;ENEMDU;2004;wolfson;0,49672516
Ecuador;ENEMDU;2005;a1;0,40664576
Ecuador;ENEMDU;2005;a2;0,6679596
Ecuador;ENEMDU;2005;cv;1,5555112
Ecuador;ENEMDU;2005;e0;0,52225091
Ecuador;ENEMDU;2005;gini;0,5299106
Ecuador;ENEMDU;2005;gini_pci_rural;0,49614926
Ecuador;ENEMDU;2005;gini_pci_urban;0,50832971
Ecuador;ENEMDU;2005;headcount_national_USD2.15;11,803507
Ecuador;ENEMDU;2005;headcount_national_USD3.65;25,504349
Ecuador;ENEMDU;2005;headcount_national_USD6.85;50,645381
Ecuador;ENEMDU;2005;headcount_rural_USD2.15;22,525742
Ecuador;ENEMDU;2005;headcount_rural_USD3.65;43,392242
Ecuador;ENEMDU;2005;headcount_rural_USD6.85;70,345787
Ecuador;ENEMDU;2005;headcount_urban_USD2.15;6,352675
Ecuador;ENEMDU;2005;headcount_urban_USD3.65;16,410731
Ecuador;ENEMDU;2005;headcount_urban_USD6.85;40,630341
Ecuador;ENEMDU;2005;theil;0,55381827
Ecuador;ENEMDU;2005;wolfson;0,50605871
Ecuador;ENEMDU;2006;a1;0,39100857
Ecuador;ENEMDU;2006;a2;0,62381507
Ecuador;ENEMDU;2006;cv;6,5257612
Ecuador;ENEMDU;2006;e0;0,49582779
Ecuador;ENEMDU;2006;gini;0,52205165
Ecuador;ENEMDU;2006;gini_pci_rural;0,50331885
Ecuador;ENEMDU;2006;gini_pci_urban;0,49691497
Ecuador;ENEMDU;2006;headcount_national_USD2.15;8,1537839
Ecuador;ENEMDU;2006;headcount_national_USD3.65;20,139406
Ecuador;ENEMDU;2006;headcount_national_USD6.85;45,835295
Ecuador;ENEMDU;2006;headcount_rural_USD2.15;16,753829
Ecuador;ENEMDU;2006;headcount_rural_USD3.65;36,071003
Ecuador;ENEMDU;2006;headcount_rural_USD6.85;67,234065
Ecuador;ENEMDU;2006;headcount_urban_USD2.15;3,7647836
Ecuador;ENEMDU;2006;headcount_urban_USD3.65;12,008777
Ecuador;ENEMDU;2006;headcount_urban_USD6.85;34,914514
Ecuador;ENEMDU;2006;nbi1_headcount_urban;41,988612
Ecuador;ENEMDU;2006;theil;0,67769049
Ecuador;ENEMDU;2006;wolfson;0,4759371
Ecuador;ENEMDU;2007;a1;0,40614832
Ecuador;ENEMDU;2007;a2;0,67200135
Ecuador;ENEMDU;2007;cv;1,8774821
Ecuador;ENEMDU;2007;e0;0,52093306
Ecuador;ENEMDU;2007;gini;0,53279881
Ecuador;ENEMDU;2007;gini_pci_rural;0,50079963
Ecuador;ENEMDU;2007;gini_pci_urban;0,50739496
Ecuador;ENEMDU;2007;headcount_national_USD2.15;8,5189008
Ecuador;ENEMDU;2007;headcount_national_USD3.65;19,582285
Ecuador;ENEMDU;2007;headcount_national_USD6.85;44,883142
Ecuador;ENEMDU;2007;headcount_rural_USD2.15;18,276264
Ecuador;ENEMDU;2007;headcount_rural_USD3.65;36,647608
Ecuador;ENEMDU;2007;headcount_rural_USD6.85;67,254197
Ecuador;ENEMDU;2007;headcount_urban_USD2.15;3,539733
Ecuador;ENEMDU;2007;headcount_urban_USD3.65;10,873876
Ecuador;ENEMDU;2007;headcount_urban_USD6.85;33,467227
Ecuador;ENEMDU;2007;nbi1_headcount_urban;44,029488
Ecuador;ENEMDU;2007;theil;0,5916057
Ecuador;ENEMDU;2007;wolfson;0,49747377
Ecuador;ENEMDU;2008;a1;0,36522743
Ecuador;ENEMDU;2008;a2;0,63016404
Ecuador;ENEMDU;2008;cv;1,7023622
Ecuador;ENEMDU;2008;e0;0,45429381
Ecuador;ENEMDU;2008;gini;0,49739999
Ecuador;ENEMDU;2008;gini_pci_rural;0,47935656
Ecuador;ENEMDU;2008;gini_pci_urban;0,46947586
Ecuador;ENEMDU;2008;headcount_national_USD2.15;7,5139526
Ecuador;ENEMDU;2008;headcount_national_USD3.65;18,528873
Ecuador;ENEMDU;2008;headcount_national_USD6.85;42,296563
Ecuador;ENEMDU;2008;headcount_rural_USD2.15;15,88773
Ecuador;ENEMDU;2008;headcount_rural_USD3.65;34,15782
Ecuador;ENEMDU;2008;headcount_rural_USD6.85;64,910853
Ecuador;ENEMDU;2008;headcount_urban_USD2.15;3,2396499
Ecuador;ENEMDU;2008;headcount_urban_USD3.65;10,551249
Ecuador;ENEMDU;2008;headcount_urban_USD6.85;30,753347
Ecuador;ENEMDU;2008;nbi1_headcount_urban;42,67759
Ecuador;ENEMDU;2008;theil;0,48403313
Ecuador;ENEMDU;2008;wolfson;0,46614648
Ecuador;ENEMDU;2009;a1;0,34392224
Ecuador;ENEMDU;2009;a2;0,57725
Ecuador;ENEMDU;2009;cv;1,4535831
Ecuador;ENEMDU;2009;e0;0,42133439
Ecuador;ENEMDU;2009;gini;0,48390441
Ecuador;ENEMDU;2009;gini_pci_rural;0,45008205
Ecuador;ENEMDU;2009;gini_pci_urban;0,46709612
Ecuador;ENEMDU;2009;headcount_national_USD2.15;7,3104998
Ecuador;ENEMDU;2009;headcount_national_USD3.65;17,699389
Ecuador;ENEMDU;2009;headcount_national_USD6.85;43,151681
Ecuador;ENEMDU;2009;headcount_rural_USD2.15;13,953105
Ecuador;ENEMDU;2009;headcount_rural_USD3.65;29,871006
Ecuador;ENEMDU;2009;headcount_rural_USD6.85;62,301143
Ecuador;ENEMDU;2009;headcount_urban_USD2.15;3,8807957
Ecuador;ENEMDU;2009;headcount_urban_USD3.65;11,414951
Ecuador;ENEMDU;2009;headcount_urban_USD6.85;33,264448
Ecuador;ENEMDU;2009;nbi1_headcount_urban;45,527118
Ecuador;ENEMDU;2009;theil;0,45528404
Ecuador;ENEMDU;2009;wolfson;0,44807604
Ecuador;ENEMDU;2010;a1;0,34619918
Ecuador;ENEMDU;2010;a2;0,574504
Ecuador;ENEMDU;2010;cv;1,469669
Ecuador;ENEMDU;2010;e0;0,42498091
Ecuador;ENEMDU;2010;gini;0,48729272
Ecuador;ENEMDU;2010;gini_pci_rural;0,44050902
Ecuador;ENEMDU;2010;gini_pci_urban;0,47406616
Ecuador;ENEMDU;2010;headcount_national_USD2.15;5,6782023
Ecuador;ENEMDU;2010;headcount_national_USD3.65;15,132233
Ecuador;ENEMDU;2010;headcount_national_USD6.85;38,754715
Ecuador;ENEMDU;2010;headcount_rural_USD2.15;10,571844
Ecuador;ENEMDU;2010;headcount_rural_USD3.65;26,636817
Ecuador;ENEMDU;2010;headcount_rural_USD6.85;56,597829
Ecuador;ENEMDU;2010;headcount_urban_USD2.15;3,1780807
Ecuador;ENEMDU;2010;headcount_urban_USD3.65;9,2546351
Ecuador;ENEMDU;2010;headcount_urban_USD6.85;29,638814
Ecuador;ENEMDU;2010;nbi1_headcount_urban;42,395137
Ecuador;ENEMDU;2010;theil;0,46676957
Ecuador;ENEMDU;2010;wolfson;0,44890422
Ecuador;ENEMDU;2011;a1;0,31638398
Ecuador;ENEMDU;2011;a2;0,59474367
Ecuador;ENEMDU;2011;cv;1,1882357
Ecuador;ENEMDU;2011;e0;0,38024667
Ecuador;ENEMDU;2011;gini;0,45788599
Ecuador;ENEMDU;2011;gini_pci_rural;0,45810931
Ecuador;ENEMDU;2011;gini_pci_urban;0,42948498
Ecuador;ENEMDU;2011;headcount_national_USD2.15;4,6691977
Ecuador;ENEMDU;2011;headcount_national_USD3.65;12,318237
Ecuador;ENEMDU;2011;headcount_national_USD6.85;34,68938
Ecuador;ENEMDU;2011;headcount_rural_USD2.15;9,697901
Ecuador;ENEMDU;2011;headcount_rural_USD3.65;24,559571
Ecuador;ENEMDU;2011;headcount_rural_USD6.85;55,026779
Ecuador;ENEMDU;2011;headcount_urban_USD2.15;2,1055917
Ecuador;ENEMDU;2011;headcount_urban_USD3.65;6,0776704
Ecuador;ENEMDU;2011;headcount_urban_USD6.85;24,321482
Ecuador;ENEMDU;2011;nbi1_headcount_urban;37,245172
Ecuador;ENEMDU;2011;theil;0,3856902
Ecuador;ENEMDU;2011;wolfson;0,43389311
Ecuador;ENEMDU;2012;a1;0,31881508
Ecuador;ENEMDU;2012;a2;0,5531203
Ecuador;ENEMDU;2012;cv;1,3195786
Ecuador;ENEMDU;2012;e0;0,38417141
Ecuador;ENEMDU;2012;gini;0,46051153
Ecuador;ENEMDU;2012;gini_pci_rural;0,45324464
Ecuador;ENEMDU;2012;gini_pci_urban;0,43285528
Ecuador;ENEMDU;2012;headcount_national_USD2.15;4,4631448
Ecuador;ENEMDU;2012;headcount_national_USD3.65;11,663498
Ecuador;ENEMDU;2012;headcount_national_USD6.85;31,434279
Ecuador;ENEMDU;2012;headcount_rural_USD2.15;9,2905218
Ecuador;ENEMDU;2012;headcount_rural_USD3.65;22,906445
Ecuador;ENEMDU;2012;headcount_rural_USD6.85;51,730435
Ecuador;ENEMDU;2012;headcount_urban_USD2.15;1,9589215
Ecuador;ENEMDU;2012;headcount_urban_USD3.65;5,8311693
Ecuador;ENEMDU;2012;headcount_urban_USD6.85;20,905558
Ecuador;ENEMDU;2012;nbi1_headcount_urban;34,129973
Ecuador;ENEMDU;2012;theil;0,40347917
Ecuador;ENEMDU;2012;wolfson;0,42140216
Ecuador;ENEMDU;2013;a1;0,32027878
Ecuador;ENEMDU;2013;a2;0,53298865
Ecuador;ENEMDU;2013;cv;1,2720179
Ecuador;ENEMDU;2013;e0;0,38625635
Ecuador;ENEMDU;2013;gini;0,46811051
Ecuador;ENEMDU;2013;gini_pci_rural;0,43807643
Ecuador;ENEMDU;2013;gini_pci_urban;0,45891009
Ecuador;ENEMDU;2013;headcount_national_USD2.15;3,2410894
Ecuador;ENEMDU;2013;headcount_national_USD3.65;10,179194
Ecuador;ENEMDU;2013;headcount_national_USD6.85;31,225333
Ecuador;ENEMDU;2013;headcount_rural_USD2.15;6,605242
Ecuador;ENEMDU;2013;headcount_rural_USD3.65;18,055456
Ecuador;ENEMDU;2013;headcount_rural_USD6.85;45,11025
Ecuador;ENEMDU;2013;headcount_urban_USD2.15;1,6198696
Ecuador;ENEMDU;2013;headcount_urban_USD3.65;6,3835426
Ecuador;ENEMDU;2013;headcount_urban_USD6.85;24,534048
Ecuador;ENEMDU;2013;nbi1_headcount_urban;37,991289
Ecuador;ENEMDU;2013;theil;0,41732991
Ecuador;ENEMDU;2013;wolfson;0,43315782
Ecuador;ENEMDU;2014;a1;0,2985195
Ecuador;ENEMDU;2014;a2;0,50683667
Ecuador;ENEMDU;2014;cv;1,2356148
Ecuador;ENEMDU;2014;e0;0,35442582
Ecuador;ENEMDU;2014;gini;0,44938678
Ecuador;ENEMDU;2014;gini_pci_rural;0,43425301
Ecuador;ENEMDU;2014;gini_pci_urban;0,44370909
Ecuador;ENEMDU;2014;headcount_national_USD2.15;2,6356109
Ecuador;ENEMDU;2014;headcount_national_USD3.65;8,6865379
Ecuador;ENEMDU;2014;headcount_national_USD6.85;27,602379
Ecuador;ENEMDU;2014;headcount_rural_USD2.15;5,2844683
Ecuador;ENEMDU;2014;headcount_rural_USD3.65;14,784534
Ecuador;ENEMDU;2014;headcount_rural_USD6.85;38,375217
Ecuador;ENEMDU;2014;headcount_urban_USD2.15;1,3768262
Ecuador;ENEMDU;2014;headcount_urban_USD3.65;5,7886606
Ecuador;ENEMDU;2014;headcount_urban_USD6.85;22,482933
Ecuador;ENEMDU;2014;nbi1_headcount_urban;37,535414
Ecuador;ENEMDU;2014;theil;0,38355027
Ecuador;ENEMDU;2014;wolfson;0,40267382
Ecuador;ENEMDU;2015;a1;0,31322551
Ecuador;ENEMDU;2015;a2;0,53901504
Ecuador;ENEMDU;2015;cv;1,3056436
Ecuador;ENEMDU;2015;e0;0,37566213
Ecuador;ENEMDU;2015;gini;0,45879592
Ecuador;ENEMDU;2015;gini_pci_rural;0,46575395
Ecuador;ENEMDU;2015;gini_pci_urban;0,44233606
Ecuador;ENEMDU;2015;headcount_national_USD2.15;3,4400665
Ecuador;ENEMDU;2015;headcount_national_USD3.65;9,5398682
Ecuador;ENEMDU;2015;headcount_national_USD6.85;28,798778
Ecuador;ENEMDU;2015;headcount_rural_USD2.15;6,8097518
Ecuador;ENEMDU;2015;headcount_rural_USD3.65;16,945227
Ecuador;ENEMDU;2015;headcount_rural_USD6.85;42,991855
Ecuador;ENEMDU;2015;headcount_urban_USD2.15;1,8408801
Ecuador;ENEMDU;2015;headcount_urban_USD3.65;6,0254309
Ecuador;ENEMDU;2015;headcount_urban_USD6.85;22,063022
Ecuador;ENEMDU;2015;nbi1_headcount_urban;32,413909
Ecuador;ENEMDU;2015;theil;0,4046276
Ecuador;ENEMDU;2015;wolfson;0,41903971
Ecuador;ENEMDU;2016;a1;0,30297856
Ecuador;ENEMDU;2016;a2;0,53281539
Ecuador;ENEMDU;2016;cv;1,2247377
Ecuador;ENEMDU;2016;e0;0,36092319
Ecuador;ENEMDU;2016;gini;0,44943225
Ecuador;ENEMDU;2016;gini_pci_rural;0,44745844
Ecuador;ENEMDU;2016;gini_pci_urban;0,43763196
Ecuador;ENEMDU;2016;headcount_national_USD2.15;3,5750273
Ecuador;ENEMDU;2016;headcount_national_USD3.65;9,543384
Ecuador;ENEMDU;2016;headcount_national_USD6.85;28,164406
Ecuador;ENEMDU;2016;headcount_rural_USD2.15;7,1758817
Ecuador;ENEMDU;2016;headcount_rural_USD3.65;17,420534
Ecuador;ENEMDU;2016;headcount_rural_USD6.85;41,350201
Ecuador;ENEMDU;2016;headcount_urban_USD2.15;1,8785007
Ecuador;ENEMDU;2016;headcount_urban_USD3.65;5,8320996
Ecuador;ENEMDU;2016;headcount_urban_USD6.85;21,951977
Ecuador;ENEMDU;2016;nbi1_headcount_urban;32,780666
Ecuador;ENEMDU;2016;theil;0,38240344
Ecuador;ENEMDU;2016;wolfson;0,40096435
Ecuador;ENEMDU;2017;a1;0,29897053
Ecuador;ENEMDU;2017;a2;0,53925222
Ecuador;ENEMDU;2017;cv;1,2056541
Ecuador;ENEMDU;2017;e0;0,35485298
Ecuador;ENEMDU;2017;gini;0,44621339
Ecuador;ENEMDU;2017;gini_pci_rural;0,45272113
Ecuador;ENEMDU;2017;gini_pci_urban;0,42850934
Ecuador;ENEMDU;2017;headcount_national_USD2.15;3,2132531
Ecuador;ENEMDU;2017;headcount_national_USD3.65;8,8838526
Ecuador;ENEMDU;2017;headcount_national_USD6.85;27,069905
Ecuador;ENEMDU;2017;headcount_rural_USD2.15;7,3697165
Ecuador;ENEMDU;2017;headcount_rural_USD3.65;18,181236
Ecuador;ENEMDU;2017;headcount_rural_USD6.85;42,048239
Ecuador;ENEMDU;2017;headcount_urban_USD2.15;1,2743949
Ecuador;ENEMDU;2017;headcount_urban_USD3.65;4,5469188
Ecuador;ENEMDU;2017;headcount_urban_USD6.85;20,082988
Ecuador;ENEMDU;2017;nbi1_headcount_urban;30,397662
Ecuador;ENEMDU;2017;theil;0,3715294
Ecuador;ENEMDU;2017;wolfson;0,39888513
Ecuador;ENEMDU;2018;a1;0,30624245
Ecuador;ENEMDU;2018;a2;0,52310345
Ecuador;ENEMDU;2018;cv;1,1757176
Ecuador;ENEMDU;2018;e0;0,36597795
Ecuador;ENEMDU;2018;gini;0,45384361
Ecuador;ENEMDU;2018;gini_pci_rural;0,43764871
Ecuador;ENEMDU;2018;gini_pci_urban;0,44252981
Ecuador;ENEMDU;2018;headcount_national_USD2.15;3,3114907
Ecuador;ENEMDU;2018;headcount_national_USD3.65;9,706987
Ecuador;ENEMDU;2018;headcount_national_USD6.85;27,849839
Ecuador;ENEMDU;2018;headcount_rural_USD2.15;6,6092765
Ecuador;ENEMDU;2018;headcount_rural_USD3.65;18,199364
Ecuador;ENEMDU;2018;headcount_rural_USD6.85;42,24927
Ecuador;ENEMDU;2018;headcount_urban_USD2.15;1,7659875
Ecuador;ENEMDU;2018;headcount_urban_USD3.65;5,7270455
Ecuador;ENEMDU;2018;headcount_urban_USD6.85;21,101564
Ecuador;ENEMDU;2018;nbi1_headcount_urban;29,206333
Ecuador;ENEMDU;2018;theil;0,38251613
Ecuador;ENEMDU;2018;wolfson;0,40845316
Ecuador;ENEMDU;2019;a1;0,31050541
Ecuador;ENEMDU;2019;a2;0,53769791
Ecuador;ENEMDU;2019;cv;1,2116798
Ecuador;ENEMDU;2019;e0;0,37137857
Ecuador;ENEMDU;2019;gini;0,45688048
Ecuador;ENEMDU;2019;gini_pci_rural;0,44224594
Ecuador;ENEMDU;2019;gini_pci_urban;0,44235854
Ecuador;ENEMDU;2019;headcount_national_USD2.15;3,5835842
Ecuador;ENEMDU;2019;headcount_national_USD3.65;9,8814227
Ecuador;ENEMDU;2019;headcount_national_USD6.85;29,713553
Ecuador;ENEMDU;2019;headcount_rural_USD2.15;8,3834713
Ecuador;ENEMDU;2019;headcount_rural_USD3.65;19,33939
Ecuador;ENEMDU;2019;headcount_rural_USD6.85;43,497709
Ecuador;ENEMDU;2019;headcount_urban_USD2.15;1,3289875
Ecuador;ENEMDU;2019;headcount_urban_USD3.65;5,4388386
Ecuador;ENEMDU;2019;headcount_urban_USD6.85;23,238878
Ecuador;ENEMDU;2019;nbi1_headcount_urban;27,66152
Ecuador;ENEMDU;2019;theil;0,39023822
Ecuador;ENEMDU;2019;wolfson;0,41842394
Ecuador;ENEMDU;2020;a1;0,33363403
Ecuador;ENEMDU;2020;a2;0,56598085
Ecuador;ENEMDU;2020;cv;1,2620624
Ecuador;ENEMDU;2020;e0;0,40548375
Ecuador;ENEMDU;2020;gini;0,4728637
Ecuador;ENEMDU;2020;gini_pci_rural;0,46310757
Ecuador;ENEMDU;2020;gini_pci_urban;0,46038383
Ecuador;ENEMDU;2020;headcount_national_USD2.15;6,5192451
Ecuador;ENEMDU;2020;headcount_national_USD3.65;14,386576
Ecuador;ENEMDU;2020;headcount_national_USD6.85;34,621686
Ecuador;ENEMDU;2020;headcount_rural_USD2.15;14,626168
Ecuador;ENEMDU;2020;headcount_rural_USD3.65;26,737453
Ecuador;ENEMDU;2020;headcount_rural_USD6.85;48,294415
Ecuador;ENEMDU;2020;headcount_urban_USD2.15;2,6976558
Ecuador;ENEMDU;2020;headcount_urban_USD3.65;8,5643944
Ecuador;ENEMDU;2020;headcount_urban_USD6.85;28,176385
Ecuador;ENEMDU;2020;nbi1_headcount_urban;28,265626
Ecuador;ENEMDU;2020;theil;0,42605905
Ecuador;ENEMDU;2020;wolfson;0,42712249
Ecuador;ENEMDU;2021;a1;0,30810202
Ecuador;ENEMDU;2021;a2;0,52616199
Ecuador;ENEMDU;2021;cv;1,1203692
Ecuador;ENEMDU;2021;e0;0,36813351
Ecuador;ENEMDU;2021;gini;0,45739925
Ecuador;ENEMDU;2021;gini_pci_rural;0,42348014
Ecuador;ENEMDU;2021;gini_pci_urban;0,45444085
Ecuador;ENEMDU;2021;headcount_national_USD2.15;3,5831802
Ecuador;ENEMDU;2021;headcount_national_USD3.65;10,911194
Ecuador;ENEMDU;2021;headcount_national_USD6.85;31,689873
Ecuador;ENEMDU;2021;headcount_rural_USD2.15;6,9180547
Ecuador;ENEMDU;2021;headcount_rural_USD3.65;19,498159
Ecuador;ENEMDU;2021;headcount_rural_USD6.85;41,570732
Ecuador;ENEMDU;2021;headcount_urban_USD2.15;2,0156308
Ecuador;ENEMDU;2021;headcount_urban_USD3.65;6,874912
Ecuador;ENEMDU;2021;headcount_urban_USD6.85;27,0454
Ecuador;ENEMDU;2021;nbi1_headcount_urban;25,238735
Ecuador;ENEMDU;2021;theil;0,38450663
Ecuador;ENEMDU;2021;wolfson;0,41863578
Ecuador;ENEMDU;2022;a1;0,3064242
Ecuador;ENEMDU;2022;a2;0,52403924
Ecuador;ENEMDU;2022;cv;1,3245529
Ecuador;ENEMDU;2022;e0;0,36588909
Ecuador;ENEMDU;2022;gini;0,45445736
Ecuador;ENEMDU;2022;gini_pci_rural;0,43921424
Ecuador;ENEMDU;2022;gini_pci_urban;0,44413172
Ecuador;ENEMDU;2022;headcount_national_USD2.15;3,1807919
Ecuador;ENEMDU;2022;headcount_national_USD3.65;9,4800469
Ecuador;ENEMDU;2022;headcount_national_USD6.85;29,931489
Ecuador;ENEMDU;2022;headcount_rural_USD2.15;8,2761851
Ecuador;ENEMDU;2022;headcount_rural_USD3.65;17,69923
Ecuador;ENEMDU;2022;headcount_rural_USD6.85;44,457382
Ecuador;ENEMDU;2022;headcount_urban_USD2.15;0,79112662
Ecuador;ENEMDU;2022;headcount_urban_USD3.65;5,6253696
Ecuador;ENEMDU;2022;headcount_urban_USD6.85;23,119057
Ecuador;ENEMDU;2022;nbi1_headcount_urban;24,807086
Ecuador;ENEMDU;2022;theil;0,39426905
Ecuador;ENEMDU;2022;wolfson;0,40847777
Ecuador;ENEMDU;2023;a1;0,2967153
Ecuador;ENEMDU;2023;a2;0,51021074
Ecuador;ENEMDU;2023;cv;1,0525127
Ecuador;ENEMDU;2023;e0;0,35198728
Ecuador;ENEMDU;2023;gini;0,44565241
Ecuador;ENEMDU;2023;gini_pci_rural;0,46891421
Ecuador;ENEMDU;2023;gini_pci_urban;0,42535655
Ecuador;ENEMDU;2023;headcount_national_USD2.15;3,7984307
Ecuador;ENEMDU;2023;headcount_national_USD3.65;10,308997
Ecuador;ENEMDU;2023;headcount_national_USD6.85;29,573571
Ecuador;ENEMDU;2023;headcount_rural_USD2.15;9,8825989
Ecuador;ENEMDU;2023;headcount_rural_USD3.65;22,458941
Ecuador;ENEMDU;2023;headcount_rural_USD6.85;42,680916
Ecuador;ENEMDU;2023;headcount_urban_USD2.15;0,95156006
Ecuador;ENEMDU;2023;headcount_urban_USD3.65;4,6238612
Ecuador;ENEMDU;2023;headcount_urban_USD6.85;23,440454
Ecuador;ENEMDU;2023;nbi1_headcount_urban;24,876485
Ecuador;ENEMDU;2023;theil;0,35659656
Ecuador;ENEMDU;2023;wolfson;0,42069554
Ecuador;ENEMDU;2024;a1;0,308552
Ecuador;ENEMDU;2024;a2;0,551865
Ecuador;ENEMDU;2024;cv;1,127803
Ecuador;ENEMDU;2024;e0;0,368525
Ecuador;ENEMDU;2024;gini;0,451808
Ecuador;ENEMDU;2024;gini_pci_rural;0,468747
Ecuador;ENEMDU;2024;gini_pci_urban;0,435746
Ecuador;ENEMDU;2024;theil;0,371964
Ecuador;ENEMDU;2024;wolfson;0,421139
El Salvador;;2000;a1;0,39556002
El Salvador;;2000;a2;0,67818098
El Salvador;;2000;cv;1,8288149
El Salvador;;2000;e0;0,50383639
El Salvador;;2000;gini;0,51394221
El Salvador;;2000;gini_pci_rural;0,45022369
El Salvador;;2000;gini_pci_urban;0,47682922
El Salvador;;2000;headcount_national_USD2.15;12,942934
El Salvador;;2000;headcount_national_USD3.65;25,69553
El Salvador;;2000;headcount_national_USD6.85;50,969184
El Salvador;;2000;headcount_rural_USD2.15;25,076603
El Salvador;;2000;headcount_rural_USD3.65;45,008716
El Salvador;;2000;headcount_rural_USD6.85;73,650651
El Salvador;;2000;headcount_urban_USD2.15;4,2655233
El Salvador;;2000;headcount_urban_USD3.65;11,883675
El Salvador;;2000;headcount_urban_USD6.85;34,7485
El Salvador;;2000;nbi1_headcount_urban;71,318899
El Salvador;;2000;theil;0,53623843
El Salvador;;2000;wolfson;0,48108294
El Salvador;;2001;a1;0,39763983
El Salvador;;2001;a2;0,69777102
El Salvador;;2001;cv;1,4342569
El Salvador;;2001;e0;0,50704361
El Salvador;;2001;gini;0,51195707
El Salvador;;2001;gini_pci_rural;0,46821853
El Salvador;;2001;gini_pci_urban;0,47486019
El Salvador;;2001;headcount_national_USD2.15;14,104641
El Salvador;;2001;headcount_national_USD3.65;27,469415
El Salvador;;2001;headcount_national_USD6.85;52,398035
El Salvador;;2001;headcount_rural_USD2.15;26,025176
El Salvador;;2001;headcount_rural_USD3.65;45,77639
El Salvador;;2001;headcount_rural_USD6.85;74,010711
El Salvador;;2001;headcount_urban_USD2.15;5,7112871
El Salvador;;2001;headcount_urban_USD3.65;14,579312
El Salvador;;2001;headcount_urban_USD6.85;37,180359
El Salvador;;2001;nbi1_headcount_urban;71,332861
El Salvador;;2001;theil;0,50145494
El Salvador;;2001;wolfson;0,49087518
El Salvador;;2002;a1;0,40587959
El Salvador;;2002;a2;0,69717814
El Salvador;;2002;cv;1,7906355
El Salvador;;2002;e0;0,52076518
El Salvador;;2002;gini;0,51723444
El Salvador;;2002;gini_pci_rural;0,47172328
El Salvador;;2002;gini_pci_urban;0,48145173
El Salvador;;2002;headcount_national_USD2.15;14,728867
El Salvador;;2002;headcount_national_USD3.65;27,691485
El Salvador;;2002;headcount_national_USD6.85;52,365702
El Salvador;;2002;headcount_rural_USD2.15;26,910589
El Salvador;;2002;headcount_rural_USD3.65;46,373281
El Salvador;;2002;headcount_rural_USD6.85;74,06441
El Salvador;;2002;headcount_urban_USD2.15;6,2516524
El Salvador;;2002;headcount_urban_USD3.65;14,690893
El Salvador;;2002;headcount_urban_USD6.85;37,265653
El Salvador;;2002;nbi1_headcount_urban;69,460237
El Salvador;;2002;theil;0,544849
El Salvador;;2002;wolfson;0,49704429
El Salvador;;2003;a1;0,40822072
El Salvador;;2003;a2;0,78805157
El Salvador;;2003;cv;1,2557267
El Salvador;;2003;e0;0,52490992
El Salvador;;2003;gini;0,50214248
El Salvador;;2003;gini_pci_rural;0,48903335
El Salvador;;2003;gini_pci_urban;0,46112484
El Salvador;;2003;headcount_national_USD2.15;15,813787
El Salvador;;2003;headcount_national_USD3.65;28,420849
El Salvador;;2003;headcount_national_USD6.85;53,563922
El Salvador;;2003;headcount_rural_USD2.15;28,219211
El Salvador;;2003;headcount_rural_USD3.65;46,664702
El Salvador;;2003;headcount_rural_USD6.85;73,985387
El Salvador;;2003;headcount_urban_USD2.15;7,2291697
El Salvador;;2003;headcount_urban_USD3.65;15,79601
El Salvador;;2003;headcount_urban_USD6.85;39,432162
El Salvador;;2003;nbi1_headcount_urban;69,191032
El Salvador;;2003;theil;0,47014925
El Salvador;;2003;wolfson;0,47235303
El Salvador;;2004;a1;0,34902192
El Salvador;;2004;a2;0,63357094
El Salvador;;2004;cv;1,1839904
El Salvador;;2004;e0;0,42934519
El Salvador;;2004;gini;0,47594874
El Salvador;;2004;gini_pci_rural;0,44492382
El Salvador;;2004;gini_pci_urban;0,44999685
El Salvador;;2004;headcount_national_USD2.15;11,488363
El Salvador;;2004;headcount_national_USD3.65;24,094021
El Salvador;;2004;headcount_national_USD6.85;51,752574
El Salvador;;2004;headcount_rural_USD2.15;19,727879
El Salvador;;2004;headcount_rural_USD3.65;38,448129
El Salvador;;2004;headcount_rural_USD6.85;71,010666
El Salvador;;2004;headcount_urban_USD2.15;5,91329
El Salvador;;2004;headcount_urban_USD3.65;14,381654
El Salvador;;2004;headcount_urban_USD6.85;38,722043
El Salvador;;2004;nbi1_headcount_urban;70,854306
El Salvador;;2004;theil;0,42001857
El Salvador;;2004;wolfson;0,44873887
El Salvador;;2005;a1;0,35188062
El Salvador;;2005;a2;0,62299348
El Salvador;;2005;cv;1,3041127
El Salvador;;2005;e0;0,43343759
El Salvador;;2005;gini;0,48373114
El Salvador;;2005;gini_pci_rural;0,45173294
El Salvador;;2005;gini_pci_urban;0,46178157
El Salvador;;2005;headcount_national_USD2.15;11,278455
El Salvador;;2005;headcount_national_USD3.65;24,237814
El Salvador;;2005;headcount_national_USD6.85;51,822118
El Salvador;;2005;headcount_rural_USD2.15;19,442649
El Salvador;;2005;headcount_rural_USD3.65;37,935579
El Salvador;;2005;headcount_rural_USD6.85;69,882581
El Salvador;;2005;headcount_urban_USD2.15;5,806291
El Salvador;;2005;headcount_urban_USD3.65;15,056696
El Salvador;;2005;headcount_urban_USD6.85;39,716843
El Salvador;;2005;nbi1_headcount_urban;69,716243
El Salvador;;2005;theil;0,44747463
El Salvador;;2005;wolfson;0,4427274
El Salvador;;2006;a1;0,30643991
El Salvador;;2006;a2;0,51768235
El Salvador;;2006;cv;1,2419382
El Salvador;;2006;e0;0,36585497
El Salvador;;2006;gini;0,45661316
El Salvador;;2006;gini_pci_rural;0,39925725
El Salvador;;2006;gini_pci_urban;0,44928849
El Salvador;;2006;headcount_national_USD2.15;7,6506427
El Salvador;;2006;headcount_national_USD3.65;20,963594
El Salvador;;2006;headcount_national_USD6.85;50,501141
El Salvador;;2006;headcount_rural_USD2.15;13,550481
El Salvador;;2006;headcount_rural_USD3.65;33,987845
El Salvador;;2006;headcount_rural_USD6.85;67,25005
El Salvador;;2006;headcount_urban_USD2.15;3,6977692
El Salvador;;2006;headcount_urban_USD3.65;12,237386
El Salvador;;2006;headcount_urban_USD6.85;39,279424
El Salvador;;2006;nbi1_headcount_urban;69,209585
El Salvador;;2006;theil;0,40502541
El Salvador;;2006;wolfson;0,39523717
El Salvador;;2007;a1;0,29648103
El Salvador;;2007;a2;0,47980697
El Salvador;;2007;cv;1,3749365
El Salvador;;2007;e0;0,35138729
El Salvador;;2007;gini;0,45212577
El Salvador;;2007;gini_pci_rural;0,38955283
El Salvador;;2007;gini_pci_urban;0,4378144
El Salvador;;2007;headcount_national_USD2.15;5,0684903
El Salvador;;2007;headcount_national_USD3.65;16,753447
El Salvador;;2007;headcount_national_USD6.85;47,21842
El Salvador;;2007;headcount_rural_USD2.15;10,660489
El Salvador;;2007;headcount_rural_USD3.65;30,676371
El Salvador;;2007;headcount_rural_USD6.85;68,363294
El Salvador;;2007;headcount_urban_USD2.15;1,7286537
El Salvador;;2007;headcount_urban_USD3.65;8,437943
El Salvador;;2007;headcount_urban_USD6.85;34,589587
El Salvador;;2007;nbi1_headcount_urban;69,653649
El Salvador;;2007;theil;0,41135782
El Salvador;;2007;wolfson;0,38793743
El Salvador;;2008;a1;0,31806258
El Salvador;;2008;a2;0,51427072
El Salvador;;2008;cv;1,3764867
El Salvador;;2008;e0;0,38268326
El Salvador;;2008;gini;0,46885678
El Salvador;;2008;gini_pci_rural;0,40314651
El Salvador;;2008;gini_pci_urban;0,45776045
El Salvador;;2008;headcount_national_USD2.15;7,7175079
El Salvador;;2008;headcount_national_USD3.65;21,329204
El Salvador;;2008;headcount_national_USD6.85;50,921578
El Salvador;;2008;headcount_rural_USD2.15;15,224015
El Salvador;;2008;headcount_rural_USD3.65;36,647182
El Salvador;;2008;headcount_rural_USD6.85;70,179637
El Salvador;;2008;headcount_urban_USD2.15;3,6422895
El Salvador;;2008;headcount_urban_USD3.65;13,013205
El Salvador;;2008;headcount_urban_USD6.85;40,466541
El Salvador;;2008;nbi1_headcount_urban;69,534473
El Salvador;;2008;theil;0,42944419
El Salvador;;2008;wolfson;0,43166464
El Salvador;;2009;a1;0,30518724
El Salvador;;2009;a2;0,50304332
El Salvador;;2009;cv;1,2268858
El Salvador;;2009;e0;0,36406094
El Salvador;;2009;gini;0,45825085
El Salvador;;2009;gini_pci_rural;0,39983098
El Salvador;;2009;gini_pci_urban;0,44483265
El Salvador;;2009;headcount_national_USD2.15;7,4199602
El Salvador;;2009;headcount_national_USD3.65;20,711319
El Salvador;;2009;headcount_national_USD6.85;50,499927
El Salvador;;2009;headcount_rural_USD2.15;14,811909
El Salvador;;2009;headcount_rural_USD3.65;36,041835
El Salvador;;2009;headcount_rural_USD6.85;70,507639
El Salvador;;2009;headcount_urban_USD2.15;3,0954729
El Salvador;;2009;headcount_urban_USD3.65;11,742557
El Salvador;;2009;headcount_urban_USD6.85;38,794881
El Salvador;;2009;nbi1_headcount_urban;68,877277
El Salvador;;2009;theil;0,40589257
El Salvador;;2009;wolfson;0,38998237
El Salvador;;2010;a1;0,27842098
El Salvador;;2010;a2;0,46991654
El Salvador;;2010;cv;1,0228902
El Salvador;;2010;e0;0,32641038
El Salvador;;2010;gini;0,43503973
El Salvador;;2010;gini_pci_rural;0,38531388
El Salvador;;2010;gini_pci_urban;0,41963701
El Salvador;;2010;headcount_national_USD2.15;6,3456346
El Salvador;;2010;headcount_national_USD3.65;19,857965
El Salvador;;2010;headcount_national_USD6.85;49,13238
El Salvador;;2010;headcount_rural_USD2.15;11,97353
El Salvador;;2010;headcount_rural_USD3.65;33,758501
El Salvador;;2010;headcount_rural_USD6.85;68,750156
El Salvador;;2010;headcount_urban_USD2.15;2,9669925
El Salvador;;2010;headcount_urban_USD3.65;11,512938
El Salvador;;2010;headcount_urban_USD6.85;37,355074
El Salvador;;2010;nbi1_headcount_urban;68,6781
El Salvador;;2010;theil;0,3427617
El Salvador;;2010;wolfson;0,39112882
El Salvador;;2011;a1;0,26295309
El Salvador;;2011;a2;0,43760073
El Salvador;;2011;cv;1,0704132
El Salvador;;2011;e0;0,30522277
El Salvador;;2011;gini;0,4231263
El Salvador;;2011;gini_pci_rural;0,37162757
El Salvador;;2011;gini_pci_urban;0,41417488
El Salvador;;2011;headcount_national_USD2.15;5,3409295
El Salvador;;2011;headcount_national_USD3.65;18,394162
El Salvador;;2011;headcount_national_USD6.85;49,972608
El Salvador;;2011;headcount_rural_USD2.15;10,790522
El Salvador;;2011;headcount_rural_USD3.65;30,869358
El Salvador;;2011;headcount_rural_USD6.85;67,532473
El Salvador;;2011;headcount_urban_USD2.15;2,0421569
El Salvador;;2011;headcount_urban_USD3.65;10,842619
El Salvador;;2011;headcount_urban_USD6.85;39,343188
El Salvador;;2011;nbi1_headcount_urban;67,824589
El Salvador;;2011;theil;0,33542418
El Salvador;;2011;wolfson;0,36850442
El Salvador;;2012;a1;0,25859547
El Salvador;;2012;a2;0,43095917
El Salvador;;2012;cv;1,146328
El Salvador;;2012;e0;0,29950321
El Salvador;;2012;gini;0,41822297
El Salvador;;2012;gini_pci_rural;0,37526647
El Salvador;;2012;gini_pci_urban;0,40630442
El Salvador;;2012;headcount_national_USD2.15;4,6371476
El Salvador;;2012;headcount_national_USD3.65;16,074549
El Salvador;;2012;headcount_national_USD6.85;47,123256
El Salvador;;2012;headcount_rural_USD2.15;9,5785388
El Salvador;;2012;headcount_rural_USD3.65;28,281681
El Salvador;;2012;headcount_rural_USD6.85;65,77362
El Salvador;;2012;headcount_urban_USD2.15;1,6793076
El Salvador;;2012;headcount_urban_USD3.65;8,7675504
El Salvador;;2012;headcount_urban_USD6.85;35,959438
El Salvador;;2012;nbi1_headcount_urban;66,493045
El Salvador;;2012;theil;0,33855208
El Salvador;;2012;wolfson;0,35491398
El Salvador;;2013;a1;0,27609213
El Salvador;;2013;a2;0,44710744
El Salvador;;2013;cv;2,0209284
El Salvador;;2013;e0;0,32310874
El Salvador;;2013;gini;0,43354277
El Salvador;;2013;gini_pci_rural;0,37982357
El Salvador;;2013;gini_pci_urban;0,42644711
El Salvador;;2013;headcount_national_USD2.15;3,6247289
El Salvador;;2013;headcount_national_USD3.65;14,237723
El Salvador;;2013;headcount_national_USD6.85;42,734079
El Salvador;;2013;headcount_rural_USD2.15;7,1344572
El Salvador;;2013;headcount_rural_USD3.65;25,146979
El Salvador;;2013;headcount_rural_USD6.85;61,060066
El Salvador;;2013;headcount_urban_USD2.15;1,4934615
El Salvador;;2013;headcount_urban_USD3.65;7,6131241
El Salvador;;2013;headcount_urban_USD6.85;31,605703
El Salvador;;2013;nbi1_headcount_urban;65,965679
El Salvador;;2013;theil;0,40594851
El Salvador;;2013;wolfson;0,35892585
El Salvador;;2014;a1;0,25422641
El Salvador;;2014;a2;0,42562374
El Salvador;;2014;cv;1,0657495
El Salvador;;2014;e0;0,29323878
El Salvador;;2014;gini;0,41552989
El Salvador;;2014;gini_pci_rural;0,37806228
El Salvador;;2014;gini_pci_urban;0,40307589
El Salvador;;2014;headcount_national_USD2.15;3,4414844
El Salvador;;2014;headcount_national_USD3.65;13,744939
El Salvador;;2014;headcount_national_USD6.85;42,720252
El Salvador;;2014;headcount_rural_USD2.15;6,9320242
El Salvador;;2014;headcount_rural_USD3.65;24,361878
El Salvador;;2014;headcount_rural_USD6.85;60,775977
El Salvador;;2014;headcount_urban_USD2.15;1,3286874
El Salvador;;2014;headcount_urban_USD3.65;7,3185865
El Salvador;;2014;headcount_urban_USD6.85;31,791259
El Salvador;;2014;nbi1_headcount_urban;64,722508
El Salvador;;2014;theil;0,32330492
El Salvador;;2014;wolfson;0,36149423
El Salvador;;2015;a1;0,24293636
El Salvador;;2015;a2;0,40589959
El Salvador;;2015;cv;1,1338147
El Salvador;;2015;e0;0,27816306
El Salvador;;2015;gini;0,40551942
El Salvador;;2015;gini_pci_rural;0,37148373
El Salvador;;2015;gini_pci_urban;0,39793282
El Salvador;;2015;headcount_national_USD2.15;2,3088479
El Salvador;;2015;headcount_national_USD3.65;11,471304
El Salvador;;2015;headcount_national_USD6.85;40,195423
El Salvador;;2015;headcount_rural_USD2.15;4,6641041
El Salvador;;2015;headcount_rural_USD3.65;20,376442
El Salvador;;2015;headcount_rural_USD6.85;55,72003
El Salvador;;2015;headcount_urban_USD2.15;0,88534273
El Salvador;;2015;headcount_urban_USD3.65;6,0890837
El Salvador;;2015;headcount_urban_USD6.85;30,812428
El Salvador;;2015;nbi1_headcount_urban;64,631193
El Salvador;;2015;theil;0,31883766
El Salvador;;2015;wolfson;0,34389579
El Salvador;;2016;a1;0,23937419
El Salvador;;2016;a2;0,40870598
El Salvador;;2016;cv;1,0921982
El Salvador;;2016;e0;0,27396678
El Salvador;;2016;gini;0,39977934
El Salvador;;2016;gini_pci_rural;0,3688261
El Salvador;;2016;gini_pci_urban;0,38682315
El Salvador;;2016;headcount_national_USD2.15;2,6329819
El Salvador;;2016;headcount_national_USD3.65;11,96315
El Salvador;;2016;headcount_national_USD6.85;38,741949
El Salvador;;2016;headcount_rural_USD2.15;5,3361403
El Salvador;;2016;headcount_rural_USD3.65;21,805046
El Salvador;;2016;headcount_rural_USD6.85;55,835547
El Salvador;;2016;headcount_urban_USD2.15;0,95599784
El Salvador;;2016;headcount_urban_USD3.65;5,8574388
El Salvador;;2016;headcount_urban_USD6.85;28,137431
El Salvador;;2016;nbi1_headcount_urban;64,622161
El Salvador;;2016;theil;0,30424541
El Salvador;;2016;wolfson;0,34380701
El Salvador;;2017;a1;0,21811224
El Salvador;;2017;a2;0,38037899
El Salvador;;2017;cv;0,99270557
El Salvador;;2017;e0;0,2462661
El Salvador;;2017;gini;0,38006885
El Salvador;;2017;gini_pci_rural;0,35430551
El Salvador;;2017;gini_pci_urban;0,36961967
El Salvador;;2017;headcount_national_USD2.15;2,1554992
El Salvador;;2017;headcount_national_USD3.65;9,6713148
El Salvador;;2017;headcount_national_USD6.85;36,33067
El Salvador;;2017;headcount_rural_USD2.15;4,3952586
El Salvador;;2017;headcount_rural_USD3.65;16,644754
El Salvador;;2017;headcount_rural_USD6.85;51,425666
El Salvador;;2017;headcount_urban_USD2.15;0,67158886
El Salvador;;2017;headcount_urban_USD3.65;5,0511942
El Salvador;;2017;headcount_urban_USD6.85;26,329765
El Salvador;;2017;nbi1_headcount_urban;65,107666
El Salvador;;2017;theil;0,26752855
El Salvador;;2017;wolfson;0,32806402
El Salvador;;2018;a1;0,2243198
El Salvador;;2018;a2;0,39086611
El Salvador;;2018;cv;0,92633317
El Salvador;;2018;e0;0,25380638
El Salvador;;2018;gini;0,38610569
El Salvador;;2018;gini_pci_rural;0,3590177
El Salvador;;2018;gini_pci_urban;0,37576083
El Salvador;;2018;headcount_national_USD2.15;1,8427663
El Salvador;;2018;headcount_national_USD3.65;8,9516013
El Salvador;;2018;headcount_national_USD6.85;32,982418
El Salvador;;2018;headcount_rural_USD2.15;3,4691491
El Salvador;;2018;headcount_rural_USD3.65;15,111676
El Salvador;;2018;headcount_rural_USD6.85;47,597219
El Salvador;;2018;headcount_urban_USD2.15;0,83119336
El Salvador;;2018;headcount_urban_USD3.65;5,1201755
El Salvador;;2018;headcount_urban_USD6.85;23,892345
El Salvador;;2018;nbi1_headcount_urban;61,711201
El Salvador;;2018;theil;0,27055782
El Salvador;;2018;wolfson;0,33481157
El Salvador;;2019;a1;0,22481244
El Salvador;;2019;a2;0,38790483
El Salvador;;2019;cv;0,92051336
El Salvador;;2019;e0;0,25443349
El Salvador;;2019;gini;0,38778764
El Salvador;;2019;gini_pci_rural;0,35064054
El Salvador;;2019;gini_pci_urban;0,38283435
El Salvador;;2019;headcount_national_USD2.15;1,4019152
El Salvador;;2019;headcount_national_USD3.65;6,5912574
El Salvador;;2019;headcount_national_USD6.85;28,756779
El Salvador;;2019;headcount_rural_USD2.15;2,5439771
El Salvador;;2019;headcount_rural_USD3.65;10,987422
El Salvador;;2019;headcount_rural_USD6.85;41,467784
El Salvador;;2019;headcount_urban_USD2.15;0,69176771
El Salvador;;2019;headcount_urban_USD3.65;3,857671
El Salvador;;2019;headcount_urban_USD6.85;20,852927
El Salvador;;2019;nbi1_headcount_urban;61,011701
El Salvador;;2019;theil;0,27360759
El Salvador;;2019;wolfson;0,33583483
El Salvador;;2021;a1;0,24192025
El Salvador;;2021;a2;0,47824073
El Salvador;;2021;cv;0,84172463
El Salvador;;2021;e0;0,27693681
El Salvador;;2021;gini;0,38979215
El Salvador;;2021;gini_pci_rural;0,39077832
El Salvador;;2021;gini_pci_urban;0,37467523
El Salvador;;2021;headcount_national_USD2.15;3,586186
El Salvador;;2021;headcount_national_USD3.65;8,7138048
El Salvador;;2021;headcount_national_USD6.85;28,397105
El Salvador;;2021;headcount_rural_USD2.15;6,9146784
El Salvador;;2021;headcount_rural_USD3.65;15,030362
El Salvador;;2021;headcount_rural_USD6.85;39,767329
El Salvador;;2021;headcount_urban_USD2.15;1,5157543
El Salvador;;2021;headcount_urban_USD3.65;4,7846984
El Salvador;;2021;headcount_urban_USD6.85;21,324452
El Salvador;;2021;nbi1_headcount_urban;61,710132
El Salvador;;2021;theil;0,2656706
El Salvador;;2021;wolfson;0,34151487
El Salvador;;2022;a1;0,23993491
El Salvador;;2022;a2;0,51357233
El Salvador;;2022;cv;0,84227607
El Salvador;;2022;e0;0,27434463
El Salvador;;2022;gini;0,38700041
El Salvador;;2022;gini_pci_rural;0,38686472
El Salvador;;2022;gini_pci_urban;0,37171928
El Salvador;;2022;headcount_national_USD2.15;3,3633982
El Salvador;;2022;headcount_national_USD3.65;8,6418217
El Salvador;;2022;headcount_national_USD6.85;27,488308
El Salvador;;2022;headcount_rural_USD2.15;6,2029295
El Salvador;;2022;headcount_rural_USD3.65;14,393704
El Salvador;;2022;headcount_rural_USD6.85;38,710439
El Salvador;;2022;headcount_urban_USD2.15;1,5966663
El Salvador;;2022;headcount_urban_USD3.65;5,06305
El Salvador;;2022;headcount_urban_USD6.85;20,505995
El Salvador;;2022;nbi1_headcount_urban;61,756475
El Salvador;;2022;theil;0,26293732
El Salvador;;2022;wolfson;0,33877371
Guatemala;ENCOVI;2000;a1;0,41162526
Guatemala;ENCOVI;2000;a2;0,64503569
Guatemala;ENCOVI;2000;cv;1,8215682
Guatemala;ENCOVI;2000;e0;0,53016216
Guatemala;ENCOVI;2000;gini;0,54146677
Guatemala;ENCOVI;2000;gini_pci_rural;0,47388813
Guatemala;ENCOVI;2000;gini_pci_urban;0,53939695
Guatemala;ENCOVI;2000;headcount_national_USD2.15;9,6077759
Guatemala;ENCOVI;2000;headcount_national_USD3.65;23,433428
Guatemala;ENCOVI;2000;headcount_national_USD6.85;49,983078
Guatemala;ENCOVI;2000;headcount_rural_USD2.15;12,776053
Guatemala;ENCOVI;2000;headcount_rural_USD3.65;31,50975
Guatemala;ENCOVI;2000;headcount_rural_USD6.85;60,891438
Guatemala;ENCOVI;2000;headcount_urban_USD2.15;4,520273
Guatemala;ENCOVI;2000;headcount_urban_USD3.65;10,464769
Guatemala;ENCOVI;2000;headcount_urban_USD6.85;32,466839
Guatemala;ENCOVI;2000;nbi1_headcount_urban;71,060667
Guatemala;ENCOVI;2000;theil;0,61665264
Guatemala;ENCOVI;2000;wolfson;0,47346015
Guatemala;ENCOVI;2006;a1;0,4214176
Guatemala;ENCOVI;2006;a2;0,6512048
Guatemala;ENCOVI;2006;cv;1,9336097
Guatemala;ENCOVI;2006;e0;0,54720022
Guatemala;ENCOVI;2006;gini;0,54549735
Guatemala;ENCOVI;2006;gini_pci_rural;0,49776573
Guatemala;ENCOVI;2006;gini_pci_urban;0,51149407
Guatemala;ENCOVI;2006;headcount_national_USD2.15;11,650105
Guatemala;ENCOVI;2006;headcount_national_USD3.65;25,237121
Guatemala;ENCOVI;2006;headcount_national_USD6.85;48,62242
Guatemala;ENCOVI;2006;headcount_rural_USD2.15;18,636875
Guatemala;ENCOVI;2006;headcount_rural_USD3.65;38,75241
Guatemala;ENCOVI;2006;headcount_rural_USD6.85;66,084725
Guatemala;ENCOVI;2006;headcount_urban_USD2.15;4,0981336
Guatemala;ENCOVI;2006;headcount_urban_USD3.65;10,628499
Guatemala;ENCOVI;2006;headcount_urban_USD6.85;29,747483
Guatemala;ENCOVI;2006;nbi1_headcount_urban;68,904514
Guatemala;ENCOVI;2006;theil;0,62931058
Guatemala;ENCOVI;2006;wolfson;0,49692193
Guatemala;ENCOVI;2011;a1;0,38198111
Guatemala;ENCOVI;2011;a2;0,59751621
Guatemala;ENCOVI;2011;cv;2,4139172
Guatemala;ENCOVI;2011;e0;0,4810116
Guatemala;ENCOVI;2011;gini;0,51889404
Guatemala;ENCOVI;2011;gini_pci_rural;0,44379715
Guatemala;ENCOVI;2011;gini_pci_urban;0,51041007
Guatemala;ENCOVI;2011;headcount_national_USD2.15;11,557991
Guatemala;ENCOVI;2011;headcount_national_USD3.65;28,459634
Guatemala;ENCOVI;2011;headcount_national_USD6.85;58,287564
Guatemala;ENCOVI;2011;headcount_rural_USD2.15;16,809457
Guatemala;ENCOVI;2011;headcount_rural_USD3.65;39,820592
Guatemala;ENCOVI;2011;headcount_rural_USD6.85;74,333214
Guatemala;ENCOVI;2011;headcount_urban_USD2.15;5,9709632
Guatemala;ENCOVI;2011;headcount_urban_USD3.65;16,372723
Guatemala;ENCOVI;2011;headcount_urban_USD6.85;41,216616
Guatemala;ENCOVI;2011;nbi1_headcount_urban;65,864026
Guatemala;ENCOVI;2011;theil;0,62423607
Guatemala;ENCOVI;2011;wolfson;0,45551317
Guatemala;ENCOVI;2014;a1;0,33606224
Guatemala;ENCOVI;2014;a2;0,57683455
Guatemala;ENCOVI;2014;cv;1,8120198
Guatemala;ENCOVI;2014;e0;0,40940978
Guatemala;ENCOVI;2014;gini;0,48255098
Guatemala;ENCOVI;2014;gini_pci_rural;0,43607574
Guatemala;ENCOVI;2014;gini_pci_urban;0,47010498
Guatemala;ENCOVI;2014;headcount_national_USD2.15;9,5213027
Guatemala;ENCOVI;2014;headcount_national_USD3.65;25,860234
Guatemala;ENCOVI;2014;headcount_national_USD6.85;55,400353
Guatemala;ENCOVI;2014;headcount_rural_USD2.15;14,474907
Guatemala;ENCOVI;2014;headcount_rural_USD3.65;37,613003
Guatemala;ENCOVI;2014;headcount_rural_USD6.85;69,905792
Guatemala;ENCOVI;2014;headcount_urban_USD2.15;4,4646832
Guatemala;ENCOVI;2014;headcount_urban_USD3.65;13,863054
Guatemala;ENCOVI;2014;headcount_urban_USD6.85;40,593259
Guatemala;ENCOVI;2014;nbi1_headcount_urban;66,764389
Guatemala;ENCOVI;2014;theil;0,50130114
Guatemala;ENCOVI;2014;wolfson;0,41316889
Guatemala;ENCOVI;2023;a1;0,30608241
Guatemala;ENCOVI;2023;a2;0,53048691
Guatemala;ENCOVI;2023;cv;1,1619004
Guatemala;ENCOVI;2023;e0;0,36579827
Guatemala;ENCOVI;2023;gini;0,45195033
Guatemala;ENCOVI;2023;gini_pci_rural;0,4187735
Guatemala;ENCOVI;2023;gini_pci_urban;0,44842747
Guatemala;ENCOVI;2023;theil;0,37976165
Guatemala;ENCOVI;2023;wolfson;0,4088614
Guatemala;ENEI;2002;a1;0,45209093
Guatemala;ENEI;2002;a2;0,70929295
Guatemala;ENEI;2002;cv;1,6285243
Guatemala;ENEI;2002;e0;0,60141875
Guatemala;ENEI;2002;gini;0,55933787
Guatemala;ENEI;2002;gini_pci_rural;0,49973461
Guatemala;ENEI;2002;gini_pci_urban;0,53091836
Guatemala;ENEI;2002;theil;0,62059843
Guatemala;ENEI;2002;wolfson;0,5385741
Guatemala;ENEI;2003;a1;0,42440563
Guatemala;ENEI;2003;a2;0,70001696
Guatemala;ENEI;2003;cv;1,4423179
Guatemala;ENEI;2003;e0;0,55215236
Guatemala;ENEI;2003;gini;0,53526723
Guatemala;ENEI;2003;gini_pci_rural;0,50430856
Guatemala;ENEI;2003;gini_pci_urban;0,50498602
Guatemala;ENEI;2003;theil;0,54460831
Guatemala;ENEI;2003;wolfson;0,54220398
Guatemala;ENEI;2004;a1;0,37124459
Guatemala;ENEI;2004;a2;0,65337439
Guatemala;ENEI;2004;cv;1,3339981
Guatemala;ENEI;2004;e0;0,46432669
Guatemala;ENEI;2004;gini;0,50099613
Guatemala;ENEI;2004;gini_pci_rural;0,44487547
Guatemala;ENEI;2004;gini_pci_urban;0,48668967
Guatemala;ENEI;2004;theil;0,47673451
Guatemala;ENEI;2004;wolfson;0,46426197
Honduras;INE;2001;a1;0,44869442
Honduras;INE;2001;a2;0,72144144
Honduras;INE;2001;cv;1,5123232
Honduras;INE;2001;e0;0,59538674
Honduras;INE;2001;gini;0,55315749
Honduras;INE;2001;gini_pci_rural;0,56004215
Honduras;INE;2001;gini_pci_urban;0,48292396
Honduras;INE;2001;headcount_national_USD2.15;19,837118
Honduras;INE;2001;headcount_national_USD3.65;33,982582
Honduras;INE;2001;headcount_national_USD6.85;56,463124
Honduras;INE;2001;headcount_rural_USD2.15;32,564011
Honduras;INE;2001;headcount_rural_USD3.65;52,476711
Honduras;INE;2001;headcount_rural_USD6.85;74,990155
Honduras;INE;2001;headcount_urban_USD2.15;5,7631622
Honduras;INE;2001;headcount_urban_USD3.65;13,530964
Honduras;INE;2001;headcount_urban_USD6.85;35,97512
Honduras;INE;2001;nbi1_headcount_urban;65,550736
Honduras;INE;2001;theil;0,58159668
Honduras;INE;2001;wolfson;0,57095249
Honduras;INE;2002;a1;0,44846341
Honduras;INE;2002;a2;0,72359608
Honduras;INE;2002;cv;1,6335005
Honduras;INE;2002;e0;0,59487895
Honduras;INE;2002;gini;0,55623085
Honduras;INE;2002;gini_pci_rural;0,5457801
Honduras;INE;2002;gini_pci_urban;0,5057429
Honduras;INE;2002;headcount_national_USD2.15;21,995177
Honduras;INE;2002;headcount_national_USD3.65;38,044086
Honduras;INE;2002;headcount_national_USD6.85;61,534833
Honduras;INE;2002;headcount_rural_USD2.15;33,849096
Honduras;INE;2002;headcount_rural_USD3.65;54,716775
Honduras;INE;2002;headcount_rural_USD6.85;77,058015
Honduras;INE;2002;headcount_urban_USD2.15;8,4671452
Honduras;INE;2002;headcount_urban_USD3.65;19,016735
Honduras;INE;2002;headcount_urban_USD6.85;43,819333
Honduras;INE;2002;nbi1_headcount_urban;67,321569
Honduras;INE;2002;theil;0,60925892
Honduras;INE;2002;wolfson;0,56412424
Honduras;INE;2003;a1;0,47681936
Honduras;INE;2003;a2;0,73819123
Honduras;INE;2003;cv;1,7775898
Honduras;INE;2003;e0;0,64762653
Honduras;INE;2003;gini;0,5787324
Honduras;INE;2003;gini_pci_rural;0,54662084
Honduras;INE;2003;gini_pci_urban;0,52951666
Honduras;INE;2003;headcount_national_USD2.15;26,49947
Honduras;INE;2003;headcount_national_USD3.65;43,273311
Honduras;INE;2003;headcount_national_USD6.85;64,957282
Honduras;INE;2003;headcount_rural_USD2.15;39,559605
Honduras;INE;2003;headcount_rural_USD3.65;60,158044
Honduras;INE;2003;headcount_rural_USD6.85;80,836623
Honduras;INE;2003;headcount_urban_USD2.15;10,673267
Honduras;INE;2003;headcount_urban_USD3.65;22,812481
Honduras;INE;2003;headcount_urban_USD6.85;45,714782
Honduras;INE;2003;nbi1_headcount_urban;67,372179
Honduras;INE;2003;theil;0,66884854
Honduras;INE;2003;wolfson;0,60818264
Honduras;INE;2004;a1;0,47831644
Honduras;INE;2004;a2;0,74293602
Honduras;INE;2004;cv;1,9714296
Honduras;INE;2004;e0;0,65062261
Honduras;INE;2004;gini;0,57897112
Honduras;INE;2004;gini_pci_rural;0,57802179
Honduras;INE;2004;gini_pci_urban;0,51443232
Honduras;INE;2004;headcount_national_USD2.15;25,433019
Honduras;INE;2004;headcount_national_USD3.65;42,018093
Honduras;INE;2004;headcount_national_USD6.85;64,501461
Honduras;INE;2004;headcount_rural_USD2.15;38,127688
Honduras;INE;2004;headcount_rural_USD3.65;58,965311
Honduras;INE;2004;headcount_rural_USD6.85;80,802958
Honduras;INE;2004;headcount_urban_USD2.15;10,539902
Honduras;INE;2004;headcount_urban_USD3.65;22,135975
Honduras;INE;2004;headcount_urban_USD6.85;45,37689
Honduras;INE;2004;nbi1_headcount_urban;64,694078
Honduras;INE;2004;theil;0,68345552
Honduras;INE;2004;wolfson;0,60691844
Honduras;INE;2005;a1;0,51410736
Honduras;INE;2005;a2;0,80623153
Honduras;INE;2005;cv;2,0413675
Honduras;INE;2005;e0;0,72138713
Honduras;INE;2005;gini;0,59457141
Honduras;INE;2005;gini_pci_rural;0,61055474
Honduras;INE;2005;gini_pci_urban;0,51856286
Honduras;INE;2005;headcount_national_USD2.15;25,067038
Honduras;INE;2005;headcount_national_USD3.65;39,848818
Honduras;INE;2005;headcount_national_USD6.85;62,007623
Honduras;INE;2005;headcount_rural_USD2.15;40,699056
Honduras;INE;2005;headcount_rural_USD3.65;59,469768
Honduras;INE;2005;headcount_rural_USD6.85;78,940787
Honduras;INE;2005;headcount_urban_USD2.15;7,1648532
Honduras;INE;2005;headcount_urban_USD3.65;17,378406
Honduras;INE;2005;headcount_urban_USD6.85;42,615332
Honduras;INE;2005;nbi1_headcount_urban;63,607825
Honduras;INE;2005;theil;0,70780513
Honduras;INE;2005;wolfson;0,62897374
Honduras;INE;2006;a1;0,48680595
Honduras;INE;2006;a2;0,77039384
Honduras;INE;2006;cv;2,0288697
Honduras;INE;2006;e0;0,66741804
Honduras;INE;2006;gini;0,57510336
Honduras;INE;2006;gini_pci_rural;0,5686117
Honduras;INE;2006;gini_pci_urban;0,50855111
Honduras;INE;2006;headcount_national_USD2.15;21,142116
Honduras;INE;2006;headcount_national_USD3.65;35,064135
Honduras;INE;2006;headcount_national_USD6.85;56,417876
Honduras;INE;2006;headcount_rural_USD2.15;34,474727
Honduras;INE;2006;headcount_rural_USD3.65;53,266298
Honduras;INE;2006;headcount_rural_USD6.85;74,989362
Honduras;INE;2006;headcount_urban_USD2.15;5,761589
Honduras;INE;2006;headcount_urban_USD3.65;14,066084
Honduras;INE;2006;headcount_urban_USD6.85;34,993772
Honduras;INE;2006;nbi1_headcount_urban;61,173374
Honduras;INE;2006;theil;0,66906473
Honduras;INE;2006;wolfson;0,58975547
Honduras;INE;2007;a1;0,44227899
Honduras;INE;2007;a2;0,68455705
Honduras;INE;2007;cv;1,6842486
Honduras;INE;2007;e0;0,58362963
Honduras;INE;2007;gini;0,55784759
Honduras;INE;2007;gini_pci_rural;0,55068674
Honduras;INE;2007;gini_pci_urban;0,491633
Honduras;INE;2007;headcount_national_USD2.15;15,642992
Honduras;INE;2007;headcount_national_USD3.65;30,196115
Honduras;INE;2007;headcount_national_USD6.85;54,224741
Honduras;INE;2007;headcount_rural_USD2.15;25,546872
Honduras;INE;2007;headcount_rural_USD3.65;46,578175
Honduras;INE;2007;headcount_rural_USD6.85;73,047182
Honduras;INE;2007;headcount_urban_USD2.15;3,6692615
Honduras;INE;2007;headcount_urban_USD3.65;10,390305
Honduras;INE;2007;headcount_urban_USD6.85;31,468525
Honduras;INE;2007;nbi1_headcount_urban;60,631951
Honduras;INE;2007;theil;0,61618258
Honduras;INE;2007;wolfson;0,56671518
Honduras;INE;2008;a1;0,44509704
Honduras;INE;2008;a2;0,71133616
Honduras;INE;2008;cv;2,3219922
Honduras;INE;2008;e0;0,58869066
Honduras;INE;2008;gini;0,55445958
Honduras;INE;2008;gini_pci_rural;0,56433826
Honduras;INE;2008;gini_pci_urban;0,49154278
Honduras;INE;2008;headcount_national_USD2.15;15,244035
Honduras;INE;2008;headcount_national_USD3.65;28,888931
Honduras;INE;2008;headcount_national_USD6.85;51,311837
Honduras;INE;2008;headcount_rural_USD2.15;24,1899
Honduras;INE;2008;headcount_rural_USD3.65;43,358829
Honduras;INE;2008;headcount_rural_USD6.85;67,809853
Honduras;INE;2008;headcount_urban_USD2.15;4,4652057
Honduras;INE;2008;headcount_urban_USD3.65;11,454221
Honduras;INE;2008;headcount_urban_USD6.85;31,433457
Honduras;INE;2008;nbi1_headcount_urban;58,850362
Honduras;INE;2008;theil;0,66029785
Honduras;INE;2008;wolfson;0,53372115
Honduras;INE;2009;a1;0,38604677
Honduras;INE;2009;a2;0,6290918
Honduras;INE;2009;cv;1,4259154
Honduras;INE;2009;e0;0,48769173
Honduras;INE;2009;gini;0,51270219
Honduras;INE;2009;gini_pci_rural;0,5057481
Honduras;INE;2009;gini_pci_urban;0,44896209
Honduras;INE;2009;headcount_national_USD2.15;12,322079
Honduras;INE;2009;headcount_national_USD3.65;25,687745
Honduras;INE;2009;headcount_national_USD6.85;48,432802
Honduras;INE;2009;headcount_rural_USD2.15;20,680059
Honduras;INE;2009;headcount_rural_USD3.65;40,897224
Honduras;INE;2009;headcount_rural_USD6.85;67,027264
Honduras;INE;2009;headcount_urban_USD2.15;2,4762351
Honduras;INE;2009;headcount_urban_USD3.65;7,7707182
Honduras;INE;2009;headcount_urban_USD6.85;26,528206
Honduras;INE;2009;nbi1_headcount_urban;56,860303
Honduras;INE;2009;theil;0,49876307
Honduras;INE;2009;wolfson;0,50260878
Honduras;INE;2010;a1;0,40712028
Honduras;INE;2010;a2;0,64584864
Honduras;INE;2010;cv;1,4310065
Honduras;INE;2010;e0;0,52249063
Honduras;INE;2010;gini;0,53076305
Honduras;INE;2010;gini_pci_rural;0,52733388
Honduras;INE;2010;gini_pci_urban;0,46836232
Honduras;INE;2010;headcount_national_USD2.15;13,802202
Honduras;INE;2010;headcount_national_USD3.65;27,783341
Honduras;INE;2010;headcount_national_USD6.85;51,264011
Honduras;INE;2010;headcount_rural_USD2.15;22,770309
Honduras;INE;2010;headcount_rural_USD3.65;43,485273
Honduras;INE;2010;headcount_rural_USD6.85;68,940538
Honduras;INE;2010;headcount_urban_USD2.15;3,2765353
Honduras;INE;2010;headcount_urban_USD3.65;9,3543344
Honduras;INE;2010;headcount_urban_USD6.85;30,517466
Honduras;INE;2010;nbi1_headcount_urban;55,264457
Honduras;INE;2010;theil;0,53715472
Honduras;INE;2010;wolfson;0,54091196
Honduras;INE;2011;a1;0,40756529
Honduras;INE;2011;a2;0,68370013
Honduras;INE;2011;cv;1,3713394
Honduras;INE;2011;e0;0,52359935
Honduras;INE;2011;gini;0,52543334
Honduras;INE;2011;gini_pci_rural;0,51351918
Honduras;INE;2011;gini_pci_urban;0,48526372
Honduras;INE;2011;headcount_national_USD2.15;14,32309
Honduras;INE;2011;headcount_national_USD3.65;28,060024
Honduras;INE;2011;headcount_national_USD6.85;51,437962
Honduras;INE;2011;headcount_rural_USD2.15;21,720308
Honduras;INE;2011;headcount_rural_USD3.65;40,635599
Honduras;INE;2011;headcount_rural_USD6.85;66,604597
Honduras;INE;2011;headcount_urban_USD2.15;5,6022353
Honduras;INE;2011;headcount_urban_USD3.65;13,234212
Honduras;INE;2011;headcount_urban_USD6.85;33,557454
Honduras;INE;2011;nbi1_headcount_urban;54,880688
Honduras;INE;2011;theil;0,51943884
Honduras;INE;2011;wolfson;0,51357736
Honduras;INE;2012;a1;0,41696769
Honduras;INE;2012;a2;0,68071225
Honduras;INE;2012;cv;1,5500615
Honduras;INE;2012;e0;0,53935351
Honduras;INE;2012;gini;0,5336401
Honduras;INE;2012;gini_pci_rural;0,52377557
Honduras;INE;2012;gini_pci_urban;0,48611422
Honduras;INE;2012;headcount_national_USD2.15;16,992705
Honduras;INE;2012;headcount_national_USD3.65;32,810433
Honduras;INE;2012;headcount_national_USD6.85;56,902777
Honduras;INE;2012;headcount_rural_USD2.15;25,490693
Honduras;INE;2012;headcount_rural_USD3.65;46,02041
Honduras;INE;2012;headcount_rural_USD6.85;72,041776
Honduras;INE;2012;headcount_urban_USD2.15;7,0739275
Honduras;INE;2012;headcount_urban_USD3.65;17,39186
Honduras;INE;2012;headcount_urban_USD6.85;39,232668
Honduras;INE;2012;nbi1_headcount_urban;56,033872
Honduras;INE;2012;theil;0,54847042
Honduras;INE;2012;wolfson;0,53309383
Honduras;INE;2013;a1;0,36962278
Honduras;INE;2013;a2;0,61508241
Honduras;INE;2013;cv;1,171664
Honduras;INE;2013;e0;0,46116153
Honduras;INE;2013;gini;0,49956783
Honduras;INE;2013;gini_pci_rural;0,47473834
Honduras;INE;2013;gini_pci_urban;0,45535151
Honduras;INE;2013;headcount_national_USD2.15;14,568505
Honduras;INE;2013;headcount_national_USD3.65;29,226548
Honduras;INE;2013;headcount_national_USD6.85;54,434477
Honduras;INE;2013;headcount_rural_USD2.15;22,982997
Honduras;INE;2013;headcount_rural_USD3.65;43,366376
Honduras;INE;2013;headcount_rural_USD6.85;70,990612
Honduras;INE;2013;headcount_urban_USD2.15;5,0722837
Honduras;INE;2013;headcount_urban_USD3.65;13,268969
Honduras;INE;2013;headcount_urban_USD6.85;35,749961
Honduras;INE;2013;nbi1_headcount_urban;52,354332
Honduras;INE;2013;theil;0,44792856
Honduras;INE;2013;wolfson;0,49926934
Honduras;INE;2014;a1;0,36258039
Honduras;INE;2014;a2;0,59360887
Honduras;INE;2014;cv;1,1855723
Honduras;INE;2014;e0;0,45017201
Honduras;INE;2014;gini;0,49847872
Honduras;INE;2014;gini_pci_rural;0,46264959
Honduras;INE;2014;gini_pci_urban;0,46557171
Honduras;INE;2014;headcount_national_USD2.15;13,282177
Honduras;INE;2014;headcount_national_USD3.65;28,788208
Honduras;INE;2014;headcount_national_USD6.85;53,06539
Honduras;INE;2014;headcount_rural_USD2.15;22,326057
Honduras;INE;2014;headcount_rural_USD3.65;44,389075
Honduras;INE;2014;headcount_rural_USD6.85;71,643183
Honduras;INE;2014;headcount_urban_USD2.15;5,5271989
Honduras;INE;2014;headcount_urban_USD3.65;15,410723
Honduras;INE;2014;headcount_urban_USD6.85;37,135239
Honduras;INE;2014;nbi1_headcount_urban;54,346852
Honduras;INE;2014;theil;0,4492057
Honduras;INE;2014;wolfson;0,48708904
Honduras;INE;2015;a1;0,35659413
Honduras;INE;2015;a2;0,59158144
Honduras;INE;2015;cv;1,1565997
Honduras;INE;2015;e0;0,44100252
Honduras;INE;2015;gini;0,49244945
Honduras;INE;2015;gini_pci_rural;0,48170652
Honduras;INE;2015;gini_pci_urban;0,45542416
Honduras;INE;2015;headcount_national_USD2.15;12,977554
Honduras;INE;2015;headcount_national_USD3.65;28,571993
Honduras;INE;2015;headcount_national_USD6.85;53,243175
Honduras;INE;2015;headcount_rural_USD2.15;21,727135
Honduras;INE;2015;headcount_rural_USD3.65;44,36453
Honduras;INE;2015;headcount_rural_USD6.85;71,730953
Honduras;INE;2015;headcount_urban_USD2.15;5,9080727
Honduras;INE;2015;headcount_urban_USD3.65;15,811948
Honduras;INE;2015;headcount_urban_USD6.85;38,305431
Honduras;INE;2015;nbi1_headcount_urban;54,650203
Honduras;INE;2015;theil;0,43535547
Honduras;INE;2015;wolfson;0,48664935
Honduras;INE;2016;a1;0,37548218
Honduras;INE;2016;a2;0,63631109
Honduras;INE;2016;cv;1,1283821
Honduras;INE;2016;e0;0,47078321
Honduras;INE;2016;gini;0,498048
Honduras;INE;2016;gini_pci_rural;0,50377022
Honduras;INE;2016;gini_pci_urban;0,45061207
Honduras;INE;2016;headcount_national_USD2.15;14,606983
Honduras;INE;2016;headcount_national_USD3.65;28,314154
Honduras;INE;2016;headcount_national_USD6.85;50,506599
Honduras;INE;2016;headcount_rural_USD2.15;25,98
Honduras;INE;2016;headcount_rural_USD3.65;46,807471
Honduras;INE;2016;headcount_rural_USD6.85;69,202606
Honduras;INE;2016;headcount_urban_USD2.15;5,6647232
Honduras;INE;2016;headcount_urban_USD3.65;13,773417
Honduras;INE;2016;headcount_urban_USD6.85;35,806493
Honduras;INE;2016;nbi1_headcount_urban;54,227947
Honduras;INE;2016;theil;0,43718348
Honduras;INE;2016;wolfson;0,50173649
Honduras;INE;2017;a1;0,3645059
Honduras;INE;2017;a2;0,60931899
Honduras;INE;2017;cv;1,3188755
Honduras;INE;2017;e0;0,45309262
Honduras;INE;2017;gini;0,49396199
Honduras;INE;2017;gini_pci_rural;0,49678788
Honduras;INE;2017;gini_pci_urban;0,43817791
Honduras;INE;2017;headcount_national_USD2.15;13,855522
Honduras;INE;2017;headcount_national_USD3.65;27,505461
Honduras;INE;2017;headcount_national_USD6.85;51,176633
Honduras;INE;2017;headcount_rural_USD2.15;26,820068
Honduras;INE;2017;headcount_rural_USD3.65;48,087332
Honduras;INE;2017;headcount_rural_USD6.85;72,534451
Honduras;INE;2017;headcount_urban_USD2.15;3,6903064
Honduras;INE;2017;headcount_urban_USD3.65;11,367669
Honduras;INE;2017;headcount_urban_USD6.85;34,430439
Honduras;INE;2017;nbi1_headcount_urban;54,33685
Honduras;INE;2017;theil;0,44665164
Honduras;INE;2017;wolfson;0,47937337
Honduras;INE;2018;a1;0,36194995
Honduras;INE;2018;a2;0,6148884
Honduras;INE;2018;cv;1,1038566
Honduras;INE;2018;e0;0,44970595
Honduras;INE;2018;gini;0,48933348
Honduras;INE;2018;gini_pci_rural;0,48068559
Honduras;INE;2018;gini_pci_urban;0,436829
Honduras;INE;2018;headcount_national_USD2.15;14,233573
Honduras;INE;2018;headcount_national_USD3.65;27,245783
Honduras;INE;2018;headcount_national_USD6.85;51,308126
Honduras;INE;2018;headcount_rural_USD2.15;26,399675
Honduras;INE;2018;headcount_rural_USD3.65;46,404831
Honduras;INE;2018;headcount_rural_USD6.85;72,980831
Honduras;INE;2018;headcount_urban_USD2.15;4,7600381
Honduras;INE;2018;headcount_urban_USD3.65;12,326959
Honduras;INE;2018;headcount_urban_USD6.85;34,43196
Honduras;INE;2018;nbi1_headcount_urban;51,925228
Honduras;INE;2018;theil;0,42209656
Honduras;INE;2018;wolfson;0,49104943
Honduras;INE;2019;a1;0,34911527
Honduras;INE;2019;a2;0,59345462
Honduras;INE;2019;cv;1,0924077
Honduras;INE;2019;e0;0,42941121
Honduras;INE;2019;gini;0,48097475
Honduras;INE;2019;gini_pci_rural;0,47998957
Honduras;INE;2019;gini_pci_urban;0,42987595
Honduras;INE;2019;headcount_national_USD2.15;12,7
Honduras;INE;2019;headcount_national_USD3.65;26,4
Honduras;INE;2019;headcount_national_USD6.85;49,5
Honduras;INE;2019;headcount_rural_USD2.15;24,2
Honduras;INE;2019;headcount_rural_USD3.65;44,8
Honduras;INE;2019;headcount_rural_USD6.85;71,0
Honduras;INE;2019;headcount_urban_USD2.15;4,0
Honduras;INE;2019;headcount_urban_USD3.65;12,4
Honduras;INE;2019;headcount_urban_USD6.85;33,2
Honduras;INE;2019;nbi1_headcount_urban;48,6
Honduras;INE;2019;theil;0,40802908
Honduras;INE;2019;wolfson;0,48607417
Honduras;INE;2023;a1;0,33978668
Honduras;INE;2023;a2;0,61338403
Honduras;INE;2023;cv;1,0192649
Honduras;INE;2023;e0;0,41566854
Honduras;INE;2023;gini;0,46697936
Honduras;INE;2023;gini_pci_rural;0,47798622
Honduras;INE;2023;gini_pci_urban;0,42938175
Honduras;INE;2023;theil;0,37838656
Honduras;INE;2023;wolfson;0,4832438
Mexico;New Methodology;2016;a1;0,31493701
Mexico;New Methodology;2016;a2;0,49709536
Mexico;New Methodology;2016;cv;1,6331079
Mexico;New Methodology;2016;e0;0,37824234
Mexico;New Methodology;2016;gini;0,46905129
Mexico;New Methodology;2016;gini_pci_rural;0,42776466
Mexico;New Methodology;2016;gini_pci_urban;0,46028534
Mexico;New Methodology;2016;nbi1_headcount_urban;44,52159
Mexico;New Methodology;2016;theil;0,45442537
Mexico;New Methodology;2016;wolfson;0,40321199
Mexico;New Methodology;2018;a1;0,30468912
Mexico;New Methodology;2018;a2;0,48537716
Mexico;New Methodology;2018;cv;1,5248468
Mexico;New Methodology;2018;e0;0,36339459
Mexico;New Methodology;2018;gini;0,45948733
Mexico;New Methodology;2018;gini_pci_rural;0,4253167
Mexico;New Methodology;2018;gini_pci_urban;0,45112966
Mexico;New Methodology;2018;nbi1_headcount_urban;42,863527
Mexico;New Methodology;2018;theil;0,4423275
Mexico;New Methodology;2018;wolfson;0,38627693
Mexico;New Methodology;2020;a1;0,2896937
Mexico;New Methodology;2020;a2;0,47562802
Mexico;New Methodology;2020;cv;1,5958373
Mexico;New Methodology;2020;e0;0,34205662
Mexico;New Methodology;2020;gini;0,44581103
Mexico;New Methodology;2020;gini_pci_rural;0,42243222
Mexico;New Methodology;2020;gini_pci_urban;0,44052748
Mexico;New Methodology;2020;nbi1_headcount_urban;40,602752
Mexico;New Methodology;2020;theil;0,40070914
Mexico;New Methodology;2020;wolfson;0,38373638
Mexico;New Methodology;2022;a1;0,27620017
Mexico;New Methodology;2022;a2;0,45197035
Mexico;New Methodology;2022;cv;1,4103372
Mexico;New Methodology;2022;e0;0,32323889
Mexico;New Methodology;2022;gini;0,43442298
Mexico;New Methodology;2022;gini_pci_rural;0,41776196
Mexico;New Methodology;2022;gini_pci_urban;0,42704234
Mexico;New Methodology;2022;nbi1_headcount_urban;39,109851
Mexico;New Methodology;2022;theil;0,38392277
Mexico;New Methodology;2022;wolfson;0,36619463
Mexico;;1989;a1;0,35941557
Mexico;;1989;a2;0,56976189
Mexico;;1989;cv;2,4655457
Mexico;;1989;e0;0,44537034
Mexico;;1989;gini;0,50073739
Mexico;;1989;gini_pci_rural;0,44480823
Mexico;;1989;gini_pci_urban;0,4984643
Mexico;;1989;headcount_national_USD2.15;9,0535145
Mexico;;1989;headcount_national_USD3.65;24,217048
Mexico;;1989;headcount_national_USD6.85;53,746011
Mexico;;1989;headcount_rural_USD2.15;16,550413
Mexico;;1989;headcount_rural_USD3.65;38,023018
Mexico;;1989;headcount_rural_USD6.85;65,933768
Mexico;;1989;headcount_urban_USD2.15;4,5270228
Mexico;;1989;headcount_urban_USD3.65;15,881253
Mexico;;1989;headcount_urban_USD6.85;39,23973
Mexico;;1989;nbi1_headcount_urban;68,927479
Mexico;;1989;theil;0,56956358
Mexico;;1989;wolfson;0,4226601
Mexico;;1992;a1;0,38193874
Mexico;;1992;a2;0,5781353
Mexico;;1992;cv;1,8439914
Mexico;;1992;e0;0,4811629
Mexico;;1992;gini;0,52304341
Mexico;;1992;gini_pci_rural;0,45720149
Mexico;;1992;gini_pci_urban;0,50410876
Mexico;;1992;headcount_national_USD2.15;7,8659561
Mexico;;1992;headcount_national_USD3.65;20,919777
Mexico;;1992;headcount_national_USD6.85;49,004132
Mexico;;1992;headcount_rural_USD2.15;20,566836
Mexico;;1992;headcount_rural_USD3.65;44,378898
Mexico;;1992;headcount_rural_USD6.85;75,539811
Mexico;;1992;headcount_urban_USD2.15;3,1057628
Mexico;;1992;headcount_urban_USD3.65;12,127477
Mexico;;1992;headcount_urban_USD6.85;39,058761
Mexico;;1992;nbi1_headcount_urban;70,69775
Mexico;;1992;theil;0,57725293
Mexico;;1992;wolfson;0,47449561
Mexico;;1994;a1;0,39704239
Mexico;;1994;a2;0,60179863
Mexico;;1994;cv;1,6666196
Mexico;;1994;e0;0,50590191
Mexico;;1994;gini;0,53421535
Mexico;;1994;gini_pci_rural;0,42805681
Mexico;;1994;gini_pci_urban;0,51358558
Mexico;;1994;headcount_national_USD2.15;7,9339939
Mexico;;1994;headcount_national_USD3.65;21,739142
Mexico;;1994;headcount_national_USD6.85;47,642777
Mexico;;1994;headcount_rural_USD2.15;21,541032
Mexico;;1994;headcount_rural_USD3.65;45,702812
Mexico;;1994;headcount_rural_USD6.85;77,937849
Mexico;;1994;headcount_urban_USD2.15;2,8999415
Mexico;;1994;headcount_urban_USD3.65;12,873556
Mexico;;1994;headcount_urban_USD6.85;36,434829
Mexico;;1994;nbi1_headcount_urban;68,171806
Mexico;;1994;theil;0,58448504
Mexico;;1994;wolfson;0,48556598
Mexico;;1996;a1;0,38164253
Mexico;;1996;a2;0,59423954
Mexico;;1996;cv;1,7282497
Mexico;;1996;e0;0,48068189
Mexico;;1996;gini;0,51949962
Mexico;;1996;gini_pci_rural;0,45131165
Mexico;;1996;gini_pci_urban;0,50097888
Mexico;;1996;headcount_national_USD2.15;13,960938
Mexico;;1996;headcount_national_USD3.65;32,055758
Mexico;;1996;headcount_national_USD6.85;60,400156
Mexico;;1996;headcount_rural_USD2.15;30,728066
Mexico;;1996;headcount_rural_USD3.65;58,251971
Mexico;;1996;headcount_rural_USD6.85;84,757838
Mexico;;1996;headcount_urban_USD2.15;7,7642916
Mexico;;1996;headcount_urban_USD3.65;22,374393
Mexico;;1996;headcount_urban_USD6.85;51,398259
Mexico;;1996;nbi1_headcount_urban;65,468539
Mexico;;1996;theil;0,55382781
Mexico;;1996;wolfson;0,47545945
Mexico;;1998;a1;0,40353864
Mexico;;1998;a2;0,62455068
Mexico;;1998;cv;2,0957843
Mexico;;1998;e0;0,51673171
Mexico;;1998;gini;0,53277924
Mexico;;1998;gini_pci_rural;0,49239878
Mexico;;1998;gini_pci_urban;0,50347238
Mexico;;1998;headcount_national_USD2.15;15,237268
Mexico;;1998;headcount_national_USD3.65;30,611654
Mexico;;1998;headcount_national_USD6.85;56,721711
Mexico;;1998;headcount_rural_USD2.15;37,205899
Mexico;;1998;headcount_rural_USD3.65;62,078019
Mexico;;1998;headcount_rural_USD6.85;83,364491
Mexico;;1998;headcount_urban_USD2.15;7,2721101
Mexico;;1998;headcount_urban_USD3.65;19,202906
Mexico;;1998;headcount_urban_USD6.85;47,061848
Mexico;;1998;nbi1_headcount_urban;63,304943
Mexico;;1998;theil;0,59120891
Mexico;;1998;wolfson;0,49329981
Mexico;;2000;a1;0,40353313
Mexico;;2000;a2;0,63176117
Mexico;;2000;cv;1,6110763
Mexico;;2000;e0;0,51672242
Mexico;;2000;gini;0,53410096
Mexico;;2000;gini_pci_rural;0,47562552
Mexico;;2000;gini_pci_urban;0,50713558
Mexico;;2000;headcount_national_USD2.15;10,678649
Mexico;;2000;headcount_national_USD3.65;23,646424
Mexico;;2000;headcount_national_USD6.85;49,876585
Mexico;;2000;headcount_rural_USD2.15;27,112931
Mexico;;2000;headcount_rural_USD3.65;54,713237
Mexico;;2000;headcount_rural_USD6.85;81,375627
Mexico;;2000;headcount_urban_USD2.15;5,2023841
Mexico;;2000;headcount_urban_USD3.65;13,294278
Mexico;;2000;headcount_urban_USD6.85;39,380411
Mexico;;2000;nbi1_headcount_urban;58,878828
Mexico;;2000;theil;0,5772431
Mexico;;2000;wolfson;0,49227366
Mexico;;2002;a1;0,36321356
Mexico;;2002;a2;0,5733758
Mexico;;2002;cv;1,3411878
Mexico;;2002;e0;0,45131458
Mexico;;2002;gini;0,5058033
Mexico;;2002;gini_pci_rural;0,51649296
Mexico;;2002;gini_pci_urban;0,47815683
Mexico;;2002;headcount_national_USD2.15;7,5212465
Mexico;;2002;headcount_national_USD3.65;20,632745
Mexico;;2002;headcount_national_USD6.85;47,04509
Mexico;;2002;headcount_rural_USD2.15;19,726231
Mexico;;2002;headcount_rural_USD3.65;45,582577
Mexico;;2002;headcount_rural_USD6.85;75,556245
Mexico;;2002;headcount_urban_USD2.15;3,6416458
Mexico;;2002;headcount_urban_USD3.65;12,701938
Mexico;;2002;headcount_urban_USD6.85;37,982243
Mexico;;2002;nbi1_headcount_urban;57,633401
Mexico;;2002;theil;0,49472502
Mexico;;2002;wolfson;0,45695382
Mexico;;2004;a1;0,3644241
Mexico;;2004;a2;0,58231406
Mexico;;2004;cv;2,2581191
Mexico;;2004;e0;0,45321763
Mexico;;2004;gini;0,50331338
Mexico;;2004;gini_pci_rural;0,47233144
Mexico;;2004;gini_pci_urban;0,4891501
Mexico;;2004;headcount_national_USD2.15;7,1508162
Mexico;;2004;headcount_national_USD3.65;17,658032
Mexico;;2004;headcount_national_USD6.85;44,16121
Mexico;;2004;headcount_rural_USD2.15;18,744893
Mexico;;2004;headcount_rural_USD3.65;37,577582
Mexico;;2004;headcount_rural_USD6.85;69,22972
Mexico;;2004;headcount_urban_USD2.15;3,6165553
Mexico;;2004;headcount_urban_USD3.65;11,585889
Mexico;;2004;headcount_urban_USD6.85;36,519493
Mexico;;2004;nbi1_headcount_urban;58,679843
Mexico;;2004;theil;0,5381485
Mexico;;2004;wolfson;0,44544701
Mexico;;2005;a1;0,37596609
Mexico;;2005;a2;0,62570495
Mexico;;2005;cv;1,9055416
Mexico;;2005;e0;0,47154311
Mexico;;2005;gini;0,50932102
Mexico;;2005;gini_pci_rural;0,46763569
Mexico;;2005;gini_pci_urban;0,4969704
Mexico;;2005;headcount_national_USD2.15;7,8001707
Mexico;;2005;headcount_national_USD3.65;17,752845
Mexico;;2005;headcount_national_USD6.85;42,927883
Mexico;;2005;headcount_rural_USD2.15;17,246712
Mexico;;2005;headcount_rural_USD3.65;36,07541
Mexico;;2005;headcount_rural_USD6.85;68,287088
Mexico;;2005;headcount_urban_USD2.15;4,9923048
Mexico;;2005;headcount_urban_USD3.65;12,306693
Mexico;;2005;headcount_urban_USD6.85;35,390178
Mexico;;2005;nbi1_headcount_urban;55,787491
Mexico;;2005;theil;0,5592225
Mexico;;2005;wolfson;0,44321566
Mexico;;2006;a1;0,35301011
Mexico;;2006;a2;0,55994037
Mexico;;2006;cv;1,4437853
Mexico;;2006;e0;0,43541938
Mexico;;2006;gini;0,4970637
Mexico;;2006;gini_pci_rural;0,4809533
Mexico;;2006;gini_pci_urban;0,48424832
Mexico;;2006;headcount_national_USD2.15;5,3540765
Mexico;;2006;headcount_national_USD3.65;14,992516
Mexico;;2006;headcount_national_USD6.85;39,660258
Mexico;;2006;headcount_rural_USD2.15;12,452904
Mexico;;2006;headcount_rural_USD3.65;30,330666
Mexico;;2006;headcount_rural_USD6.85;61,093667
Mexico;;2006;headcount_urban_USD2.15;3,246247
Mexico;;2006;headcount_urban_USD3.65;10,438215
Mexico;;2006;headcount_urban_USD6.85;33,296112
Mexico;;2006;nbi1_headcount_urban;54,330955
Mexico;;2006;theil;0,49474985
Mexico;;2006;wolfson;0,43519267
Mexico;;2008;a1;0,37010921
Mexico;;2008;a2;0,59082234
Mexico;;2008;cv;2,4482755
Mexico;;2008;e0;0,46220211
Mexico;;2008;gini;0,50824384
Mexico;;2008;gini_pci_rural;0,46885439
Mexico;;2008;gini_pci_urban;0,49051598
Mexico;;2008;headcount_national_USD2.15;5,9822812
Mexico;;2008;headcount_national_USD3.65;16,618162
Mexico;;2008;headcount_national_USD6.85;40,244324
Mexico;;2008;headcount_rural_USD2.15;15,805619
Mexico;;2008;headcount_rural_USD3.65;38,294563
Mexico;;2008;headcount_rural_USD6.85;68,617117
Mexico;;2008;headcount_urban_USD2.15;3,102764
Mexico;;2008;headcount_urban_USD3.65;10,264154
Mexico;;2008;headcount_urban_USD6.85;31,927401
Mexico;;2008;nbi1_headcount_urban;54,699317
Mexico;;2008;theil;0,54105346
Mexico;;2008;wolfson;0,46148133
Mexico;;2010;a1;0,32852577
Mexico;;2010;a2;0,53609658
Mexico;;2010;cv;1,3449332
Mexico;;2010;e0;0,39827482
Mexico;;2010;gini;0,47647309
Mexico;;2010;gini_pci_rural;0,45718859
Mexico;;2010;gini_pci_urban;0,46240584
Mexico;;2010;headcount_national_USD2.15;4,704363
Mexico;;2010;headcount_national_USD3.65;14,339867
Mexico;;2010;headcount_national_USD6.85;40,182085
Mexico;;2010;headcount_rural_USD2.15;13,355018
Mexico;;2010;headcount_rural_USD3.65;31,533787
Mexico;;2010;headcount_rural_USD6.85;64,160715
Mexico;;2010;headcount_urban_USD2.15;2,1959562
Mexico;;2010;headcount_urban_USD3.65;9,3541931
Mexico;;2010;headcount_urban_USD6.85;33,229067
Mexico;;2010;nbi1_headcount_urban;50,928761
Mexico;;2010;theil;0,44555632
Mexico;;2010;wolfson;0,42504064
Mexico;;2012;a1;0,34905208
Mexico;;2012;a2;0,54656417
Mexico;;2012;cv;1,5303147
Mexico;;2012;e0;0,42932137
Mexico;;2012;gini;0,49591203
Mexico;;2012;gini_pci_rural;0,46287473
Mexico;;2012;gini_pci_urban;0,4831252
Mexico;;2012;headcount_national_USD2.15;4,1995993
Mexico;;2012;headcount_national_USD3.65;13,454025
Mexico;;2012;headcount_national_USD6.85;37,342213
Mexico;;2012;headcount_rural_USD2.15;10,227832
Mexico;;2012;headcount_rural_USD3.65;28,234694
Mexico;;2012;headcount_rural_USD6.85;62,080478
Mexico;;2012;headcount_urban_USD2.15;2,4377265
Mexico;;2012;headcount_urban_USD3.65;9,1340763
Mexico;;2012;headcount_urban_USD6.85;30,111956
Mexico;;2012;nbi1_headcount_urban;51,022593
Mexico;;2012;theil;0,49718417
Mexico;;2012;wolfson;0,43538878
Mexico;;2014;a1;0,33886685
Mexico;;2014;a2;0,52906252
Mexico;;2014;cv;1,5096291
Mexico;;2014;e0;0,41379738
Mexico;;2014;gini;0,48904751
Mexico;;2014;gini_pci_rural;0,43792934
Mexico;;2014;gini_pci_urban;0,48117121
Mexico;;2014;headcount_national_USD2.15;3,9831142
Mexico;;2014;headcount_national_USD3.65;13,092414
Mexico;;2014;headcount_national_USD6.85;40,341408
Mexico;;2014;headcount_rural_USD2.15;11,977907
Mexico;;2014;headcount_rural_USD3.65;29,612876
Mexico;;2014;headcount_rural_USD6.85;62,239763
Mexico;;2014;headcount_urban_USD2.15;1,6093278
Mexico;;2014;headcount_urban_USD3.65;8,187215
Mexico;;2014;headcount_urban_USD6.85;33,839424
Mexico;;2014;nbi1_headcount_urban;46,747741
Mexico;;2014;theil;0,49563266
Mexico;;2014;wolfson;0,41513941
Mexico;;2016;headcount_national_USD2.15;2,3163963
Mexico;;2016;headcount_national_USD3.65;8,8636687
Mexico;;2016;headcount_national_USD6.85;31,419191
Mexico;;2016;headcount_rural_USD2.15;6,042062
Mexico;;2016;headcount_rural_USD3.65;20,504687
Mexico;;2016;headcount_rural_USD6.85;53,439195
Mexico;;2016;headcount_urban_USD2.15;1,2186593
Mexico;;2016;headcount_urban_USD3.65;5,4337376
Mexico;;2016;headcount_urban_USD6.85;24,931176
Mexico;;2018;headcount_national_USD2.15;1,8759747
Mexico;;2018;headcount_national_USD3.65;7,8296037
Mexico;;2018;headcount_national_USD6.85;28,796015
Mexico;;2018;headcount_rural_USD2.15;5,1329973
Mexico;;2018;headcount_rural_USD3.65;18,148626
Mexico;;2018;headcount_rural_USD6.85;48,664716
Mexico;;2018;headcount_urban_USD2.15;0,83980906
Mexico;;2018;headcount_urban_USD3.65;4,5467848
Mexico;;2018;headcount_urban_USD6.85;22,47513
Mexico;;2020;headcount_national_USD2.15;2,1319396
Mexico;;2020;headcount_national_USD3.65;8,1882333
Mexico;;2020;headcount_national_USD6.85;30,269925
Mexico;;2020;headcount_rural_USD2.15;4,4316851
Mexico;;2020;headcount_rural_USD3.65;15,931323
Mexico;;2020;headcount_rural_USD6.85;45,785701
Mexico;;2020;headcount_urban_USD2.15;1,453154
Mexico;;2020;headcount_urban_USD3.65;5,9028073
Mexico;;2020;headcount_urban_USD6.85;25,690337
Mexico;;2022;headcount_national_USD2.15;1,1800878
Mexico;;2022;headcount_national_USD3.65;4,6922886
Mexico;;2022;headcount_national_USD6.85;21,771826
Mexico;;2022;headcount_rural_USD2.15;3,0491267
Mexico;;2022;headcount_rural_USD3.65;10,293144
Mexico;;2022;headcount_rural_USD6.85;35,753012
Mexico;;2022;headcount_urban_USD2.15;0,58145632
Mexico;;2022;headcount_urban_USD3.65;2,8983996
Mexico;;2022;headcount_urban_USD6.85;17,293814
Nicaragua;;1993;a1;0,46426797
Nicaragua;;1993;a2;0,75355575
Nicaragua;;1993;cv;1,7698813
Nicaragua;;1993;e0;0,62423079
Nicaragua;;1993;gini;0,56405478
Nicaragua;;1993;gini_pci_rural;0,52364593
Nicaragua;;1993;gini_pci_urban;0,53576803
Nicaragua;;1993;headcount_national_USD2.15;38,314225
Nicaragua;;1993;headcount_national_USD3.65;58,638043
Nicaragua;;1993;headcount_national_USD6.85;79,201948
Nicaragua;;1993;headcount_rural_USD2.15;55,395173
Nicaragua;;1993;headcount_rural_USD3.65;76,354469
Nicaragua;;1993;headcount_rural_USD6.85;91,864598
Nicaragua;;1993;headcount_urban_USD2.15;25,09753
Nicaragua;;1993;headcount_urban_USD3.65;44,929634
Nicaragua;;1993;headcount_urban_USD6.85;69,403992
Nicaragua;;1993;nbi1_headcount_urban;84,475943
Nicaragua;;1993;theil;0,64949999
Nicaragua;;1993;wolfson;0,55257567
Nicaragua;;1998;a1;0,42545076
Nicaragua;;1998;a2;0,70440462
Nicaragua;;1998;cv;2,0306023
Nicaragua;;1998;e0;0,55401361
Nicaragua;;1998;gini;0,54222777
Nicaragua;;1998;gini_pci_rural;0,51062087
Nicaragua;;1998;gini_pci_urban;0,53251832
Nicaragua;;1998;headcount_national_USD2.15;25,759578
Nicaragua;;1998;headcount_national_USD3.65;48,04275
Nicaragua;;1998;headcount_national_USD6.85;74,158644
Nicaragua;;1998;headcount_rural_USD2.15;36,110423
Nicaragua;;1998;headcount_rural_USD3.65;60,670519
Nicaragua;;1998;headcount_rural_USD6.85;84,250922
Nicaragua;;1998;headcount_urban_USD2.15;16,991808
Nicaragua;;1998;headcount_urban_USD3.65;37,346291
Nicaragua;;1998;headcount_urban_USD6.85;65,609894
Nicaragua;;1998;nbi1_headcount_urban;82,934363
Nicaragua;;1998;theil;0,64982713
Nicaragua;;1998;wolfson;0,47285829
Nicaragua;;2001;a1;0,39287435
Nicaragua;;2001;a2;0,59764578
Nicaragua;;2001;cv;2,2370744
Nicaragua;;2001;e0;0,49905103
Nicaragua;;2001;gini;0,52868892
Nicaragua;;2001;gini_pci_rural;0,44310061
Nicaragua;;2001;gini_pci_urban;0,53167806
Nicaragua;;2001;headcount_national_USD2.15;17,814484
Nicaragua;;2001;headcount_national_USD3.65;40,095339
Nicaragua;;2001;headcount_national_USD6.85;69,006704
Nicaragua;;2001;headcount_rural_USD2.15;27,902593
Nicaragua;;2001;headcount_rural_USD3.65;54,778833
Nicaragua;;2001;headcount_rural_USD6.85;83,871829
Nicaragua;;2001;headcount_urban_USD2.15;10,653678
Nicaragua;;2001;headcount_urban_USD3.65;29,672606
Nicaragua;;2001;headcount_urban_USD6.85;58,455045
Nicaragua;;2001;nbi1_headcount_urban;86,075332
Nicaragua;;2001;theil;0,64733052
Nicaragua;;2001;wolfson;0,45644869
Nicaragua;;2005;a1;0,33649572
Nicaragua;;2005;a2;0,51525045
Nicaragua;;2005;cv;1,6904516
Nicaragua;;2005;e0;0,41000498
Nicaragua;;2005;gini;0,48801903
Nicaragua;;2005;gini_pci_rural;0,43632456
Nicaragua;;2005;gini_pci_urban;0,47730631
Nicaragua;;2005;headcount_national_USD2.15;9,0985147
Nicaragua;;2005;headcount_national_USD3.65;29,298917
Nicaragua;;2005;headcount_national_USD6.85;61,021609
Nicaragua;;2005;headcount_rural_USD2.15;15,991213
Nicaragua;;2005;headcount_rural_USD3.65;45,225359
Nicaragua;;2005;headcount_rural_USD6.85;76,718832
Nicaragua;;2005;headcount_urban_USD2.15;3,6417487
Nicaragua;;2005;headcount_urban_USD3.65;16,690376
Nicaragua;;2005;headcount_urban_USD6.85;48,594535
Nicaragua;;2005;nbi1_headcount_urban;77,7255
Nicaragua;;2005;theil;0,51855552
Nicaragua;;2005;wolfson;0,40975785
Nicaragua;;2009;a1;0,28280595
Nicaragua;;2009;a2;0,46992878
Nicaragua;;2009;cv;1,1577544
Nicaragua;;2009;e0;0,33232039
Nicaragua;;2009;gini;0,43941455
Nicaragua;;2009;gini_pci_rural;0,41162878
Nicaragua;;2009;gini_pci_urban;0,42491159
Nicaragua;;2009;headcount_national_USD2.15;8,2766441
Nicaragua;;2009;headcount_national_USD3.65;24,242998
Nicaragua;;2009;headcount_national_USD6.85;57,065805
Nicaragua;;2009;headcount_rural_USD2.15;13,320007
Nicaragua;;2009;headcount_rural_USD3.65;36,330683
Nicaragua;;2009;headcount_rural_USD6.85;72,442339
Nicaragua;;2009;headcount_urban_USD2.15;4,4612355
Nicaragua;;2009;headcount_urban_USD3.65;15,098413
Nicaragua;;2009;headcount_urban_USD6.85;45,433137
Nicaragua;;2009;nbi1_headcount_urban;75,305695
Nicaragua;;2009;theil;0,37192556
Nicaragua;;2009;wolfson;0,38263901
Nicaragua;;2014;a1;0,30693801
Nicaragua;;2014;a2;0,48055944
Nicaragua;;2014;cv;1,6112936
Nicaragua;;2014;e0;0,36650881
Nicaragua;;2014;gini;0,46156291
Nicaragua;;2014;gini_pci_rural;0,40840239
Nicaragua;;2014;gini_pci_urban;0,45698944
Nicaragua;;2014;headcount_national_USD2.15;3,9410287
Nicaragua;;2014;headcount_national_USD3.65;14,441279
Nicaragua;;2014;headcount_national_USD6.85;42,08584
Nicaragua;;2014;headcount_rural_USD2.15;7,2422531
Nicaragua;;2014;headcount_rural_USD3.65;24,611386
Nicaragua;;2014;headcount_rural_USD6.85;57,762901
Nicaragua;;2014;headcount_urban_USD2.15;1,5468246
Nicaragua;;2014;headcount_urban_USD3.65;7,0654367
Nicaragua;;2014;headcount_urban_USD6.85;30,716094
Nicaragua;;2014;nbi1_headcount_urban;67,979057
Nicaragua;;2014;theil;0,4558705
Nicaragua;;2014;wolfson;0,37078844
Panama;With Implicit Rent;2008;a1;0,40266618
Panama;With Implicit Rent;2008;a2;0,63684568
Panama;With Implicit Rent;2008;cv;2,0012848
Panama;With Implicit Rent;2008;e0;0,51517269
Panama;With Implicit Rent;2008;gini;0,52683833
Panama;With Implicit Rent;2008;gini_pci_rural;0,53112603
Panama;With Implicit Rent;2008;gini_pci_urban;0,48458471
Panama;With Implicit Rent;2008;headcount_national_USD2.15;4,0731489
Panama;With Implicit Rent;2008;headcount_national_USD3.65;10,519485
Panama;With Implicit Rent;2008;headcount_national_USD6.85;23,244384
Panama;With Implicit Rent;2008;headcount_rural_USD2.15;10,287063
Panama;With Implicit Rent;2008;headcount_rural_USD3.65;25,260831
Panama;With Implicit Rent;2008;headcount_rural_USD6.85;46,45249
Panama;With Implicit Rent;2008;headcount_urban_USD2.15;0,60848393
Panama;With Implicit Rent;2008;headcount_urban_USD3.65;2,3002169
Panama;With Implicit Rent;2008;headcount_urban_USD6.85;10,30434
Panama;With Implicit Rent;2008;theil;0,56932121
Panama;With Implicit Rent;2008;wolfson;0,49282538
Panama;With Implicit Rent;2009;a1;0,3830894
Panama;With Implicit Rent;2009;a2;0,60282625
Panama;With Implicit Rent;2009;cv;1,3763791
Panama;With Implicit Rent;2009;e0;0,48309563
Panama;With Implicit Rent;2009;gini;0,51750171
Panama;With Implicit Rent;2009;gini_pci_rural;0,49334613
Panama;With Implicit Rent;2009;gini_pci_urban;0,48163419
Panama;With Implicit Rent;2009;headcount_national_USD2.15;2,5282087
Panama;With Implicit Rent;2009;headcount_national_USD3.65;8,029662
Panama;With Implicit Rent;2009;headcount_national_USD6.85;23,011647
Panama;With Implicit Rent;2009;headcount_rural_USD2.15;5,9646215
Panama;With Implicit Rent;2009;headcount_rural_USD3.65;18,369482
Panama;With Implicit Rent;2009;headcount_rural_USD6.85;45,78763
Panama;With Implicit Rent;2009;headcount_urban_USD2.15;0,63285145
Panama;With Implicit Rent;2009;headcount_urban_USD3.65;2,326723
Panama;With Implicit Rent;2009;headcount_urban_USD6.85;10,449529
Panama;With Implicit Rent;2009;theil;0,51389639
Panama;With Implicit Rent;2009;wolfson;0,48806237
Panama;With Implicit Rent;2010;a1;0,38877392
Panama;With Implicit Rent;2010;a2;0,62617425
Panama;With Implicit Rent;2010;cv;1,5086468
Panama;With Implicit Rent;2010;e0;0,49216863
Panama;With Implicit Rent;2010;gini;0,51581381
Panama;With Implicit Rent;2010;gini_pci_rural;0,49971794
Panama;With Implicit Rent;2010;gini_pci_urban;0,47781948
Panama;With Implicit Rent;2010;headcount_national_USD2.15;3,3920668
Panama;With Implicit Rent;2010;headcount_national_USD3.65;9,0679702
Panama;With Implicit Rent;2010;headcount_national_USD6.85;21,70791
Panama;With Implicit Rent;2010;headcount_rural_USD2.15;7,8584025
Panama;With Implicit Rent;2010;headcount_rural_USD3.65;21,609252
Panama;With Implicit Rent;2010;headcount_rural_USD6.85;44,542283
Panama;With Implicit Rent;2010;headcount_urban_USD2.15;0,9525399
Panama;With Implicit Rent;2010;headcount_urban_USD3.65;2,2178822
Panama;With Implicit Rent;2010;headcount_urban_USD6.85;9,2357024
Panama;With Implicit Rent;2010;theil;0,52057335
Panama;With Implicit Rent;2010;wolfson;0,47729917
Panama;With Implicit Rent;2011;a1;0,38307814
Panama;With Implicit Rent;2011;a2;0,61710627
Panama;With Implicit Rent;2011;cv;1,3972101
Panama;With Implicit Rent;2011;e0;0,48323718
Panama;With Implicit Rent;2011;gini;0,5130578
Panama;With Implicit Rent;2011;gini_pci_rural;0,49864671
Panama;With Implicit Rent;2011;gini_pci_urban;0,47893391
Panama;With Implicit Rent;2011;headcount_national_USD2.15;2,4522368
Panama;With Implicit Rent;2011;headcount_national_USD3.65;7,2718473
Panama;With Implicit Rent;2011;headcount_national_USD6.85;18,339839
Panama;With Implicit Rent;2011;headcount_rural_USD2.15;6,0009505
Panama;With Implicit Rent;2011;headcount_rural_USD3.65;17,355662
Panama;With Implicit Rent;2011;headcount_rural_USD6.85;39,01581
Panama;With Implicit Rent;2011;headcount_urban_USD2.15;0,59863109
Panama;With Implicit Rent;2011;headcount_urban_USD3.65;2,004751
Panama;With Implicit Rent;2011;headcount_urban_USD6.85;7,5401239
Panama;With Implicit Rent;2011;theil;0,5082126
Panama;With Implicit Rent;2011;wolfson;0,47428729
Panama;With Implicit Rent;2012;a1;0,39443256
Panama;With Implicit Rent;2012;a2;0,64455138
Panama;With Implicit Rent;2012;cv;1,4188349
Panama;With Implicit Rent;2012;e0;0,50178041
Panama;With Implicit Rent;2012;gini;0,51708564
Panama;With Implicit Rent;2012;gini_pci_rural;0,50566722
Panama;With Implicit Rent;2012;gini_pci_urban;0,47778934
Panama;With Implicit Rent;2012;headcount_national_USD2.15;3,4651457
Panama;With Implicit Rent;2012;headcount_national_USD3.65;8,6597187
Panama;With Implicit Rent;2012;headcount_national_USD6.85;18,760873
Panama;With Implicit Rent;2012;headcount_rural_USD2.15;8,9872184
Panama;With Implicit Rent;2012;headcount_rural_USD3.65;21,138159
Panama;With Implicit Rent;2012;headcount_rural_USD6.85;40,599573
Panama;With Implicit Rent;2012;headcount_urban_USD2.15;0,65423541
Panama;With Implicit Rent;2012;headcount_urban_USD3.65;2,3077965
Panama;With Implicit Rent;2012;headcount_urban_USD6.85;7,6442819
Panama;With Implicit Rent;2012;theil;0,51595331
Panama;With Implicit Rent;2012;wolfson;0,48218516
Panama;With Implicit Rent;2013;a1;0,38480642
Panama;With Implicit Rent;2013;a2;0,61940019
Panama;With Implicit Rent;2013;cv;1,3500468
Panama;With Implicit Rent;2013;e0;0,48601126
Panama;With Implicit Rent;2013;gini;0,51416561
Panama;With Implicit Rent;2013;gini_pci_rural;0,5060429
Panama;With Implicit Rent;2013;gini_pci_urban;0,47449088
Panama;With Implicit Rent;2013;headcount_national_USD2.15;2,2445593
Panama;With Implicit Rent;2013;headcount_national_USD3.65;7,0271169
Panama;With Implicit Rent;2013;headcount_national_USD6.85;18,164224
Panama;With Implicit Rent;2013;headcount_rural_USD2.15;5,7435958
Panama;With Implicit Rent;2013;headcount_rural_USD3.65;17,984636
Panama;With Implicit Rent;2013;headcount_rural_USD6.85;40,507713
Panama;With Implicit Rent;2013;headcount_urban_USD2.15;0,47300648
Panama;With Implicit Rent;2013;headcount_urban_USD3.65;1,4793543
Panama;With Implicit Rent;2013;headcount_urban_USD6.85;6,8517756
Panama;With Implicit Rent;2013;theil;0,49985233
Panama;With Implicit Rent;2013;wolfson;0,47888286
Panama;With Implicit Rent;2014;a1;0,37867415
Panama;With Implicit Rent;2014;a2;0,63163147
Panama;With Implicit Rent;2014;cv;1,328193
Panama;With Implicit Rent;2014;e0;0,47560212
Panama;With Implicit Rent;2014;gini;0,50419965
Panama;With Implicit Rent;2014;gini_pci_rural;0,49797665
Panama;With Implicit Rent;2014;gini_pci_urban;0,46561837
Panama;With Implicit Rent;2014;headcount_national_USD2.15;2,8937746
Panama;With Implicit Rent;2014;headcount_national_USD3.65;7,4248786
Panama;With Implicit Rent;2014;headcount_national_USD6.85;16,835927
Panama;With Implicit Rent;2014;headcount_rural_USD2.15;7,3937827
Panama;With Implicit Rent;2014;headcount_rural_USD3.65;19,038511
Panama;With Implicit Rent;2014;headcount_rural_USD6.85;37,853815
Panama;With Implicit Rent;2014;headcount_urban_USD2.15;0,65367667
Panama;With Implicit Rent;2014;headcount_urban_USD3.65;1,6436283
Panama;With Implicit Rent;2014;headcount_urban_USD6.85;6,3732508
Panama;With Implicit Rent;2014;theil;0,4834077
Panama;With Implicit Rent;2014;wolfson;0,46218258
Panama;With Implicit Rent;2015;a1;0,37731409
Panama;With Implicit Rent;2015;a2;0,61073335
Panama;With Implicit Rent;2015;cv;1,4767372
Panama;With Implicit Rent;2015;e0;0,47378784
Panama;With Implicit Rent;2015;gini;0,50768368
Panama;With Implicit Rent;2015;gini_pci_rural;0,48911661
Panama;With Implicit Rent;2015;gini_pci_urban;0,47263843
Panama;With Implicit Rent;2015;headcount_national_USD2.15;1,5139549
Panama;With Implicit Rent;2015;headcount_national_USD3.65;5,570803
Panama;With Implicit Rent;2015;headcount_national_USD6.85;15,398764
Panama;With Implicit Rent;2015;headcount_rural_USD2.15;3,8744915
Panama;With Implicit Rent;2015;headcount_rural_USD3.65;14,130544
Panama;With Implicit Rent;2015;headcount_rural_USD6.85;36,03861
Panama;With Implicit Rent;2015;headcount_urban_USD2.15;0,36082365
Panama;With Implicit Rent;2015;headcount_urban_USD3.65;1,3893369
Panama;With Implicit Rent;2015;headcount_urban_USD6.85;5,3161201
Panama;With Implicit Rent;2015;theil;0,50114132
Panama;With Implicit Rent;2015;wolfson;0,46953837
Panama;With Implicit Rent;2016;a1;0,37586143
Panama;With Implicit Rent;2016;a2;0,62093314
Panama;With Implicit Rent;2016;cv;1,2342045
Panama;With Implicit Rent;2016;e0;0,47158011
Panama;With Implicit Rent;2016;gini;0,5037425
Panama;With Implicit Rent;2016;gini_pci_rural;0,48725256
Panama;With Implicit Rent;2016;gini_pci_urban;0,46273018
Panama;With Implicit Rent;2016;headcount_national_USD2.15;1,5169267
Panama;With Implicit Rent;2016;headcount_national_USD3.65;5,8233209
Panama;With Implicit Rent;2016;headcount_national_USD6.85;14,520295
Panama;With Implicit Rent;2016;headcount_rural_USD2.15;3,8264725
Panama;With Implicit Rent;2016;headcount_rural_USD3.65;15,924642
Panama;With Implicit Rent;2016;headcount_rural_USD6.85;35,808956
Panama;With Implicit Rent;2016;headcount_urban_USD2.15;0,41642314
Panama;With Implicit Rent;2016;headcount_urban_USD3.65;1,0100195
Panama;With Implicit Rent;2016;headcount_urban_USD6.85;4,3762013
Panama;With Implicit Rent;2016;theil;0,46672353
Panama;With Implicit Rent;2016;wolfson;0,48279734
Panama;With Implicit Rent;2017;a1;0,36912765
Panama;With Implicit Rent;2017;a2;0,61812117
Panama;With Implicit Rent;2017;cv;1,3471116
Panama;With Implicit Rent;2017;e0;0,4606893
Panama;With Implicit Rent;2017;gini;0,49749339
Panama;With Implicit Rent;2017;gini_pci_rural;0,49522513
Panama;With Implicit Rent;2017;gini_pci_urban;0,46202314
Panama;With Implicit Rent;2017;headcount_national_USD2.15;2,0971286
Panama;With Implicit Rent;2017;headcount_national_USD3.65;5,3179165
Panama;With Implicit Rent;2017;headcount_national_USD6.85;13,975935
Panama;With Implicit Rent;2017;headcount_rural_USD2.15;4,6607684
Panama;With Implicit Rent;2017;headcount_rural_USD3.65;13,274478
Panama;With Implicit Rent;2017;headcount_rural_USD6.85;32,771126
Panama;With Implicit Rent;2017;headcount_urban_USD2.15;0,90071349
Panama;With Implicit Rent;2017;headcount_urban_USD3.65;1,6046997
Panama;With Implicit Rent;2017;headcount_urban_USD6.85;5,2044798
Panama;With Implicit Rent;2017;theil;0,47440565
Panama;With Implicit Rent;2017;wolfson;0,45360824
Panama;With Implicit Rent;2018;a1;0,36116696
Panama;With Implicit Rent;2018;a2;0,6045032
Panama;With Implicit Rent;2018;cv;1,3940526
Panama;With Implicit Rent;2018;e0;0,44804815
Panama;With Implicit Rent;2018;gini;0,49171519
Panama;With Implicit Rent;2018;gini_pci_rural;0,49673207
Panama;With Implicit Rent;2018;gini_pci_urban;0,45724073
Panama;With Implicit Rent;2018;headcount_national_USD2.15;1,4056449
Panama;With Implicit Rent;2018;headcount_national_USD3.65;4,4099715
Panama;With Implicit Rent;2018;headcount_national_USD6.85;12,542125
Panama;With Implicit Rent;2018;headcount_rural_USD2.15;3,7300639
Panama;With Implicit Rent;2018;headcount_rural_USD3.65;11,609132
Panama;With Implicit Rent;2018;headcount_rural_USD6.85;29,522952
Panama;With Implicit Rent;2018;headcount_urban_USD2.15;0,34150381
Panama;With Implicit Rent;2018;headcount_urban_USD3.65;1,1141274
Panama;With Implicit Rent;2018;headcount_urban_USD6.85;4,7681414
Panama;With Implicit Rent;2018;theil;0,46230049
Panama;With Implicit Rent;2018;wolfson;0,45860589
Panama;With Implicit Rent;2019;a1;0,36569706
Panama;With Implicit Rent;2019;a2;0,60558342
Panama;With Implicit Rent;2019;cv;1,3199571
Panama;With Implicit Rent;2019;e0;0,45532305
Panama;With Implicit Rent;2019;gini;0,49802822
Panama;With Implicit Rent;2019;gini_pci_rural;0,49200614
Panama;With Implicit Rent;2019;gini_pci_urban;0,46608873
Panama;With Implicit Rent;2019;headcount_national_USD2.15;1,0040995
Panama;With Implicit Rent;2019;headcount_national_USD3.65;3,7361362
Panama;With Implicit Rent;2019;headcount_national_USD6.85;12,07762
Panama;With Implicit Rent;2019;headcount_rural_USD2.15;2,680902
Panama;With Implicit Rent;2019;headcount_rural_USD3.65;10,096298
Panama;With Implicit Rent;2019;headcount_rural_USD6.85;28,175125
Panama;With Implicit Rent;2019;headcount_urban_USD2.15;0,24995569
Panama;With Implicit Rent;2019;headcount_urban_USD3.65;0,87564594
Panama;With Implicit Rent;2019;headcount_urban_USD6.85;4,8377487
Panama;With Implicit Rent;2019;theil;0,47049328
Panama;With Implicit Rent;2019;wolfson;0,46007597
Panama;With Implicit Rent;2021;a1;0,37153929
Panama;With Implicit Rent;2021;a2;0,59808638
Panama;With Implicit Rent;2021;cv;1,3764348
Panama;With Implicit Rent;2021;e0;0,46462479
Panama;With Implicit Rent;2021;gini;0,50749215
Panama;With Implicit Rent;2021;gini_pci_rural;0,49331971
Panama;With Implicit Rent;2021;gini_pci_urban;0,4836164
Panama;With Implicit Rent;2021;headcount_national_USD2.15;1,1082573
Panama;With Implicit Rent;2021;headcount_national_USD3.65;4,3202276
Panama;With Implicit Rent;2021;headcount_national_USD6.85;12,851941
Panama;With Implicit Rent;2021;headcount_rural_USD2.15;2,1275691
Panama;With Implicit Rent;2021;headcount_rural_USD3.65;10,72979
Panama;With Implicit Rent;2021;headcount_rural_USD6.85;28,889056
Panama;With Implicit Rent;2021;headcount_urban_USD2.15;0,66674985
Panama;With Implicit Rent;2021;headcount_urban_USD3.65;1,5439723
Panama;With Implicit Rent;2021;headcount_urban_USD6.85;5,9055818
Panama;With Implicit Rent;2021;theil;0,4949504
Panama;With Implicit Rent;2021;wolfson;0,47481545000000003
Panama;With Implicit Rent;2023;a1;0,35423809
Panama;With Implicit Rent;2023;a2;0,59311155
Panama;With Implicit Rent;2023;cv;1,3091743
Panama;With Implicit Rent;2023;e0;0,43731469
Panama;With Implicit Rent;2023;gini;0,48847207
Panama;With Implicit Rent;2023;gini_pci_rural;0,49594053
Panama;With Implicit Rent;2023;gini_pci_urban;0,45557247
Panama;With Implicit Rent;2023;headcount_national_USD2.15;1,2881934
Panama;With Implicit Rent;2023;headcount_national_USD3.65;4,4063613
Panama;With Implicit Rent;2023;headcount_national_USD6.85;12,941328
Panama;With Implicit Rent;2023;headcount_rural_USD2.15;3,7149959
Panama;With Implicit Rent;2023;headcount_rural_USD3.65;12,624808
Panama;With Implicit Rent;2023;headcount_rural_USD6.85;32,331664
Panama;With Implicit Rent;2023;headcount_urban_USD2.15;0,27314934
Panama;With Implicit Rent;2023;headcount_urban_USD3.65;0,9688812
Panama;With Implicit Rent;2023;headcount_urban_USD6.85;4,8310481
Panama;With Implicit Rent;2023;theil;0,44999156
Panama;With Implicit Rent;2023;wolfson;0,46081726
Panama;Without Implicit Rent;1989;a1;0,46766341
Panama;Without Implicit Rent;1989;a2;0,79855637
Panama;Without Implicit Rent;1989;cv;1,3950843
Panama;Without Implicit Rent;1989;e0;0,63076323
Panama;Without Implicit Rent;1989;gini;0,55013245
Panama;Without Implicit Rent;1989;gini_pci_rural;0,53323258
Panama;Without Implicit Rent;1989;gini_pci_urban;0,50903828
Panama;Without Implicit Rent;1989;headcount_national_USD2.15;22,480666
Panama;Without Implicit Rent;1989;headcount_national_USD3.65;31,810373
Panama;Without Implicit Rent;1989;headcount_national_USD6.85;50,164938
Panama;Without Implicit Rent;1989;headcount_rural_USD2.15;41,313814
Panama;Without Implicit Rent;1989;headcount_rural_USD3.65;52,19814
Panama;Without Implicit Rent;1989;headcount_rural_USD6.85;71,323913
Panama;Without Implicit Rent;1989;headcount_urban_USD2.15;6,3370081
Panama;Without Implicit Rent;1989;headcount_urban_USD3.65;14,334106
Panama;Without Implicit Rent;1989;headcount_urban_USD6.85;32,027596
Panama;Without Implicit Rent;1989;theil;0,56243461
Panama;Without Implicit Rent;1989;wolfson;0,56400451
Panama;Without Implicit Rent;1991;a1;0,47433495
Panama;Without Implicit Rent;1991;a2;0,79529138
Panama;Without Implicit Rent;1991;cv;1,4753476
Panama;Without Implicit Rent;1991;e0;0,6433076
Panama;Without Implicit Rent;1991;gini;0,55539151
Panama;Without Implicit Rent;1991;gini_pci_rural;0,55119615
Panama;Without Implicit Rent;1991;gini_pci_urban;0,51348885
Panama;Without Implicit Rent;1991;headcount_national_USD2.15;20,106024
Panama;Without Implicit Rent;1991;headcount_national_USD3.65;28,893847
Panama;Without Implicit Rent;1991;headcount_national_USD6.85;48,174613
Panama;Without Implicit Rent;1991;headcount_rural_USD2.15;35,129211
Panama;Without Implicit Rent;1991;headcount_rural_USD3.65;47,145969
Panama;Without Implicit Rent;1991;headcount_rural_USD6.85;67,102559
Panama;Without Implicit Rent;1991;headcount_urban_USD2.15;7,4326018
Panama;Without Implicit Rent;1991;headcount_urban_USD3.65;13,496525
Panama;Without Implicit Rent;1991;headcount_urban_USD6.85;32,207174
Panama;Without Implicit Rent;1991;theil;0,58203313
Panama;Without Implicit Rent;1991;wolfson;0,57833517
Panama;Without Implicit Rent;1995;a1;0,45934092
Panama;Without Implicit Rent;1995;a2;0,78310118
Panama;Without Implicit Rent;1995;cv;1,440518
Panama;Without Implicit Rent;1995;e0;0,61542682
Panama;Without Implicit Rent;1995;gini;0,55132295
Panama;Without Implicit Rent;1995;gini_pci_rural;0,52991002
Panama;Without Implicit Rent;1995;gini_pci_urban;0,51451197
Panama;Without Implicit Rent;1995;headcount_national_USD2.15;15,478678
Panama;Without Implicit Rent;1995;headcount_national_USD3.65;22,782738
Panama;Without Implicit Rent;1995;headcount_national_USD6.85;39,377451
Panama;Without Implicit Rent;1995;headcount_rural_USD2.15;31,335039
Panama;Without Implicit Rent;1995;headcount_rural_USD3.65;42,253719
Panama;Without Implicit Rent;1995;headcount_rural_USD6.85;61,790334
Panama;Without Implicit Rent;1995;headcount_urban_USD2.15;4,3859568
Panama;Without Implicit Rent;1995;headcount_urban_USD3.65;9,1613174
Panama;Without Implicit Rent;1995;headcount_urban_USD6.85;23,697949
Panama;Without Implicit Rent;1995;theil;0,5761089
Panama;Without Implicit Rent;1995;wolfson;0,54509426
Panama;Without Implicit Rent;1997;a1;0,47931328
Panama;Without Implicit Rent;1997;a2;0,8015122
Panama;Without Implicit Rent;1997;cv;1,6438374
Panama;Without Implicit Rent;1997;e0;0,65243867
Panama;Without Implicit Rent;1997;gini;0,56652819
Panama;Without Implicit Rent;1997;gini_pci_rural;0,54626886
Panama;Without Implicit Rent;1997;gini_pci_urban;0,53047837
Panama;Without Implicit Rent;1997;headcount_national_USD2.15;14,335702
Panama;Without Implicit Rent;1997;headcount_national_USD3.65;21,84101
Panama;Without Implicit Rent;1997;headcount_national_USD6.85;39,18114
Panama;Without Implicit Rent;1997;headcount_rural_USD2.15;28,026524
Panama;Without Implicit Rent;1997;headcount_rural_USD3.65;39,342078
Panama;Without Implicit Rent;1997;headcount_rural_USD6.85;59,759842
Panama;Without Implicit Rent;1997;headcount_urban_USD2.15;4,9583881
Panama;Without Implicit Rent;1997;headcount_urban_USD3.65;9,8539282
Panama;Without Implicit Rent;1997;headcount_urban_USD6.85;25,08608
Panama;Without Implicit Rent;1997;theil;0,63313271
Panama;Without Implicit Rent;1997;wolfson;0,57521093
Panama;Without Implicit Rent;1998;a1;0,45888184
Panama;Without Implicit Rent;1998;a2;0,7752772
Panama;Without Implicit Rent;1998;cv;1,4822229
Panama;Without Implicit Rent;1998;e0;0,61360736
Panama;Without Implicit Rent;1998;gini;0,55381892
Panama;Without Implicit Rent;1998;gini_pci_rural;0,53027847
Panama;Without Implicit Rent;1998;gini_pci_urban;0,51718935
Panama;Without Implicit Rent;1998;headcount_national_USD2.15;14,611682
Panama;Without Implicit Rent;1998;headcount_national_USD3.65;21,898847
Panama;Without Implicit Rent;1998;headcount_national_USD6.85;39,007993
Panama;Without Implicit Rent;1998;headcount_rural_USD2.15;29,780787
Panama;Without Implicit Rent;1998;headcount_rural_USD3.65;40,818299
Panama;Without Implicit Rent;1998;headcount_rural_USD6.85;61,612747
Panama;Without Implicit Rent;1998;headcount_urban_USD2.15;4,3157729
Panama;Without Implicit Rent;1998;headcount_urban_USD3.65;9,0574204
Panama;Without Implicit Rent;1998;headcount_urban_USD6.85;23,665198
Panama;Without Implicit Rent;1998;theil;0,58913813
Panama;Without Implicit Rent;1998;wolfson;0,54440393
Panama;Without Implicit Rent;1999;a1;0,44203408
Panama;Without Implicit Rent;1999;a2;0,7520511
Panama;Without Implicit Rent;1999;cv;1,4330618
Panama;Without Implicit Rent;1999;e0;0,58320345
Panama;Without Implicit Rent;1999;gini;0,54525418
Panama;Without Implicit Rent;1999;gini_pci_rural;0,52351079
Panama;Without Implicit Rent;1999;gini_pci_urban;0,50798455
Panama;Without Implicit Rent;1999;headcount_national_USD2.15;12,556938
Panama;Without Implicit Rent;1999;headcount_national_USD3.65;19,69079
Panama;Without Implicit Rent;1999;headcount_national_USD6.85;36,782086
Panama;Without Implicit Rent;1999;headcount_rural_USD2.15;25,902226
Panama;Without Implicit Rent;1999;headcount_rural_USD3.65;37,917391
Panama;Without Implicit Rent;1999;headcount_rural_USD6.85;59,612182
Panama;Without Implicit Rent;1999;headcount_urban_USD2.15;3,6235542
Panama;Without Implicit Rent;1999;headcount_urban_USD3.65;7,4898361
Panama;Without Implicit Rent;1999;headcount_urban_USD6.85;21,499536
Panama;Without Implicit Rent;1999;theil;0,56430964
Panama;Without Implicit Rent;1999;wolfson;0,54045973
Panama;Without Implicit Rent;2000;a1;0,45784362
Panama;Without Implicit Rent;2000;a2;0,75848787
Panama;Without Implicit Rent;2000;cv;1,5247743
Panama;Without Implicit Rent;2000;e0;0,61207938
Panama;Without Implicit Rent;2000;gini;0,55724702
Panama;Without Implicit Rent;2000;gini_pci_rural;0,54074893
Panama;Without Implicit Rent;2000;gini_pci_urban;0,52314939
Panama;Without Implicit Rent;2000;headcount_national_USD2.15;11,071512
Panama;Without Implicit Rent;2000;headcount_national_USD3.65;18,298584
Panama;Without Implicit Rent;2000;headcount_national_USD6.85;35,075619
Panama;Without Implicit Rent;2000;headcount_rural_USD2.15;20,45056
Panama;Without Implicit Rent;2000;headcount_rural_USD3.65;32,975933
Panama;Without Implicit Rent;2000;headcount_rural_USD6.85;54,422214
Panama;Without Implicit Rent;2000;headcount_urban_USD2.15;5,0473151
Panama;Without Implicit Rent;2000;headcount_urban_USD3.65;8,8712697
Panama;Without Implicit Rent;2000;headcount_urban_USD6.85;22,649231
Panama;Without Implicit Rent;2000;theil;0,59959712
Panama;Without Implicit Rent;2000;wolfson;0,56589137
Panama;Without Implicit Rent;2001;a1;0,47542288
Panama;Without Implicit Rent;2001;a2;0,78426352
Panama;Without Implicit Rent;2001;cv;1,4529432
Panama;Without Implicit Rent;2001;e0;0,64524489
Panama;Without Implicit Rent;2001;gini;0,5616919
Panama;Without Implicit Rent;2001;gini_pci_rural;0,55942309
Panama;Without Implicit Rent;2001;gini_pci_urban;0,51397656
Panama;Without Implicit Rent;2001;headcount_national_USD2.15;14,062808
Panama;Without Implicit Rent;2001;headcount_national_USD3.65;22,914763
Panama;Without Implicit Rent;2001;headcount_national_USD6.85;40,049488
Panama;Without Implicit Rent;2001;headcount_rural_USD2.15;27,850493
Panama;Without Implicit Rent;2001;headcount_rural_USD3.65;42,890696
Panama;Without Implicit Rent;2001;headcount_rural_USD6.85;63,549807
Panama;Without Implicit Rent;2001;headcount_urban_USD2.15;5,6973551
Panama;Without Implicit Rent;2001;headcount_urban_USD3.65;10,794692
Panama;Without Implicit Rent;2001;headcount_urban_USD6.85;25,791053
Panama;Without Implicit Rent;2001;theil;0,59437115
Panama;Without Implicit Rent;2001;wolfson;0,58013301
Panama;Without Implicit Rent;2002;a1;0,45209389
Panama;Without Implicit Rent;2002;a2;0,71299588
Panama;Without Implicit Rent;2002;cv;1,5189339
Panama;Without Implicit Rent;2002;e0;0,60164256
Panama;Without Implicit Rent;2002;gini;0,559215
Panama;Without Implicit Rent;2002;gini_pci_rural;0,55121708
Panama;Without Implicit Rent;2002;gini_pci_urban;0,51675596
Panama;Without Implicit Rent;2002;headcount_national_USD2.15;9,5643533
Panama;Without Implicit Rent;2002;headcount_national_USD3.65;19,614261
Panama;Without Implicit Rent;2002;headcount_national_USD6.85;37,249085
Panama;Without Implicit Rent;2002;headcount_rural_USD2.15;19,27077
Panama;Without Implicit Rent;2002;headcount_rural_USD3.65;37,026799
Panama;Without Implicit Rent;2002;headcount_rural_USD6.85;60,482758
Panama;Without Implicit Rent;2002;headcount_urban_USD2.15;3,683789
Panama;Without Implicit Rent;2002;headcount_urban_USD3.65;9,0649976
Panama;Without Implicit Rent;2002;headcount_urban_USD6.85;23,173128
Panama;Without Implicit Rent;2002;theil;0,59867338
Panama;Without Implicit Rent;2002;wolfson;0,57884233
Panama;Without Implicit Rent;2003;a1;0,44867363
Panama;Without Implicit Rent;2003;a2;0,71998981
Panama;Without Implicit Rent;2003;cv;1,452958
Panama;Without Implicit Rent;2003;e0;0,59578221
Panama;Without Implicit Rent;2003;gini;0,55433509
Panama;Without Implicit Rent;2003;gini_pci_rural;0,54393933
Panama;Without Implicit Rent;2003;gini_pci_urban;0,51147087
Panama;Without Implicit Rent;2003;headcount_national_USD2.15;9,9207466
Panama;Without Implicit Rent;2003;headcount_national_USD3.65;18,857435
Panama;Without Implicit Rent;2003;headcount_national_USD6.85;35,956887
Panama;Without Implicit Rent;2003;headcount_rural_USD2.15;20,306606
Panama;Without Implicit Rent;2003;headcount_rural_USD3.65;36,447274
Panama;Without Implicit Rent;2003;headcount_rural_USD6.85;59,102214
Panama;Without Implicit Rent;2003;headcount_urban_USD2.15;3,7156947
Panama;Without Implicit Rent;2003;headcount_urban_USD3.65;8,3483508
Panama;Without Implicit Rent;2003;headcount_urban_USD6.85;22,128666
Panama;Without Implicit Rent;2003;theil;0,58075157
Panama;Without Implicit Rent;2003;wolfson;0,57422987
Panama;Without Implicit Rent;2004;a1;0,43611683
Panama;Without Implicit Rent;2004;a2;0,69888811
Panama;Without Implicit Rent;2004;cv;1,3541635
Panama;Without Implicit Rent;2004;e0;0,57264148
Panama;Without Implicit Rent;2004;gini;0,54624508
Panama;Without Implicit Rent;2004;gini_pci_rural;0,54226778
Panama;Without Implicit Rent;2004;gini_pci_urban;0,50143991
Panama;Without Implicit Rent;2004;headcount_national_USD2.15;8,7940218
Panama;Without Implicit Rent;2004;headcount_national_USD3.65;17,641485
Panama;Without Implicit Rent;2004;headcount_national_USD6.85;34,764885
Panama;Without Implicit Rent;2004;headcount_rural_USD2.15;18,6519
Panama;Without Implicit Rent;2004;headcount_rural_USD3.65;34,863633
Panama;Without Implicit Rent;2004;headcount_rural_USD6.85;59,516028
Panama;Without Implicit Rent;2004;headcount_urban_USD2.15;2,9806209
Panama;Without Implicit Rent;2004;headcount_urban_USD3.65;7,4852161
Panama;Without Implicit Rent;2004;headcount_urban_USD6.85;20,168608
Panama;Without Implicit Rent;2004;theil;0,55013636
Panama;Without Implicit Rent;2004;wolfson;0,56911325
Panama;Without Implicit Rent;2005;a1;0,42195925
Panama;Without Implicit Rent;2005;a2;0,68751034
Panama;Without Implicit Rent;2005;cv;1,3293749
Panama;Without Implicit Rent;2005;e0;0,5479994
Panama;Without Implicit Rent;2005;gini;0,53597193
Panama;Without Implicit Rent;2005;gini_pci_rural;0,52920155
Panama;Without Implicit Rent;2005;gini_pci_urban;0,49570721
Panama;Without Implicit Rent;2005;headcount_national_USD2.15;8,5649779
Panama;Without Implicit Rent;2005;headcount_national_USD3.65;16,407041
Panama;Without Implicit Rent;2005;headcount_national_USD6.85;34,485907
Panama;Without Implicit Rent;2005;headcount_rural_USD2.15;17,894164
Panama;Without Implicit Rent;2005;headcount_rural_USD3.65;32,798493
Panama;Without Implicit Rent;2005;headcount_rural_USD6.85;57,66407
Panama;Without Implicit Rent;2005;headcount_urban_USD2.15;3,1931449
Panama;Without Implicit Rent;2005;headcount_urban_USD3.65;6,968689
Panama;Without Implicit Rent;2005;headcount_urban_USD6.85;21,139703
Panama;Without Implicit Rent;2005;theil;0,52948045
Panama;Without Implicit Rent;2005;wolfson;0,55557004
Panama;Without Implicit Rent;2006;a1;0,43952494
Panama;Without Implicit Rent;2006;a2;0,72034591
Panama;Without Implicit Rent;2006;cv;1,4132172
Panama;Without Implicit Rent;2006;e0;0,57898081
Panama;Without Implicit Rent;2006;gini;0,54477501
Panama;Without Implicit Rent;2006;gini_pci_rural;0,55048978
Panama;Without Implicit Rent;2006;gini_pci_urban;0,50056347
Panama;Without Implicit Rent;2006;headcount_national_USD2.15;9,3896377
Panama;Without Implicit Rent;2006;headcount_national_USD3.65;17,407079
Panama;Without Implicit Rent;2006;headcount_national_USD6.85;33,876227
Panama;Without Implicit Rent;2006;headcount_rural_USD2.15;20,679762
Panama;Without Implicit Rent;2006;headcount_rural_USD3.65;35,81558
Panama;Without Implicit Rent;2006;headcount_rural_USD6.85;57,595956
Panama;Without Implicit Rent;2006;headcount_urban_USD2.15;2,9657683
Panama;Without Implicit Rent;2006;headcount_urban_USD3.65;6,932987
Panama;Without Implicit Rent;2006;headcount_urban_USD6.85;20,380145
Panama;Without Implicit Rent;2006;theil;0,55753066
Panama;Without Implicit Rent;2006;wolfson;0,55581727
Panama;Without Implicit Rent;2007;a1;0,40657407
Panama;Without Implicit Rent;2007;a2;0,65902884
Panama;Without Implicit Rent;2007;cv;1,3591358
Panama;Without Implicit Rent;2007;e0;0,52145071
Panama;Without Implicit Rent;2007;gini;0,52599819
Panama;Without Implicit Rent;2007;gini_pci_rural;0,53733651
Panama;Without Implicit Rent;2007;gini_pci_urban;0,47971428
Panama;Without Implicit Rent;2007;headcount_national_USD2.15;6,6659413
Panama;Without Implicit Rent;2007;headcount_national_USD3.65;14,876364
Panama;Without Implicit Rent;2007;headcount_national_USD6.85;30,4814
Panama;Without Implicit Rent;2007;headcount_rural_USD2.15;14,988028
Panama;Without Implicit Rent;2007;headcount_rural_USD3.65;31,96587
Panama;Without Implicit Rent;2007;headcount_rural_USD6.85;55,094335
Panama;Without Implicit Rent;2007;headcount_urban_USD2.15;1,9851223
Panama;Without Implicit Rent;2007;headcount_urban_USD3.65;5,2642457
Panama;Without Implicit Rent;2007;headcount_urban_USD6.85;16,637674
Panama;Without Implicit Rent;2007;theil;0,51920625
Panama;Without Implicit Rent;2007;wolfson;0,51644477
Panama;Without Implicit Rent;2008;a1;0,41212232
Panama;Without Implicit Rent;2008;a2;0,66682629
Panama;Without Implicit Rent;2008;cv;2,1374309
Panama;Without Implicit Rent;2008;e0;0,53137246
Panama;Without Implicit Rent;2008;gini;0,52979257
Panama;Without Implicit Rent;2008;gini_pci_rural;0,54560949
Panama;Without Implicit Rent;2008;gini_pci_urban;0,48500452
Panama;Without Implicit Rent;2008;headcount_national_USD2.15;6,4437874
Panama;Without Implicit Rent;2008;headcount_national_USD3.65;13,258807
Panama;Without Implicit Rent;2008;headcount_national_USD6.85;27,864305
Panama;Without Implicit Rent;2008;headcount_rural_USD2.15;15,107545
Panama;Without Implicit Rent;2008;headcount_rural_USD3.65;30,00232
Panama;Without Implicit Rent;2008;headcount_rural_USD6.85;52,316882
Panama;Without Implicit Rent;2008;headcount_urban_USD2.15;1,6131737
Panama;Without Implicit Rent;2008;headcount_urban_USD3.65;3,9231988
Panama;Without Implicit Rent;2008;headcount_urban_USD6.85;14,230388
Panama;Without Implicit Rent;2008;theil;0,57829636
Panama;Without Implicit Rent;2008;wolfson;0,49715505
Panama;;1989;nbi1_headcount_urban;29,25316
Panama;;1991;nbi1_headcount_urban;29,62109
Panama;;1995;nbi1_headcount_urban;23,593477
Panama;;1997;nbi1_headcount_urban;22,798329
Panama;;1998;nbi1_headcount_urban;21,816186
Panama;;1999;nbi1_headcount_urban;20,632532
Panama;;2000;nbi1_headcount_urban;21,162286
Panama;;2001;nbi1_headcount_urban;23,667985
Panama;;2002;nbi1_headcount_urban;15,847632
Panama;;2003;nbi1_headcount_urban;16,717734
Panama;;2004;nbi1_headcount_urban;14,950804
Panama;;2005;nbi1_headcount_urban;12,93675
Panama;;2006;nbi1_headcount_urban;13,91761
Panama;;2007;nbi1_headcount_urban;11,810291
Panama;;2008;nbi1_headcount_urban;10,521642
Panama;;2009;nbi1_headcount_urban;10,246882
Panama;;2010;nbi1_headcount_urban;9,826531
Panama;;2011;nbi1_headcount_urban;10,488785
Panama;;2012;nbi1_headcount_urban;9,4474117
Panama;;2013;nbi1_headcount_urban;8,2379913
Panama;;2014;nbi1_headcount_urban;8,6991791
Panama;;2015;nbi1_headcount_urban;7,5298037
Panama;;2016;nbi1_headcount_urban;8,0284548
Panama;;2017;nbi1_headcount_urban;9,1500222
Panama;;2018;nbi1_headcount_urban;8,10405
Panama;;2019;nbi1_headcount_urban;7,4338537
Panama;;2021;nbi1_headcount_urban;16,171828
Panama;;2023;nbi1_headcount_urban;7,1495205
Paraguay;Asuncion;1990;a1;0,24598272
Paraguay;Asuncion;1990;a2;0,42469563
Paraguay;Asuncion;1990;cv;0,89067399
Paraguay;Asuncion;1990;e0;0,28187285
Paraguay;Asuncion;1990;gini;0,40786197
Paraguay;Asuncion;1990;gini_pci_rural;0,41379806
Paraguay;Asuncion;1990;gini_pci_urban;0,40633531
Paraguay;Asuncion;1990;theil;0,28870518
Paraguay;Asuncion;1990;wolfson;0,38178784
Paraguay;Asuncion;1995;a1;0,33816468
Paraguay;Asuncion;1995;a2;0,54175507
Paraguay;Asuncion;1995;cv;1,3276205
Paraguay;Asuncion;1995;e0;0,41291068
Paraguay;Asuncion;1995;gini;0,4895556
Paraguay;Asuncion;1995;gini_pci_rural;0,32848148
Paraguay;Asuncion;1995;gini_pci_urban;0,48982329
Paraguay;Asuncion;1995;theil;0,46624147
Paraguay;Asuncion;1995;wolfson;0,45455049
Paraguay;EPH Continua;2022;a1;0,29763323
Paraguay;EPH Continua;2022;a2;0,49598849
Paraguay;EPH Continua;2022;cv;1,4919462
Paraguay;EPH Continua;2022;e0;0,35329554
Paraguay;EPH Continua;2022;gini;0,44812339
Paraguay;EPH Continua;2022;gini_pci_rural;0,46597972
Paraguay;EPH Continua;2022;gini_pci_urban;0,419897
Paraguay;EPH Continua;2022;headcount_national_USD2.15;1,6713848
Paraguay;EPH Continua;2022;headcount_national_USD3.65;6,1889707
Paraguay;EPH Continua;2022;headcount_national_USD6.85;20,411134
Paraguay;EPH Continua;2022;headcount_rural_USD2.15;3,1957574
Paraguay;EPH Continua;2022;headcount_rural_USD3.65;11,282548
Paraguay;EPH Continua;2022;headcount_rural_USD6.85;32,47234
Paraguay;EPH Continua;2022;headcount_urban_USD2.15;0,74176088
Paraguay;EPH Continua;2022;headcount_urban_USD3.65;3,0827017
Paraguay;EPH Continua;2022;headcount_urban_USD6.85;13,055724
Paraguay;EPH Continua;2022;nbi1_headcount_urban;23,037145
Paraguay;EPH Continua;2022;theil;0,40035271
Paraguay;EPH Continua;2022;wolfson;0,40150605
Paraguay;EPH Continua;2023;a1;0,291399
Paraguay;EPH Continua;2023;a2;0,484643
Paraguay;EPH Continua;2023;cv;1,407773
Paraguay;EPH Continua;2023;e0;0,344127
Paraguay;EPH Continua;2023;gini;0,443643
Paraguay;EPH Continua;2023;gini_pci_rural;0,468423
Paraguay;EPH Continua;2023;gini_pci_urban;0,417867
Paraguay;EPH Continua;2023;theil;0,400799
Paraguay;EPH Continua;2023;wolfson;0,382918
Paraguay;EPH Continua;2024;a1;0,294724
Paraguay;EPH Continua;2024;a2;0,482542
Paraguay;EPH Continua;2024;cv;1,330054
Paraguay;EPH Continua;2024;e0;0,34914
Paraguay;EPH Continua;2024;gini;0,447455
Paraguay;EPH Continua;2024;gini_pci_rural;0,488979
Paraguay;EPH Continua;2024;gini_pci_urban;0,412725
Paraguay;EPH Continua;2024;theil;0,407927
Paraguay;EPH Continua;2024;wolfson;0,374911
Paraguay;National;1995;a1;0,4742217
Paraguay;National;1995;a2;0,72722503
Paraguay;National;1995;cv;1,7716414
Paraguay;National;1995;e0;0,64237793
Paraguay;National;1995;gini;0,57897057
Paraguay;National;1995;gini_pci_rural;0,565765
Paraguay;National;1995;gini_pci_urban;0,52606239
Paraguay;National;1995;headcount_national_USD2.15;12,403019
Paraguay;National;1995;headcount_national_USD3.65;23,497928
Paraguay;National;1995;headcount_national_USD6.85;43,638513
Paraguay;National;1995;headcount_rural_USD2.15;21,916527
Paraguay;National;1995;headcount_rural_USD3.65;39,789596
Paraguay;National;1995;headcount_rural_USD6.85;63,205078
Paraguay;National;1995;headcount_urban_USD2.15;3,1710448
Paraguay;National;1995;headcount_urban_USD3.65;7,6883789
Paraguay;National;1995;headcount_urban_USD6.85;24,650981
Paraguay;National;1995;nbi1_headcount_urban;55,460865
Paraguay;National;1995;theil;0,68827103
Paraguay;National;1995;wolfson;0,56444613
Paraguay;National;1997;a1;0,44664065
Paraguay;National;1997;a2;0,72530793
Paraguay;National;1997;cv;1,538432
Paraguay;National;1997;e0;0,59138015
Paraguay;National;1997;gini;0,54838192
Paraguay;National;1997;gini_pci_rural;0,52594314
Paraguay;National;1997;gini_pci_urban;0,50334488
Paraguay;National;1997;headcount_national_USD2.15;10,553169
Paraguay;National;1997;headcount_national_USD3.65;20,361813
Paraguay;National;1997;headcount_national_USD6.85;37,997097
Paraguay;National;1997;headcount_rural_USD2.15;19,24648
Paraguay;National;1997;headcount_rural_USD3.65;34,134467
Paraguay;National;1997;headcount_rural_USD6.85;57,876402
Paraguay;National;1997;headcount_urban_USD2.15;2,9828786
Paraguay;National;1997;headcount_urban_USD3.65;8,3683401
Paraguay;National;1997;headcount_urban_USD6.85;20,685844
Paraguay;National;1997;nbi1_headcount_urban;56,029495
Paraguay;National;1997;theil;0,58171102
Paraguay;National;1997;wolfson;0,54791103
Paraguay;National;1999;a1;0,43137138
Paraguay;National;1999;a2;0,68782417
Paraguay;National;1999;cv;2,240831
Paraguay;National;1999;e0;0,56435533
Paraguay;National;1999;gini;0,54490253
Paraguay;National;1999;gini_pci_rural;0,55977985
Paraguay;National;1999;gini_pci_urban;0,49145439
Paraguay;National;1999;headcount_national_USD2.15;10,206738
Paraguay;National;1999;headcount_national_USD3.65;20,367469
Paraguay;National;1999;headcount_national_USD6.85;41,369903
Paraguay;National;1999;headcount_rural_USD2.15;18,563471
Paraguay;National;1999;headcount_rural_USD3.65;35,334242
Paraguay;National;1999;headcount_rural_USD6.85;60,650014
Paraguay;National;1999;headcount_urban_USD2.15;2,9560769
Paraguay;National;1999;headcount_urban_USD3.65;7,3816499
Paraguay;National;1999;headcount_urban_USD6.85;24,641646
Paraguay;National;1999;nbi1_headcount_urban;53,995883
Paraguay;National;1999;theil;0,63255219
Paraguay;National;1999;wolfson;0,52034538
Paraguay;National;2001;a1;0,42772343
Paraguay;National;2001;a2;0,67610811
Paraguay;National;2001;cv;2,1606273
Paraguay;National;2001;e0;0,55855189
Paraguay;National;2001;gini;0,5460613
Paraguay;National;2001;gini_pci_rural;0,52893555
Paraguay;National;2001;gini_pci_urban;0,50204661
Paraguay;National;2001;headcount_national_USD2.15;8,9409797
Paraguay;National;2001;headcount_national_USD3.65;18,428588
Paraguay;National;2001;headcount_national_USD6.85;39,534058
Paraguay;National;2001;headcount_rural_USD2.15;16,556769
Paraguay;National;2001;headcount_rural_USD3.65;32,382291
Paraguay;National;2001;headcount_rural_USD6.85;60,591358
Paraguay;National;2001;headcount_urban_USD2.15;2,4255978
Paraguay;National;2001;headcount_urban_USD3.65;6,4910582
Paraguay;National;2001;headcount_urban_USD6.85;21,519333
Paraguay;National;2001;nbi1_headcount_urban;50,009094
Paraguay;National;2001;theil;0,64561852
Paraguay;National;2001;wolfson;0,49515827
Paraguay;National;2002;a1;0,45854564
Paraguay;National;2002;a2;0,67338189
Paraguay;National;2002;cv;4,1607322
Paraguay;National;2002;e0;0,61368253
Paraguay;National;2002;gini;0,57252966
Paraguay;National;2002;gini_pci_rural;0,64892628
Paraguay;National;2002;gini_pci_urban;0,49161029
Paraguay;National;2002;headcount_national_USD2.15;13,235834
Paraguay;National;2002;headcount_national_USD3.65;27,232107
Paraguay;National;2002;headcount_national_USD6.85;51,673389
Paraguay;National;2002;headcount_rural_USD2.15;22,23693
Paraguay;National;2002;headcount_rural_USD3.65;42,723687
Paraguay;National;2002;headcount_rural_USD6.85;69,932061
Paraguay;National;2002;headcount_urban_USD2.15;5,7546355
Paraguay;National;2002;headcount_urban_USD3.65;14,356386
Paraguay;National;2002;headcount_urban_USD6.85;36,49782
Paraguay;National;2002;nbi1_headcount_urban;59,523758
Paraguay;National;2002;theil;0,88932794
Paraguay;National;2002;wolfson;0,50540257
Paraguay;National;2003;a1;0,4219015
Paraguay;National;2003;a2;0,63594063
Paraguay;National;2003;cv;2,656539
Paraguay;National;2003;e0;0,5480044
Paraguay;National;2003;gini;0,54930145
Paraguay;National;2003;gini_pci_rural;0,5584935
Paraguay;National;2003;gini_pci_urban;0,52272475
Paraguay;National;2003;headcount_national_USD2.15;8,3024678
Paraguay;National;2003;headcount_national_USD3.65;19,984102
Paraguay;National;2003;headcount_national_USD6.85;44,667133
Paraguay;National;2003;headcount_rural_USD2.15;13,542459
Paraguay;National;2003;headcount_rural_USD3.65;30,825362
Paraguay;National;2003;headcount_rural_USD6.85;58,066563
Paraguay;National;2003;headcount_urban_USD2.15;4,0222773
Paraguay;National;2003;headcount_urban_USD3.65;11,128619
Paraguay;National;2003;headcount_urban_USD6.85;33,722056
Paraguay;National;2003;nbi1_headcount_urban;53,523243
Paraguay;National;2003;theil;0,68906673
Paraguay;National;2003;wolfson;0,49503936
Paraguay;National;2004;a1;0,38417893
Paraguay;National;2004;a2;0,58973179
Paraguay;National;2004;cv;2,1114842
Paraguay;National;2004;e0;0,48492648
Paraguay;National;2004;gini;0,52230998
Paraguay;National;2004;gini_pci_rural;0,5309026
Paraguay;National;2004;gini_pci_urban;0,49389397
Paraguay;National;2004;headcount_national_USD2.15;5,7077719
Paraguay;National;2004;headcount_national_USD3.65;17,332758
Paraguay;National;2004;headcount_national_USD6.85;42,786122
Paraguay;National;2004;headcount_rural_USD2.15;8,8512195
Paraguay;National;2004;headcount_rural_USD3.65;26,152452
Paraguay;National;2004;headcount_rural_USD6.85;56,128281
Paraguay;National;2004;headcount_urban_USD2.15;3,1876758
Paraguay;National;2004;headcount_urban_USD3.65;10,262026
Paraguay;National;2004;headcount_urban_USD6.85;32,089737
Paraguay;National;2004;nbi1_headcount_urban;46,949696
Paraguay;National;2004;theil;0,61867259
Paraguay;National;2004;wolfson;0,45902898
Paraguay;National;2005;a1;0,37737802
Paraguay;National;2005;a2;0,59315468
Paraguay;National;2005;cv;1,7711809
Paraguay;National;2005;e0;0,4733891
Paraguay;National;2005;gini;0,51370432
Paraguay;National;2005;gini_pci_rural;0,49507087
Paraguay;National;2005;gini_pci_urban;0,50531328
Paraguay;National;2005;headcount_national_USD2.15;6,0722801
Paraguay;National;2005;headcount_national_USD3.65;15,016791
Paraguay;National;2005;headcount_national_USD6.85;39,147273
Paraguay;National;2005;headcount_rural_USD2.15;10,265274
Paraguay;National;2005;headcount_rural_USD3.65;22,145226
Paraguay;National;2005;headcount_rural_USD6.85;50,449601
Paraguay;National;2005;headcount_urban_USD2.15;2,7663054
Paraguay;National;2005;headcount_urban_USD3.65;9,3963621
Paraguay;National;2005;headcount_urban_USD6.85;30,23593
Paraguay;National;2005;nbi1_headcount_urban;43,290054
Paraguay;National;2005;theil;0,56012262
Paraguay;National;2005;wolfson;0,46006711
Paraguay;National;2006;a1;0,39841516
Paraguay;National;2006;a2;0,61167659
Paraguay;National;2006;cv;3,8027729
Paraguay;National;2006;e0;0,50798232
Paraguay;National;2006;gini;0,52980903
Paraguay;National;2006;gini_pci_rural;0,50871924
Paraguay;National;2006;gini_pci_urban;0,5114161
Paraguay;National;2006;headcount_national_USD2.15;7,9477437
Paraguay;National;2006;headcount_national_USD3.65;19,469818
Paraguay;National;2006;headcount_national_USD6.85;43,820927
Paraguay;National;2006;headcount_rural_USD2.15;13,543989
Paraguay;National;2006;headcount_rural_USD3.65;30,729423
Paraguay;National;2006;headcount_rural_USD6.85;60,101423
Paraguay;National;2006;headcount_urban_USD2.15;3,6437014
Paraguay;National;2006;headcount_urban_USD3.65;10,810117
Paraguay;National;2006;headcount_urban_USD6.85;31,299686
Paraguay;National;2006;nbi1_headcount_urban;44,629804
Paraguay;National;2006;theil;0,67975761
Paraguay;National;2006;wolfson;0,46430764
Paraguay;National;2007;a1;0,40167894
Paraguay;National;2007;a2;0,61542546
Paraguay;National;2007;cv;3,3112754
Paraguay;National;2007;e0;0,51366126
Paraguay;National;2007;gini;0,53030303
Paraguay;National;2007;gini_pci_rural;0,57578366
Paraguay;National;2007;gini_pci_urban;0,47956963
Paraguay;National;2007;headcount_national_USD2.15;7,8423054
Paraguay;National;2007;headcount_national_USD3.65;16,681856
Paraguay;National;2007;headcount_national_USD6.85;40,284629
Paraguay;National;2007;headcount_rural_USD2.15;14,260984
Paraguay;National;2007;headcount_rural_USD3.65;27,98931
Paraguay;National;2007;headcount_rural_USD6.85;55,523456
Paraguay;National;2007;headcount_urban_USD2.15;2,9896875
Paraguay;National;2007;headcount_urban_USD3.65;8,1332502
Paraguay;National;2007;headcount_urban_USD6.85;28,763846
Paraguay;National;2007;nbi1_headcount_urban;44,01167
Paraguay;National;2007;theil;0,70241984
Paraguay;National;2007;wolfson;0,44887478
Paraguay;National;2008;a1;0,36617343
Paraguay;National;2008;a2;0,57306091
Paraguay;National;2008;cv;1,94248
Paraguay;National;2008;e0;0,45584365
Paraguay;National;2008;gini;0,5070469
Paraguay;National;2008;gini_pci_rural;0,54360105
Paraguay;National;2008;gini_pci_urban;0,46126396
Paraguay;National;2008;headcount_national_USD2.15;4,3219878
Paraguay;National;2008;headcount_national_USD3.65;14,181721
Paraguay;National;2008;headcount_national_USD6.85;37,249828
Paraguay;National;2008;headcount_rural_USD2.15;8,0475288
Paraguay;National;2008;headcount_rural_USD3.65;24,631896
Paraguay;National;2008;headcount_rural_USD6.85;53,382157
Paraguay;National;2008;headcount_urban_USD2.15;1,562886
Paraguay;National;2008;headcount_urban_USD3.65;6,4424167
Paraguay;National;2008;headcount_urban_USD6.85;25,302373
Paraguay;National;2008;nbi1_headcount_urban;40,508123
Paraguay;National;2008;theil;0,55629525
Paraguay;National;2008;wolfson;0,45416993
Paraguay;National;2009;a1;0,35231146
Paraguay;National;2009;a2;0,56717922
Paraguay;National;2009;cv;1,5967417
Paraguay;National;2009;e0;0,43414169
Paraguay;National;2009;gini;0,49133397
Paraguay;National;2009;gini_pci_rural;0,54629333
Paraguay;National;2009;gini_pci_urban;0,43076075
Paraguay;National;2009;headcount_national_USD2.15;5,7674919
Paraguay;National;2009;headcount_national_USD3.65;14,605594
Paraguay;National;2009;headcount_national_USD6.85;35,674352
Paraguay;National;2009;headcount_rural_USD2.15;10,535972
Paraguay;National;2009;headcount_rural_USD3.65;26,206623
Paraguay;National;2009;headcount_rural_USD6.85;55,56856
Paraguay;National;2009;headcount_urban_USD2.15;2,3037772
Paraguay;National;2009;headcount_urban_USD3.65;6,1788724
Paraguay;National;2009;headcount_urban_USD6.85;21,223656
Paraguay;National;2009;nbi1_headcount_urban;38,102943
Paraguay;National;2009;theil;0,50043875
Paraguay;National;2009;wolfson;0,43279872
Paraguay;National;2010;a1;0,37744469
Paraguay;National;2010;a2;0,59555826
Paraguay;National;2010;cv;2,6258794
Paraguay;National;2010;e0;0,473845
Paraguay;National;2010;gini;0,50982438
Paraguay;National;2010;gini_pci_rural;0,541813
Paraguay;National;2010;gini_pci_urban;0,46135616
Paraguay;National;2010;headcount_national_USD2.15;5,4597413
Paraguay;National;2010;headcount_national_USD3.65;13,517568
Paraguay;National;2010;headcount_national_USD6.85;34,051777
Paraguay;National;2010;headcount_rural_USD2.15;11,159673
Paraguay;National;2010;headcount_rural_USD3.65;25,455561
Paraguay;National;2010;headcount_rural_USD6.85;53,601668
Paraguay;National;2010;headcount_urban_USD2.15;1,3833323
Paraguay;National;2010;headcount_urban_USD3.65;4,9798958
Paraguay;National;2010;headcount_urban_USD6.85;20,070319
Paraguay;National;2010;nbi1_headcount_urban;40,385602
Paraguay;National;2010;theil;0,61066994
Paraguay;National;2010;wolfson;0,43176843
Paraguay;National;2011;a1;0,39391441
Paraguay;National;2011;a2;0,6242931
Paraguay;National;2011;cv;1,8417633
Paraguay;National;2011;e0;0,50092983
Paraguay;National;2011;gini;0,52306255
Paraguay;National;2011;gini_pci_rural;0,56308376
Paraguay;National;2011;gini_pci_urban;0,47713807
Paraguay;National;2011;headcount_national_USD2.15;5,0480143
Paraguay;National;2011;headcount_national_USD3.65;12,93567
Paraguay;National;2011;headcount_national_USD6.85;32,248679
Paraguay;National;2011;headcount_rural_USD2.15;9,4556912
Paraguay;National;2011;headcount_rural_USD3.65;23,038571
Paraguay;National;2011;headcount_rural_USD6.85;49,274989
Paraguay;National;2011;headcount_urban_USD2.15;1,9602043
Paraguay;National;2011;headcount_urban_USD3.65;5,8580551
Paraguay;National;2011;headcount_urban_USD6.85;20,320851
Paraguay;National;2011;nbi1_headcount_urban;38,229444
Paraguay;National;2011;theil;0,58926657
Paraguay;National;2011;wolfson;0,4562222
Paraguay;National;2012;a1;0,33496693
Paraguay;National;2012;a2;0,54823633
Paraguay;National;2012;cv;1,5370909
Paraguay;National;2012;e0;0,40787306
Paraguay;National;2012;gini;0,47633565
Paraguay;National;2012;gini_pci_rural;0,51226055
Paraguay;National;2012;gini_pci_urban;0,42175563
Paraguay;National;2012;headcount_national_USD2.15;3,33131
Paraguay;National;2012;headcount_national_USD3.65;10,160446
Paraguay;National;2012;headcount_national_USD6.85;26,997849
Paraguay;National;2012;headcount_rural_USD2.15;7,3030858
Paraguay;National;2012;headcount_rural_USD3.65;20,102322
Paraguay;National;2012;headcount_rural_USD6.85;47,948924
Paraguay;National;2012;headcount_urban_USD2.15;0,60272884
Paraguay;National;2012;headcount_urban_USD3.65;3,3304488
Paraguay;National;2012;headcount_urban_USD6.85;12,604612
Paraguay;National;2012;nbi1_headcount_urban;32,391575
Paraguay;National;2012;theil;0,46366783
Paraguay;National;2012;wolfson;0,41131136
Paraguay;National;2013;a1;0,33348347
Paraguay;National;2013;a2;0,54461158
Paraguay;National;2013;cv;1,4195263
Paraguay;National;2013;e0;0,40530302
Paraguay;National;2013;gini;0,47919234
Paraguay;National;2013;gini_pci_rural;0,48273941
Paraguay;National;2013;gini_pci_urban;0,45310281
Paraguay;National;2013;headcount_national_USD2.15;1,787566
Paraguay;National;2013;headcount_national_USD3.65;6,8001524
Paraguay;National;2013;headcount_national_USD6.85;23,253099
Paraguay;National;2013;headcount_rural_USD2.15;3,2074664
Paraguay;National;2013;headcount_rural_USD3.65;12,636803
Paraguay;National;2013;headcount_rural_USD6.85;37,501562
Paraguay;National;2013;headcount_urban_USD2.15;0,82528047
Paraguay;National;2013;headcount_urban_USD3.65;2,844576
Paraguay;National;2013;headcount_urban_USD6.85;13,596724
Paraguay;National;2013;nbi1_headcount_urban;31,245764
Paraguay;National;2013;theil;0,45525512
Paraguay;National;2013;wolfson;0,43596047
Paraguay;National;2014;a1;0,36867216
Paraguay;National;2014;a2;0,57238261
Paraguay;National;2014;cv;2,2230565
Paraguay;National;2014;e0;0,45993346
Paraguay;National;2014;gini;0,50702643
Paraguay;National;2014;gini_pci_rural;0,5544386
Paraguay;National;2014;gini_pci_urban;0,46498265
Paraguay;National;2014;headcount_national_USD2.15;2,413888
Paraguay;National;2014;headcount_national_USD3.65;7,5807083
Paraguay;National;2014;headcount_national_USD6.85;22,645549
Paraguay;National;2014;headcount_rural_USD2.15;4,5596133
Paraguay;National;2014;headcount_rural_USD3.65;14,436887
Paraguay;National;2014;headcount_rural_USD6.85;36,933794
Paraguay;National;2014;headcount_urban_USD2.15;0,98893743
Paraguay;National;2014;headcount_urban_USD3.65;3,0276021
Paraguay;National;2014;headcount_urban_USD6.85;13,156896
Paraguay;National;2014;nbi1_headcount_urban;32,176646
Paraguay;National;2014;theil;0,5928522
Paraguay;National;2014;wolfson;0,42318936
Paraguay;National;2015;a1;0,32986751
Paraguay;National;2015;a2;0,5329538
Paraguay;National;2015;cv;1,462865
Paraguay;National;2015;e0;0,40062636
Paraguay;National;2015;gini;0,47601459
Paraguay;National;2015;gini_pci_rural;0,45404563
Paraguay;National;2015;gini_pci_urban;0,45409063
Paraguay;National;2015;headcount_national_USD2.15;1,8913446
Paraguay;National;2015;headcount_national_USD3.65;7,1435638
Paraguay;National;2015;headcount_national_USD6.85;22,605846
Paraguay;National;2015;headcount_rural_USD2.15;4,0053543
Paraguay;National;2015;headcount_rural_USD3.65;14,025593
Paraguay;National;2015;headcount_rural_USD6.85;37,594871
Paraguay;National;2015;headcount_urban_USD2.15;0,51452005
Paraguay;National;2015;headcount_urban_USD3.65;2,6613955
Paraguay;National;2015;headcount_urban_USD6.85;12,843705
Paraguay;National;2015;nbi1_headcount_urban;29,980574
Paraguay;National;2015;theil;0,45089298
Paraguay;National;2015;wolfson;0,42863418
Paraguay;National;2016;a1;0,33109204
Paraguay;National;2016;a2;0,52545615
Paraguay;National;2016;cv;1,4795391
Paraguay;National;2016;e0;0,40222747
Paraguay;National;2016;gini;0,47899719
Paraguay;National;2016;gini_pci_rural;0,48568036
Paraguay;National;2016;gini_pci_urban;0,44761391
Paraguay;National;2016;headcount_national_USD2.15;1,6942917
Paraguay;National;2016;headcount_national_USD3.65;7,1810162
Paraguay;National;2016;headcount_national_USD6.85;23,675324
Paraguay;National;2016;headcount_rural_USD2.15;3,6759392
Paraguay;National;2016;headcount_rural_USD3.65;14,600308
Paraguay;National;2016;headcount_rural_USD6.85;39,266062
Paraguay;National;2016;headcount_urban_USD2.15;0,4307794
Paraguay;National;2016;headcount_urban_USD3.65;2,4504239
Paraguay;National;2016;headcount_urban_USD6.85;13,73456
Paraguay;National;2016;nbi1_headcount_urban;31,702084
Paraguay;National;2016;theil;0,46701797
Paraguay;National;2016;wolfson;0,42743066
Paraguay;National;2017;a1;0,33721596
Paraguay;National;2017;a2;0,51215231
Paraguay;National;2017;cv;2,1645713
Paraguay;National;2017;e0;0,4114878
Paraguay;National;2017;gini;0,48547493
Paraguay;National;2017;gini_pci_rural;0,49124042
Paraguay;National;2017;gini_pci_urban;0,46291674
Paraguay;National;2017;headcount_national_USD2.15;0,98143936
Paraguay;National;2017;headcount_national_USD3.65;5,2144201
Paraguay;National;2017;headcount_national_USD6.85;21,037663
Paraguay;National;2017;headcount_rural_USD2.15;2,1114637
Paraguay;National;2017;headcount_rural_USD3.65;10,132752
Paraguay;National;2017;headcount_rural_USD6.85;35,003974
Paraguay;National;2017;headcount_urban_USD2.15;0,27345426
Paraguay;National;2017;headcount_urban_USD3.65;2,1329766
Paraguay;National;2017;headcount_urban_USD6.85;12,287461
Paraguay;National;2017;nbi1_headcount_urban;29,975562
Paraguay;National;2017;theil;0,55692646
Paraguay;National;2017;wolfson;0,40566289
Paraguay;National;2018;a1;0,31289717
Paraguay;National;2018;a2;0,51322097
Paraguay;National;2018;cv;1,2835851
Paraguay;National;2018;e0;0,37503208
Paraguay;National;2018;gini;0,46217826
Paraguay;National;2018;gini_pci_rural;0,48516198
Paraguay;National;2018;gini_pci_urban;0,42877824
Paraguay;National;2018;headcount_national_USD2.15;1,634135
Paraguay;National;2018;headcount_national_USD3.65;5,9777472
Paraguay;National;2018;headcount_national_USD6.85;20,156648
Paraguay;National;2018;headcount_rural_USD2.15;3,5076933
Paraguay;National;2018;headcount_rural_USD3.65;11,824472
Paraguay;National;2018;headcount_rural_USD6.85;34,99971
Paraguay;National;2018;headcount_urban_USD2.15;0,48294357
Paraguay;National;2018;headcount_urban_USD3.65;2,3852789
Paraguay;National;2018;headcount_urban_USD6.85;11,036459
Paraguay;National;2018;nbi1_headcount_urban;28,804483
Paraguay;National;2018;theil;0,41842798
Paraguay;National;2018;wolfson;0,40135752
Paraguay;National;2019;a1;0,30441064
Paraguay;National;2019;a2;0,4942315
Paraguay;National;2019;cv;1,3915105
Paraguay;National;2019;e0;0,3627487
Paraguay;National;2019;gini;0,45650637
Paraguay;National;2019;gini_pci_rural;0,46961981
Paraguay;National;2019;gini_pci_urban;0,42817204
Paraguay;National;2019;headcount_national_USD2.15;1,0115107
Paraguay;National;2019;headcount_national_USD3.65;5,1173153
Paraguay;National;2019;headcount_national_USD6.85;19,655186
Paraguay;National;2019;headcount_rural_USD2.15;1,9326911
Paraguay;National;2019;headcount_rural_USD3.65;9,9321896
Paraguay;National;2019;headcount_rural_USD6.85;33,440437
Paraguay;National;2019;headcount_urban_USD2.15;0,45668035
Paraguay;National;2019;headcount_urban_USD3.65;2,2172988
Paraguay;National;2019;headcount_urban_USD6.85;11,352279
Paraguay;National;2019;nbi1_headcount_urban;26,840028
Paraguay;National;2019;theil;0,41687492
Paraguay;National;2019;wolfson;0,40229738
Paraguay;National;2020;a1;0,27681634
Paraguay;National;2020;a2;0,45906767
Paraguay;National;2020;cv;1,0641566
Paraguay;National;2020;e0;0,32436304
Paraguay;National;2020;gini;0,43481941
Paraguay;National;2020;gini_pci_rural;0,42430299
Paraguay;National;2020;gini_pci_urban;0,42001102
Paraguay;National;2020;headcount_national_USD2.15;0,81328357
Paraguay;National;2020;headcount_national_USD3.65;5,167429
Paraguay;National;2020;headcount_national_USD6.85;22,310211
Paraguay;National;2020;headcount_rural_USD2.15;0,9935774
Paraguay;National;2020;headcount_rural_USD3.65;9,5585608
Paraguay;National;2020;headcount_rural_USD6.85;33,933795
Paraguay;National;2020;headcount_urban_USD2.15;0,70676295
Paraguay;National;2020;headcount_urban_USD3.65;2,5730746
Paraguay;National;2020;headcount_urban_USD6.85;15,442803
Paraguay;National;2020;nbi1_headcount_urban;24,79218
Paraguay;National;2020;theil;0,35061953
Paraguay;National;2020;wolfson;0,38668154
Paraguay;National;2021;a1;0,26917804
Paraguay;National;2021;a2;0,44369674
Paraguay;National;2021;cv;1,1139955
Paraguay;National;2021;e0;0,31360376
Paraguay;National;2021;gini;0,42894048
Paraguay;National;2021;gini_pci_rural;0,42533435
Paraguay;National;2021;gini_pci_urban;0,41176759
Paraguay;National;2021;headcount_national_USD2.15;0,68917912
Paraguay;National;2021;headcount_national_USD3.65;4,1296646
Paraguay;National;2021;headcount_national_USD6.85;20,809031
Paraguay;National;2021;headcount_rural_USD2.15;1,6868242
Paraguay;National;2021;headcount_rural_USD3.65;7,8495276
Paraguay;National;2021;headcount_rural_USD6.85;33,011513
Paraguay;National;2021;headcount_urban_USD2.15;0,10578726
Paraguay;National;2021;headcount_urban_USD3.65;1,9544042
Paraguay;National;2021;headcount_urban_USD6.85;13,673399
Paraguay;National;2021;nbi1_headcount_urban;24,774117
Paraguay;National;2021;theil;0,34802807
Paraguay;National;2021;wolfson;0,37616122
Paraguay;National;2022;a1;0,29738972
Paraguay;National;2022;a2;0,48495001
Paraguay;National;2022;cv;1,2638092
Paraguay;National;2022;e0;0,35295003
Paraguay;National;2022;gini;0,45067699
Paraguay;National;2022;gini_pci_rural;0,47474373
Paraguay;National;2022;gini_pci_urban;0,42138809
Paraguay;National;2022;headcount_national_USD2.15;1,3295584
Paraguay;National;2022;headcount_national_USD3.65;5,6085601
Paraguay;National;2022;headcount_national_USD6.85;19,904828
Paraguay;National;2022;headcount_rural_USD2.15;1,8991363
Paraguay;National;2022;headcount_rural_USD3.65;9,8905361
Paraguay;National;2022;headcount_rural_USD6.85;32,575383
Paraguay;National;2022;headcount_urban_USD2.15;1,0027108
Paraguay;National;2022;headcount_urban_USD3.65;3,1513828
Paraguay;National;2022;headcount_urban_USD6.85;12,633932
Paraguay;National;2022;nbi1_headcount_urban;19,980728
Paraguay;National;2022;theil;0,40366139
Paraguay;National;2022;wolfson;0,39183636
Peru;ENAHO 1;1997;a1;0,4157236
Peru;ENAHO 1;1997;a2;0,66737858
Peru;ENAHO 1;1997;cv;1,6889531
Peru;ENAHO 1;1997;e0;0,53758528
Peru;ENAHO 1;1997;gini;0,53259086
Peru;ENAHO 1;1997;gini_pci_rural;0,45605376
Peru;ENAHO 1;1997;gini_pci_urban;0,47372375
Peru;ENAHO 1;1997;headcount_national_USD2.15;19,838613
Peru;ENAHO 1;1997;headcount_national_USD3.65;35,931873
Peru;ENAHO 1;1997;headcount_national_USD6.85;61,343092
Peru;ENAHO 1;1997;headcount_rural_USD2.15;46,377508
Peru;ENAHO 1;1997;headcount_rural_USD3.65;70,878539
Peru;ENAHO 1;1997;headcount_rural_USD6.85;90,048798
Peru;ENAHO 1;1997;headcount_urban_USD2.15;5,3545088
Peru;ENAHO 1;1997;headcount_urban_USD3.65;16,859069
Peru;ENAHO 1;1997;headcount_urban_USD6.85;45,67641
Peru;ENAHO 1;1997;nbi1_headcount_urban;49,02418
Peru;ENAHO 1;1997;theil;0,56848709
Peru;ENAHO 1;1997;wolfson;0,50914696
Peru;ENAHO 1;1998;a1;0,43480466
Peru;ENAHO 1;1998;a2;0,68186742
Peru;ENAHO 1;1998;cv;1,8280693
Peru;ENAHO 1;1998;e0;0,57039088
Peru;ENAHO 1;1998;gini;0,55114627
Peru;ENAHO 1;1998;gini_pci_rural;0,4589759
Peru;ENAHO 1;1998;gini_pci_urban;0,5059228
Peru;ENAHO 1;1998;headcount_national_USD2.15;19,447101
Peru;ENAHO 1;1998;headcount_national_USD3.65;34,908516
Peru;ENAHO 1;1998;headcount_national_USD6.85;62,280075
Peru;ENAHO 1;1998;headcount_rural_USD2.15;42,741405
Peru;ENAHO 1;1998;headcount_rural_USD3.65;66,150063
Peru;ENAHO 1;1998;headcount_rural_USD6.85;90,206764
Peru;ENAHO 1;1998;headcount_urban_USD2.15;6,7825293
Peru;ENAHO 1;1998;headcount_urban_USD3.65;17,923211
Peru;ENAHO 1;1998;headcount_urban_USD6.85;47,096981
Peru;ENAHO 1;1998;nbi1_headcount_urban;47,849109
Peru;ENAHO 1;1998;theil;0,62753009
Peru;ENAHO 1;1998;wolfson;0,50751296
Peru;ENAHO 1;1999;a1;0,43138354
Peru;ENAHO 1;1999;a2;0,68502363
Peru;ENAHO 1;1999;cv;1,574624
Peru;ENAHO 1;1999;e0;0,56454172
Peru;ENAHO 1;1999;gini;0,54828893
Peru;ENAHO 1;1999;gini_pci_rural;0,43927095
Peru;ENAHO 1;1999;gini_pci_urban;0,49887851
Peru;ENAHO 1;1999;headcount_national_USD2.15;19,33591
Peru;ENAHO 1;1999;headcount_national_USD3.65;36,308835
Peru;ENAHO 1;1999;headcount_national_USD6.85;62,122352
Peru;ENAHO 1;1999;headcount_rural_USD2.15;44,873722
Peru;ENAHO 1;1999;headcount_rural_USD3.65;71,863521
Peru;ENAHO 1;1999;headcount_rural_USD6.85;90,448728
Peru;ENAHO 1;1999;headcount_urban_USD2.15;5,831181
Peru;ENAHO 1;1999;headcount_urban_USD3.65;17,507052
Peru;ENAHO 1;1999;headcount_urban_USD6.85;47,142994
Peru;ENAHO 1;1999;nbi1_headcount_urban;45,656877
Peru;ENAHO 1;1999;theil;0,60249884
Peru;ENAHO 1;1999;wolfson;0,50496946
Peru;ENAHO 1;2000;a1;0,36114182
Peru;ENAHO 1;2000;a2;0,60762307
Peru;ENAHO 1;2000;cv;1,203373
Peru;ENAHO 1;2000;e0;0,44772469
Peru;ENAHO 1;2000;gini;0,49073365
Peru;ENAHO 1;2000;gini_pci_rural;0,4269341
Peru;ENAHO 1;2000;gini_pci_urban;0,42305431
Peru;ENAHO 1;2000;headcount_national_USD2.15;19,268626
Peru;ENAHO 1;2000;headcount_national_USD3.65;35,35451
Peru;ENAHO 1;2000;headcount_national_USD6.85;62,361976
Peru;ENAHO 1;2000;headcount_rural_USD2.15;47,755298
Peru;ENAHO 1;2000;headcount_rural_USD3.65;73,034014
Peru;ENAHO 1;2000;headcount_rural_USD6.85;92,739714
Peru;ENAHO 1;2000;headcount_urban_USD2.15;3,9790742
Peru;ENAHO 1;2000;headcount_urban_USD3.65;15,13092
Peru;ENAHO 1;2000;headcount_urban_USD6.85;46,057439
Peru;ENAHO 1;2000;nbi1_headcount_urban;47,378417
Peru;ENAHO 1;2000;theil;0,44504861
Peru;ENAHO 1;2000;wolfson;0,4602882
Peru;ENAHO 2;2001;a1;0,38475962
Peru;ENAHO 2;2001;a2;0,62806559
Peru;ENAHO 2;2001;cv;1,531245
Peru;ENAHO 2;2001;e0;0,48597114
Peru;ENAHO 2;2001;gini;0,51287717
Peru;ENAHO 2;2001;gini_pci_rural;0,43736363
Peru;ENAHO 2;2001;gini_pci_urban;0,46310415
Peru;ENAHO 2;2001;headcount_national_USD2.15;20,254483
Peru;ENAHO 2;2001;headcount_national_USD3.65;37,546125
Peru;ENAHO 2;2001;headcount_national_USD6.85;63,914679
Peru;ENAHO 2;2001;headcount_rural_USD2.15;46,71834
Peru;ENAHO 2;2001;headcount_rural_USD3.65;73,218394
Peru;ENAHO 2;2001;headcount_rural_USD6.85;92,109893
Peru;ENAHO 2;2001;headcount_urban_USD2.15;7,7567457
Peru;ENAHO 2;2001;headcount_urban_USD3.65;20,699651
Peru;ENAHO 2;2001;headcount_urban_USD6.85;50,599296
Peru;ENAHO 2;2001;nbi1_headcount_urban;48,298031
Peru;ENAHO 2;2001;theil;0,52037426
Peru;ENAHO 2;2001;wolfson;0,48431155
Peru;ENAHO 2;2002;a1;0,41067627
Peru;ENAHO 2;2002;a2;0,63963653
Peru;ENAHO 2;2002;cv;1,6927056
Peru;ENAHO 2;2002;e0;0,52891137
Peru;ENAHO 2;2002;gini;0,5354866
Peru;ENAHO 2;2002;gini_pci_rural;0,42647824
Peru;ENAHO 2;2002;gini_pci_urban;0,48642908
Peru;ENAHO 2;2002;headcount_national_USD2.15;17,54501
Peru;ENAHO 2;2002;headcount_national_USD3.65;34,166665
Peru;ENAHO 2;2002;headcount_national_USD6.85;60,197604
Peru;ENAHO 2;2002;headcount_rural_USD2.15;45,57112
Peru;ENAHO 2;2002;headcount_rural_USD3.65;72,695786
Peru;ENAHO 2;2002;headcount_rural_USD6.85;91,912263
Peru;ENAHO 2;2002;headcount_urban_USD2.15;4,916403
Peru;ENAHO 2;2002;headcount_urban_USD3.65;16,805386
Peru;ENAHO 2;2002;headcount_urban_USD6.85;45,906932
Peru;ENAHO 2;2002;nbi1_headcount_urban;46,720604
Peru;ENAHO 2;2002;theil;0,5924075
Peru;ENAHO 2;2002;wolfson;0,48536618
Peru;ENAHO 2;2003;a1;0,36839938
Peru;ENAHO 2;2003;a2;0,57829804
Peru;ENAHO 2;2003;cv;1,5191626
Peru;ENAHO 2;2003;e0;0,45909526
Peru;ENAHO 2;2003;gini;0,50707878
Peru;ENAHO 2;2003;gini_pci_rural;0,35706559
Peru;ENAHO 2;2003;gini_pci_urban;0,46304355
Peru;ENAHO 2;2003;headcount_national_USD2.15;15,129042
Peru;ENAHO 2;2003;headcount_national_USD3.65;31,802145
Peru;ENAHO 2;2003;headcount_national_USD6.85;60,158143
Peru;ENAHO 2;2003;headcount_rural_USD2.15;38,563576
Peru;ENAHO 2;2003;headcount_rural_USD3.65;70,454191
Peru;ENAHO 2;2003;headcount_rural_USD6.85;92,63612
Peru;ENAHO 2;2003;headcount_urban_USD2.15;5,0801642
Peru;ENAHO 2;2003;headcount_urban_USD3.65;15,227901
Peru;ENAHO 2;2003;headcount_urban_USD6.85;46,231379
Peru;ENAHO 2;2003;nbi1_headcount_urban;48,083258
Peru;ENAHO 2;2003;theil;0,51728035
Peru;ENAHO 2;2003;wolfson;0,46080139
Peru;ENAHO 3;2003;a1;0,3960416
Peru;ENAHO 3;2003;a2;0,60695504
Peru;ENAHO 3;2003;cv;1,6683961
Peru;ENAHO 3;2003;e0;0,50408673
Peru;ENAHO 3;2003;gini;0,53073387
Peru;ENAHO 3;2003;gini_pci_rural;0,36824843
Peru;ENAHO 3;2003;gini_pci_urban;0,49414985
Peru;ENAHO 3;2003;headcount_national_USD2.15;14,664633
Peru;ENAHO 3;2003;headcount_national_USD3.65;32,331798
Peru;ENAHO 3;2003;headcount_national_USD6.85;59,434142
Peru;ENAHO 3;2003;headcount_rural_USD2.15;35,49032
Peru;ENAHO 3;2003;headcount_rural_USD3.65;68,428088
Peru;ENAHO 3;2003;headcount_rural_USD6.85;91,161865
Peru;ENAHO 3;2003;headcount_urban_USD2.15;5,5572207
Peru;ENAHO 3;2003;headcount_urban_USD3.65;16,546303
Peru;ENAHO 3;2003;headcount_urban_USD6.85;45,559092
Peru;ENAHO 3;2003;nbi1_headcount_urban;46,24552
Peru;ENAHO 3;2003;theil;0,58217359
Peru;ENAHO 3;2003;wolfson;0,48054146
Peru;ENAHO 3;2004;a1;0,36321023
Peru;ENAHO 3;2004;a2;0,58887518
Peru;ENAHO 3;2004;cv;1,3886456
Peru;ENAHO 3;2004;e0;0,45105886
Peru;ENAHO 3;2004;gini;0,49876946
Peru;ENAHO 3;2004;gini_pci_rural;0,41983284
Peru;ENAHO 3;2004;gini_pci_urban;0,44661382
Peru;ENAHO 3;2004;headcount_national_USD2.15;16,311806
Peru;ENAHO 3;2004;headcount_national_USD3.65;32,782547
Peru;ENAHO 3;2004;headcount_national_USD6.85;59,759946
Peru;ENAHO 3;2004;headcount_rural_USD2.15;43,500807
Peru;ENAHO 3;2004;headcount_rural_USD3.65;72,167964
Peru;ENAHO 3;2004;headcount_rural_USD6.85;92,306569
Peru;ENAHO 3;2004;headcount_urban_USD2.15;4,7513319
Peru;ENAHO 3;2004;headcount_urban_USD3.65;16,036287
Peru;ENAHO 3;2004;headcount_urban_USD6.85;45,921469
Peru;ENAHO 3;2004;nbi1_headcount_urban;45,371066
Peru;ENAHO 3;2004;theil;0,48200618
Peru;ENAHO 3;2004;wolfson;0,46012932
Peru;ENAHO 3;2005;a1;0,37215588
Peru;ENAHO 3;2005;a2;0,62417388
Peru;ENAHO 3;2005;cv;1,3458166
Peru;ENAHO 3;2005;e0;0,46521602
Peru;ENAHO 3;2005;gini;0,50450898
Peru;ENAHO 3;2005;gini_pci_rural;0,43669339
Peru;ENAHO 3;2005;gini_pci_urban;0,45509896
Peru;ENAHO 3;2005;headcount_national_USD2.15;17,811798
Peru;ENAHO 3;2005;headcount_national_USD3.65;35,174858
Peru;ENAHO 3;2005;headcount_national_USD6.85;61,503981
Peru;ENAHO 3;2005;headcount_rural_USD2.15;46,881728
Peru;ENAHO 3;2005;headcount_rural_USD3.65;73,824051
Peru;ENAHO 3;2005;headcount_rural_USD6.85;91,814709
Peru;ENAHO 3;2005;headcount_urban_USD2.15;5,8013919
Peru;ENAHO 3;2005;headcount_urban_USD3.65;19,206724
Peru;ENAHO 3;2005;headcount_urban_USD6.85;48,980932
Peru;ENAHO 3;2005;nbi1_headcount_urban;45,817623
Peru;ENAHO 3;2005;theil;0,48866234
Peru;ENAHO 3;2005;wolfson;0,47096893
Peru;ENAHO 3;2006;a1;0,37303567
Peru;ENAHO 3;2006;a2;0,60775688
Peru;ENAHO 3;2006;cv;1,3999957
Peru;ENAHO 3;2006;e0;0,46720668
Peru;ENAHO 3;2006;gini;0,50331039
Peru;ENAHO 3;2006;gini_pci_rural;0,43685315
Peru;ENAHO 3;2006;gini_pci_urban;0,44975276
Peru;ENAHO 3;2006;headcount_national_USD2.15;15,597147
Peru;ENAHO 3;2006;headcount_national_USD3.65;30,442505
Peru;ENAHO 3;2006;headcount_national_USD6.85;55,861864
Peru;ENAHO 3;2006;headcount_rural_USD2.15;42,79206
Peru;ENAHO 3;2006;headcount_rural_USD3.65;70,986037
Peru;ENAHO 3;2006;headcount_rural_USD6.85;90,60886
Peru;ENAHO 3;2006;headcount_urban_USD2.15;4,6889426
Peru;ENAHO 3;2006;headcount_urban_USD3.65;14,18001
Peru;ENAHO 3;2006;headcount_urban_USD6.85;41,92443
Peru;ENAHO 3;2006;nbi1_headcount_urban;43,258099
Peru;ENAHO 3;2006;theil;0,48991211
Peru;ENAHO 3;2006;wolfson;0,4706546
Peru;ENAHO 3;2007;a1;0,3708315
Peru;ENAHO 3;2007;a2;0,60918251
Peru;ENAHO 3;2007;cv;1,4323996
Peru;ENAHO 3;2007;e0;0,46356699
Peru;ENAHO 3;2007;gini;0,50020579
Peru;ENAHO 3;2007;gini_pci_rural;0,44295913
Peru;ENAHO 3;2007;gini_pci_urban;0,44645669
Peru;ENAHO 3;2007;headcount_national_USD2.15;13,215263
Peru;ENAHO 3;2007;headcount_national_USD3.65;26,458325
Peru;ENAHO 3;2007;headcount_national_USD6.85;50,303049
Peru;ENAHO 3;2007;headcount_rural_USD2.15;38,559251
Peru;ENAHO 3;2007;headcount_rural_USD3.65;65,91963
Peru;ENAHO 3;2007;headcount_rural_USD6.85;87,913349
Peru;ENAHO 3;2007;headcount_urban_USD2.15;3,3487152
Peru;ENAHO 3;2007;headcount_urban_USD3.65;11,095832
Peru;ENAHO 3;2007;headcount_urban_USD6.85;35,661162
Peru;ENAHO 3;2007;nbi1_headcount_urban;43,400524
Peru;ENAHO 3;2007;theil;0,48639367
Peru;ENAHO 3;2007;wolfson;0,4629128
Peru;ENAHO 3;2008;a1;0,34008231
Peru;ENAHO 3;2008;a2;0,5783868
Peru;ENAHO 3;2008;cv;1,3124281
Peru;ENAHO 3;2008;e0;0,41587398
Peru;ENAHO 3;2008;gini;0,47481375
Peru;ENAHO 3;2008;gini_pci_rural;0,43971595
Peru;ENAHO 3;2008;gini_pci_urban;0,42275367
Peru;ENAHO 3;2008;headcount_national_USD2.15;10,917175
Peru;ENAHO 3;2008;headcount_national_USD3.65;22,690425
Peru;ENAHO 3;2008;headcount_national_USD6.85;46,402334
Peru;ENAHO 3;2008;headcount_rural_USD2.15;32,095391
Peru;ENAHO 3;2008;headcount_rural_USD3.65;59,083098
Peru;ENAHO 3;2008;headcount_rural_USD6.85;84,277242
Peru;ENAHO 3;2008;headcount_urban_USD2.15;2,919806
Peru;ENAHO 3;2008;headcount_urban_USD3.65;8,9477349
Peru;ENAHO 3;2008;headcount_urban_USD6.85;32,099919
Peru;ENAHO 3;2008;nbi1_headcount_urban;42,913282
Peru;ENAHO 3;2008;theil;0,42687168
Peru;ENAHO 3;2008;wolfson;0,4371501
Peru;ENAHO 3;2009;a1;0,33083097
Peru;ENAHO 3;2009;a2;0,56102272
Peru;ENAHO 3;2009;cv;1,2303113
Peru;ENAHO 3;2009;e0;0,40141002
Peru;ENAHO 3;2009;gini;0,47002652
Peru;ENAHO 3;2009;gini_pci_rural;0,42281421
Peru;ENAHO 3;2009;gini_pci_urban;0,42415985
Peru;ENAHO 3;2009;headcount_national_USD2.15;8,811538
Peru;ENAHO 3;2009;headcount_national_USD3.65;20,527592
Peru;ENAHO 3;2009;headcount_national_USD6.85;44,554036
Peru;ENAHO 3;2009;headcount_rural_USD2.15;26,284008
Peru;ENAHO 3;2009;headcount_rural_USD3.65;53,640323
Peru;ENAHO 3;2009;headcount_rural_USD6.85;82,436889
Peru;ENAHO 3;2009;headcount_urban_USD2.15;2,4083552
Peru;ENAHO 3;2009;headcount_urban_USD3.65;8,3926805
Peru;ENAHO 3;2009;headcount_urban_USD6.85;30,671005
Peru;ENAHO 3;2009;nbi1_headcount_urban;42,535227
Peru;ENAHO 3;2009;theil;0,41561351
Peru;ENAHO 3;2009;wolfson;0,43183771
Peru;ENAHO 3;2010;a1;0,31241917
Peru;ENAHO 3;2010;a2;0,53382596
Peru;ENAHO 3;2010;cv;1,2074307
Peru;ENAHO 3;2010;e0;0,37479699
Peru;ENAHO 3;2010;gini;0,45537924
Peru;ENAHO 3;2010;gini_pci_rural;0,41652571
Peru;ENAHO 3;2010;gini_pci_urban;0,41085303
Peru;ENAHO 3;2010;headcount_national_USD2.15;6,8237685
Peru;ENAHO 3;2010;headcount_national_USD3.65;17,820612
Peru;ENAHO 3;2010;headcount_national_USD6.85;40,52538
Peru;ENAHO 3;2010;headcount_rural_USD2.15;21,095411
Peru;ENAHO 3;2010;headcount_rural_USD3.65;48,851363
Peru;ENAHO 3;2010;headcount_rural_USD6.85;79,63774
Peru;ENAHO 3;2010;headcount_urban_USD2.15;1,7494268
Peru;ENAHO 3;2010;headcount_urban_USD3.65;6,7874999
Peru;ENAHO 3;2010;headcount_urban_USD6.85;26,618818
Peru;ENAHO 3;2010;nbi1_headcount_urban;40,846378
Peru;ENAHO 3;2010;theil;0,3937174
Peru;ENAHO 3;2010;wolfson;0,40681543
Peru;ENAHO 3;2011;a1;0,30387306
Peru;ENAHO 3;2011;a2;0,52946586
Peru;ENAHO 3;2011;cv;1,1385742
Peru;ENAHO 3;2011;e0;0,36223686
Peru;ENAHO 3;2011;gini;0,44660152
Peru;ENAHO 3;2011;gini_pci_rural;0,43326798
Peru;ENAHO 3;2011;gini_pci_urban;0,40118891
Peru;ENAHO 3;2011;headcount_national_USD2.15;6,5040248
Peru;ENAHO 3;2011;headcount_national_USD3.65;16,276914
Peru;ENAHO 3;2011;headcount_national_USD6.85;38,069461
Peru;ENAHO 3;2011;headcount_rural_USD2.15;20,533676
Peru;ENAHO 3;2011;headcount_rural_USD3.65;46,337355
Peru;ENAHO 3;2011;headcount_rural_USD6.85;76,399315
Peru;ENAHO 3;2011;headcount_urban_USD2.15;1,6447979
Peru;ENAHO 3;2011;headcount_urban_USD3.65;5,8653574
Peru;ENAHO 3;2011;headcount_urban_USD6.85;24,793759
Peru;ENAHO 3;2011;nbi1_headcount_urban;41,146084
Peru;ENAHO 3;2011;theil;0,37420166
Peru;ENAHO 3;2011;wolfson;0,39226909
Peru;ENAHO 3;2012;a1;0,30252613
Peru;ENAHO 3;2012;a2;0,5468721
Peru;ENAHO 3;2012;cv;1,103405
Peru;ENAHO 3;2012;e0;0,36058262
Peru;ENAHO 3;2012;gini;0,44437092
Peru;ENAHO 3;2012;gini_pci_rural;0,4316979
Peru;ENAHO 3;2012;gini_pci_urban;0,39968096
Peru;ENAHO 3;2012;headcount_national_USD2.15;6,0785469
Peru;ENAHO 3;2012;headcount_national_USD3.65;14,80473
Peru;ENAHO 3;2012;headcount_national_USD6.85;35,295254
Peru;ENAHO 3;2012;headcount_rural_USD2.15;20,299001
Peru;ENAHO 3;2012;headcount_rural_USD3.65;43,519469
Peru;ENAHO 3;2012;headcount_rural_USD6.85;74,244842
Peru;ENAHO 3;2012;headcount_urban_USD2.15;1,298981
Peru;ENAHO 3;2012;headcount_urban_USD3.65;5,1535625
Peru;ENAHO 3;2012;headcount_urban_USD6.85;22,204102
Peru;ENAHO 3;2012;nbi1_headcount_urban;38,007029
Peru;ENAHO 3;2012;theil;0,36616435
Peru;ENAHO 3;2012;wolfson;0,3893218
Peru;ENAHO 3;2013;a1;0,29451234
Peru;ENAHO 3;2013;a2;0,52525183
Peru;ENAHO 3;2013;cv;1,0804417
Peru;ENAHO 3;2013;e0;0,34910999
Peru;ENAHO 3;2013;gini;0,43882895
Peru;ENAHO 3;2013;gini_pci_rural;0,42322439
Peru;ENAHO 3;2013;gini_pci_urban;0,39548921
Peru;ENAHO 3;2013;headcount_national_USD2.15;5,3963339
Peru;ENAHO 3;2013;headcount_national_USD3.65;14,017539
Peru;ENAHO 3;2013;headcount_national_USD6.85;34,510649
Peru;ENAHO 3;2013;headcount_rural_USD2.15;18,145761
Peru;ENAHO 3;2013;headcount_rural_USD3.65;42,373768
Peru;ENAHO 3;2013;headcount_rural_USD6.85;73,390687
Peru;ENAHO 3;2013;headcount_urban_USD2.15;1,2493781
Peru;ENAHO 3;2013;headcount_urban_USD3.65;4,7942208
Peru;ENAHO 3;2013;headcount_urban_USD6.85;21,864293
Peru;ENAHO 3;2013;nbi1_headcount_urban;38,702691
Peru;ENAHO 3;2013;theil;0,35476513
Peru;ENAHO 3;2013;wolfson;0,39109525
Peru;ENAHO 3;2014;a1;0,28515106
Peru;ENAHO 3;2014;a2;0,50717317
Peru;ENAHO 3;2014;cv;1,063936
Peru;ENAHO 3;2014;e0;0,33586692
Peru;ENAHO 3;2014;gini;0,43138565
Peru;ENAHO 3;2014;gini_pci_rural;0,41334195
Peru;ENAHO 3;2014;gini_pci_urban;0,39025774
Peru;ENAHO 3;2014;headcount_national_USD2.15;4,8248131
Peru;ENAHO 3;2014;headcount_national_USD3.65;13,117711
Peru;ENAHO 3;2014;headcount_national_USD6.85;33,377723
Peru;ENAHO 3;2014;headcount_rural_USD2.15;16,300911
Peru;ENAHO 3;2014;headcount_rural_USD3.65;40,116683
Peru;ENAHO 3;2014;headcount_rural_USD6.85;72,20248
Peru;ENAHO 3;2014;headcount_urban_USD2.15;1,1917122
Peru;ENAHO 3;2014;headcount_urban_USD3.65;4,5703812
Peru;ENAHO 3;2014;headcount_urban_USD6.85;21,086588
Peru;ENAHO 3;2014;nbi1_headcount_urban;38,3963
Peru;ENAHO 3;2014;theil;0,34058692
Peru;ENAHO 3;2014;wolfson;0,38288857
Peru;ENAHO 3;2015;a1;0,28662495
Peru;ENAHO 3;2015;a2;0,50550129
Peru;ENAHO 3;2015;cv;1,057065
Peru;ENAHO 3;2015;e0;0,33777124
Peru;ENAHO 3;2015;gini;0,43354476
Peru;ENAHO 3;2015;gini_pci_rural;0,41352191
Peru;ENAHO 3;2015;gini_pci_urban;0,39323617
Peru;ENAHO 3;2015;headcount_national_USD2.15;4,7185485
Peru;ENAHO 3;2015;headcount_national_USD3.65;12,751694
Peru;ENAHO 3;2015;headcount_national_USD6.85;32,668167
Peru;ENAHO 3;2015;headcount_rural_USD2.15;16,381557
Peru;ENAHO 3;2015;headcount_rural_USD3.65;40,157652
Peru;ENAHO 3;2015;headcount_rural_USD6.85;72,287489
Peru;ENAHO 3;2015;headcount_urban_USD2.15;1,1189489
Peru;ENAHO 3;2015;headcount_urban_USD3.65;4,2932863
Peru;ENAHO 3;2015;headcount_urban_USD6.85;20,440302
Peru;ENAHO 3;2015;nbi1_headcount_urban;38,6747
Peru;ENAHO 3;2015;theil;0,34643142
Peru;ENAHO 3;2015;wolfson;0,3772567
Peru;ENAHO 3;2016;a1;0,29000943
Peru;ENAHO 3;2016;a2;0,50857866
Peru;ENAHO 3;2016;cv;1,0614778
Peru;ENAHO 3;2016;e0;0,34258194
Peru;ENAHO 3;2016;gini;0,43636335
Peru;ENAHO 3;2016;gini_pci_rural;0,41065495
Peru;ENAHO 3;2016;gini_pci_urban;0,39555145
Peru;ENAHO 3;2016;headcount_national_USD2.15;4,5961828
Peru;ENAHO 3;2016;headcount_national_USD3.65;12,44876
Peru;ENAHO 3;2016;headcount_national_USD6.85;31,814745
Peru;ENAHO 3;2016;headcount_rural_USD2.15;16,328374
Peru;ENAHO 3;2016;headcount_rural_USD3.65;39,461367
Peru;ENAHO 3;2016;headcount_rural_USD6.85;71,959116
Peru;ENAHO 3;2016;headcount_urban_USD2.15;1,0903543
Peru;ENAHO 3;2016;headcount_urban_USD3.65;4,3768176
Peru;ENAHO 3;2016;headcount_urban_USD6.85;19,818753
Peru;ENAHO 3;2016;nbi1_headcount_urban;37,617085
Peru;ENAHO 3;2016;theil;0,34905805
Peru;ENAHO 3;2016;wolfson;0,38815816
Peru;ENAHO 3;2017;a1;0,28568666
Peru;ENAHO 3;2017;a2;0,50242133
Peru;ENAHO 3;2017;cv;1,0433376
Peru;ENAHO 3;2017;e0;0,33626513
Peru;ENAHO 3;2017;gini;0,43292049
Peru;ENAHO 3;2017;gini_pci_rural;0,40561395
Peru;ENAHO 3;2017;gini_pci_urban;0,39244862
Peru;ENAHO 3;2017;headcount_national_USD2.15;4,4970593
Peru;ENAHO 3;2017;headcount_national_USD3.65;12,388027
Peru;ENAHO 3;2017;headcount_national_USD6.85;32,620041
Peru;ENAHO 3;2017;headcount_rural_USD2.15;16,686798
Peru;ENAHO 3;2017;headcount_rural_USD3.65;40,544457
Peru;ENAHO 3;2017;headcount_rural_USD6.85;74,190231
Peru;ENAHO 3;2017;headcount_urban_USD2.15;0,9705593
Peru;ENAHO 3;2017;headcount_urban_USD3.65;4,2423523
Peru;ENAHO 3;2017;headcount_urban_USD6.85;20,593755
Peru;ENAHO 3;2017;nbi1_headcount_urban;37,87462
Peru;ENAHO 3;2017;theil;0,34299512
Peru;ENAHO 3;2017;wolfson;0,38736793
Peru;ENAHO 3;2018;a1;0,27311426
Peru;ENAHO 3;2018;a2;0,48317274
Peru;ENAHO 3;2018;cv;0,976854
Peru;ENAHO 3;2018;e0;0,3189651
Peru;ENAHO 3;2018;gini;0,42387649
Peru;ENAHO 3;2018;gini_pci_rural;0,39466158
Peru;ENAHO 3;2018;gini_pci_urban;0,38740233
Peru;ENAHO 3;2018;headcount_national_USD2.15;3,5750044
Peru;ENAHO 3;2018;headcount_national_USD3.65;10,691841
Peru;ENAHO 3;2018;headcount_national_USD6.85;30,364668
Peru;ENAHO 3;2018;headcount_rural_USD2.15;12,97027
Peru;ENAHO 3;2018;headcount_rural_USD3.65;34,919703
Peru;ENAHO 3;2018;headcount_rural_USD6.85;70,429222
Peru;ENAHO 3;2018;headcount_urban_USD2.15;0,93832142
Peru;ENAHO 3;2018;headcount_urban_USD3.65;3,8925447
Peru;ENAHO 3;2018;headcount_urban_USD6.85;19,12097
Peru;ENAHO 3;2018;nbi1_headcount_urban;35,672469
Peru;ENAHO 3;2018;theil;0,32197215
Peru;ENAHO 3;2018;wolfson;0,37822869
Peru;ENAHO 3;2019;a1;0,26330328
Peru;ENAHO 3;2019;a2;0,46897395
Peru;ENAHO 3;2019;cv;0,96219584
Peru;ENAHO 3;2019;e0;0,30564563
Peru;ENAHO 3;2019;gini;0,4156214
Peru;ENAHO 3;2019;gini_pci_rural;0,39330832
Peru;ENAHO 3;2019;gini_pci_urban;0,38142826
Peru;ENAHO 3;2019;headcount_national_USD2.15;2,9952691
Peru;ENAHO 3;2019;headcount_national_USD3.65;9,6588028
Peru;ENAHO 3;2019;headcount_national_USD6.85;28,857037
Peru;ENAHO 3;2019;headcount_rural_USD2.15;11,069074
Peru;ENAHO 3;2019;headcount_rural_USD3.65;31,865513
Peru;ENAHO 3;2019;headcount_rural_USD6.85;67,434595
Peru;ENAHO 3;2019;headcount_urban_USD2.15;0,78941591
Peru;ENAHO 3;2019;headcount_urban_USD3.65;3,5916824
Peru;ENAHO 3;2019;headcount_urban_USD6.85;18,317219
Peru;ENAHO 3;2019;nbi1_headcount_urban;35,514284
Peru;ENAHO 3;2019;theil;0,31079021
Peru;ENAHO 3;2019;wolfson;0,36892298
Peru;ENAHO 3;2020;a1;0,29123189
Peru;ENAHO 3;2020;a2;0,7152372
Peru;ENAHO 3;2020;cv;1,0688196
Peru;ENAHO 3;2020;e0;0,3440761
Peru;ENAHO 3;2020;gini;0,43793049
Peru;ENAHO 3;2020;gini_pci_rural;0,38302785
Peru;ENAHO 3;2020;gini_pci_urban;0,42472126
Peru;ENAHO 3;2020;headcount_national_USD2.15;5,881649
Peru;ENAHO 3;2020;headcount_national_USD3.65;17,471304
Peru;ENAHO 3;2020;headcount_national_USD6.85;43,018334
Peru;ENAHO 3;2020;headcount_rural_USD2.15;10,291298
Peru;ENAHO 3;2020;headcount_rural_USD3.65;34,851608
Peru;ENAHO 3;2020;headcount_rural_USD6.85;71,103639
Peru;ENAHO 3;2020;headcount_urban_USD2.15;4,7146587
Peru;ENAHO 3;2020;headcount_urban_USD3.65;12,871699
Peru;ENAHO 3;2020;headcount_urban_USD6.85;35,585708
Peru;ENAHO 3;2020;nbi1_headcount_urban;36,180093
Peru;ENAHO 3;2020;theil;0,35203943
Peru;ENAHO 3;2020;wolfson;0,39423102
Peru;ENAHO 3;2021;a1;0,24499754
Peru;ENAHO 3;2021;a2;0,43033287
Peru;ENAHO 3;2021;cv;0,95987512
Peru;ENAHO 3;2021;e0;0,2811956
Peru;ENAHO 3;2021;gini;0,40248407
Peru;ENAHO 3;2021;gini_pci_rural;0,39035139
Peru;ENAHO 3;2021;gini_pci_urban;0,38250949
Peru;ENAHO 3;2021;headcount_national_USD2.15;2,8717488
Peru;ENAHO 3;2021;headcount_national_USD3.65;10,244966
Peru;ENAHO 3;2021;headcount_national_USD6.85;33,736884
Peru;ENAHO 3;2021;headcount_rural_USD2.15;8,4644571
Peru;ENAHO 3;2021;headcount_rural_USD3.65;27,977438
Peru;ENAHO 3;2021;headcount_rural_USD6.85;63,422473
Peru;ENAHO 3;2021;headcount_urban_USD2.15;1,4362281
Peru;ENAHO 3;2021;headcount_urban_USD3.65;5,6934445
Peru;ENAHO 3;2021;headcount_urban_USD6.85;26,11727
Peru;ENAHO 3;2021;nbi1_headcount_urban;37,090366
Peru;ENAHO 3;2021;theil;0,29637451
Peru;ENAHO 3;2021;wolfson;0,35288783
Peru;ENAHO 3;2022;a1;0,25042788
Peru;ENAHO 3;2022;a2;0,46265545
Peru;ENAHO 3;2022;cv;0,97772156
Peru;ENAHO 3;2022;e0;0,28823246
Peru;ENAHO 3;2022;gini;0,40569265
Peru;ENAHO 3;2022;gini_pci_rural;0,3783002
Peru;ENAHO 3;2022;gini_pci_urban;0,38693366
Peru;ENAHO 3;2022;headcount_national_USD2.15;2,656552
Peru;ENAHO 3;2022;headcount_national_USD3.65;9,4852794
Peru;ENAHO 3;2022;headcount_national_USD6.85;32,223312
Peru;ENAHO 3;2022;headcount_rural_USD2.15;7,7725527
Peru;ENAHO 3;2022;headcount_rural_USD3.65;26,501395
Peru;ENAHO 3;2022;headcount_rural_USD6.85;62,580102
Peru;ENAHO 3;2022;headcount_urban_USD2.15;1,3765538
Peru;ENAHO 3;2022;headcount_urban_USD3.65;5,2279313
Peru;ENAHO 3;2022;headcount_urban_USD6.85;24,628193
Peru;ENAHO 3;2022;nbi1_headcount_urban;37,636166
Peru;ENAHO 3;2022;theil;0,30173627
Peru;ENAHO 3;2022;wolfson;0,35449116
Peru;ENAHO 3;2023;a1;0,25308966
Peru;ENAHO 3;2023;a2;0,46531332
Peru;ENAHO 3;2023;cv;0,94025417
Peru;ENAHO 3;2023;e0;0,29233091
Peru;ENAHO 3;2023;gini;0,40671358
Peru;ENAHO 3;2023;gini_pci_rural;0,38750229
Peru;ENAHO 3;2023;gini_pci_urban;0,3879847
Peru;ENAHO 3;2023;theil;0,29771598
Peru;ENAHO 3;2023;wolfson;0,35725985
Peru;ENAHO 3;2024;a1;0,2460399
Peru;ENAHO 3;2024;a2;0,4439429
Peru;ENAHO 3;2024;cv;0,92977225
Peru;ENAHO 3;2024;e0;0,28188956
Peru;ENAHO 3;2024;gini;0,40118525
Peru;ENAHO 3;2024;gini_pci_rural;0,38681376
Peru;ENAHO 3;2024;gini_pci_urban;0,38096342
Peru;ENAHO 3;2024;theil;0,29085555
Peru;ENAHO 3;2024;wolfson;0,34588485
Uruguay;National;2006;a1;0,30272662
Uruguay;National;2006;a2;0,48827384
Uruguay;National;2006;cv;1,1460605
Uruguay;National;2006;e0;0,36089896
Uruguay;National;2006;gini;0,45935253
Uruguay;National;2006;gini_pci_rural;0,42681279
Uruguay;National;2006;gini_pci_urban;0,46016604
Uruguay;National;2006;headcount_national_USD2.15;0,56408826
Uruguay;National;2006;headcount_national_USD3.65;4,4515136
Uruguay;National;2006;headcount_national_USD6.85;22,332671
Uruguay;National;2006;headcount_rural_USD2.15;0,80987624
Uruguay;National;2006;headcount_rural_USD3.65;4,9300332
Uruguay;National;2006;headcount_rural_USD6.85;24,6259
Uruguay;National;2006;headcount_urban_USD2.15;0,5471163
Uruguay;National;2006;headcount_urban_USD3.65;4,4184712
Uruguay;National;2006;headcount_urban_USD6.85;22,17432
Uruguay;National;2006;nbi1_headcount_urban;31,879332
Uruguay;National;2006;theil;0,38839646
Uruguay;National;2006;wolfson;0,43336443
Uruguay;National;2007;a1;0,30859293
Uruguay;National;2007;a2;0,54061907
Uruguay;National;2007;cv;1,2499898
Uruguay;National;2007;e0;0,36877619
Uruguay;National;2007;gini;0,46393864
Uruguay;National;2007;gini_pci_rural;0,40710263
Uruguay;National;2007;gini_pci_urban;0,46604042
Uruguay;National;2007;headcount_national_USD2.15;0,38097278
Uruguay;National;2007;headcount_national_USD3.65;3,5854279
Uruguay;National;2007;headcount_national_USD6.85;19,624219
Uruguay;National;2007;headcount_rural_USD2.15;0,48572014
Uruguay;National;2007;headcount_rural_USD3.65;3,0520467
Uruguay;National;2007;headcount_rural_USD6.85;19,6785
Uruguay;National;2007;headcount_urban_USD2.15;0,37387419
Uruguay;National;2007;headcount_urban_USD3.65;3,6215745
Uruguay;National;2007;headcount_urban_USD6.85;19,62054
Uruguay;National;2007;nbi1_headcount_urban;30,91126
Uruguay;National;2007;theil;0,40425709
Uruguay;National;2007;wolfson;0,43933497
Uruguay;National;2008;a1;0,29357505
Uruguay;National;2008;a2;0,47702788
Uruguay;National;2008;cv;1,1656528
Uruguay;National;2008;e0;0,34793441
Uruguay;National;2008;gini;0,45072547
Uruguay;National;2008;gini_pci_rural;0,41716091
Uruguay;National;2008;gini_pci_urban;0,45188246
Uruguay;National;2008;headcount_national_USD2.15;0,22757798
Uruguay;National;2008;headcount_national_USD3.65;2,2479192
Uruguay;National;2008;headcount_national_USD6.85;14,733918
Uruguay;National;2008;headcount_rural_USD2.15;0,34200225
Uruguay;National;2008;headcount_rural_USD3.65;1,8614917
Uruguay;National;2008;headcount_rural_USD6.85;13,688419
Uruguay;National;2008;headcount_urban_USD2.15;0,21976138
Uruguay;National;2008;headcount_urban_USD3.65;2,274317
Uruguay;National;2008;headcount_urban_USD6.85;14,805339
Uruguay;National;2008;nbi1_headcount_urban;28,33843
Uruguay;National;2008;theil;0,37831953
Uruguay;National;2008;wolfson;0,42060794
Uruguay;National;2009;a1;0,30111689
Uruguay;National;2009;a2;0,49093637
Uruguay;National;2009;cv;1,2434131
Uruguay;National;2009;e0;0,3582461
Uruguay;National;2009;gini;0,45535302
Uruguay;National;2009;gini_pci_rural;0,41739006
Uruguay;National;2009;gini_pci_urban;0,45625904
Uruguay;National;2009;headcount_national_USD2.15;0,28220024
Uruguay;National;2009;headcount_national_USD3.65;2,223092
Uruguay;National;2009;headcount_national_USD6.85;13,56285
Uruguay;National;2009;headcount_rural_USD2.15;0,27260051
Uruguay;National;2009;headcount_rural_USD3.65;1,8345701
Uruguay;National;2009;headcount_rural_USD6.85;12,904658
Uruguay;National;2009;headcount_urban_USD2.15;0,28284961
Uruguay;National;2009;headcount_urban_USD3.65;2,2493732
Uruguay;National;2009;headcount_urban_USD6.85;13,607373
Uruguay;National;2009;nbi1_headcount_urban;27,101584
Uruguay;National;2009;theil;0,39115599
Uruguay;National;2009;wolfson;0,42521059
Uruguay;National;2010;a1;0,28734225
Uruguay;National;2010;a2;0,47238416
Uruguay;National;2010;cv;1,1220445
Uruguay;National;2010;e0;0,33867385
Uruguay;National;2010;gini;0,44466638
Uruguay;National;2010;gini_pci_rural;0,43504243
Uruguay;National;2010;gini_pci_urban;0,44460651
Uruguay;National;2010;headcount_national_USD2.15;0,16911624
Uruguay;National;2010;headcount_national_USD3.65;1,6095149
Uruguay;National;2010;headcount_national_USD6.85;12,048121
Uruguay;National;2010;headcount_rural_USD2.15;0,32130712
Uruguay;National;2010;headcount_rural_USD3.65;1,6171783
Uruguay;National;2010;headcount_rural_USD6.85;10,294498
Uruguay;National;2010;headcount_urban_USD2.15;0,1596418
Uruguay;National;2010;headcount_urban_USD3.65;1,6090379
Uruguay;National;2010;headcount_urban_USD6.85;12,157291
Uruguay;National;2010;nbi1_headcount_urban;26,040081
Uruguay;National;2010;theil;0,36382655
Uruguay;National;2010;wolfson;0,41706672
Uruguay;National;2011;a1;0,2632497
Uruguay;National;2011;a2;0,44743183
Uruguay;National;2011;cv;0,99407058
Uruguay;National;2011;e0;0,30525481
Uruguay;National;2011;gini;0,42167363
Uruguay;National;2011;gini_pci_rural;0,39125434
Uruguay;National;2011;gini_pci_urban;0,42252899
Uruguay;National;2011;headcount_national_USD2.15;0,13941856
Uruguay;National;2011;headcount_national_USD3.65;1,3259911
Uruguay;National;2011;headcount_national_USD6.85;8,5335804
Uruguay;National;2011;headcount_rural_USD2.15;0,0347952
Uruguay;National;2011;headcount_rural_USD3.65;1,4749683
Uruguay;National;2011;headcount_rural_USD6.85;9,3181533
Uruguay;National;2011;headcount_urban_USD2.15;0,14918277
Uruguay;National;2011;headcount_urban_USD3.65;1,3120875
Uruguay;National;2011;headcount_urban_USD6.85;8,4603584
Uruguay;National;2011;nbi1_headcount_urban;21,942776
Uruguay;National;2011;theil;0,31965645
Uruguay;National;2011;wolfson;0,38620672
Uruguay;National;2012;a1;0,24063041
Uruguay;National;2012;a2;0,42770558
Uruguay;National;2012;cv;0,84792539
Uruguay;National;2012;e0;0,27508418
Uruguay;National;2012;gini;0,39893811
Uruguay;National;2012;gini_pci_rural;0,36617755
Uruguay;National;2012;gini_pci_urban;0,39939208
Uruguay;National;2012;headcount_national_USD2.15;0,1693853
Uruguay;National;2012;headcount_national_USD3.65;1,3110477
Uruguay;National;2012;headcount_national_USD6.85;7,8216709
Uruguay;National;2012;headcount_rural_USD2.15;0,19640624
Uruguay;National;2012;headcount_rural_USD3.65;1,2129283
Uruguay;National;2012;headcount_rural_USD6.85;7,8849922
Uruguay;National;2012;headcount_urban_USD2.15;0,16754415
Uruguay;National;2012;headcount_urban_USD3.65;1,3177333
Uruguay;National;2012;headcount_urban_USD6.85;7,8173563
Uruguay;National;2012;nbi1_headcount_urban;21,010966
Uruguay;National;2012;theil;0,27253986
Uruguay;National;2012;wolfson;0,37224617
Uruguay;National;2013;a1;0,24660035
Uruguay;National;2013;a2;0,43299594
Uruguay;National;2013;cv;0,92965952
Uruguay;National;2013;e0;0,28351786
Uruguay;National;2013;gini;0,40445013
Uruguay;National;2013;gini_pci_rural;0,36697362
Uruguay;National;2013;gini_pci_urban;0,40548982
Uruguay;National;2013;headcount_national_USD2.15;0,17424801
Uruguay;National;2013;headcount_national_USD3.65;1,0699274
Uruguay;National;2013;headcount_national_USD6.85;7,3686758
Uruguay;National;2013;headcount_rural_USD2.15;0,22973072
Uruguay;National;2013;headcount_rural_USD3.65;0,55124883
Uruguay;National;2013;headcount_rural_USD6.85;5,9378573
Uruguay;National;2013;headcount_urban_USD2.15;0,17095639
Uruguay;National;2013;headcount_urban_USD3.65;1,100699
Uruguay;National;2013;headcount_urban_USD6.85;7,4535619
Uruguay;National;2013;nbi1_headcount_urban;21,072919
Uruguay;National;2013;theil;0,28851493
Uruguay;National;2013;wolfson;0,36496398
Uruguay;National;2014;a1;0,24294552
Uruguay;National;2014;a2;0,42745339
Uruguay;National;2014;cv;0,90159578
Uruguay;National;2014;e0;0,27828564
Uruguay;National;2014;gini;0,40103523
Uruguay;National;2014;gini_pci_rural;0,35466314
Uruguay;National;2014;gini_pci_urban;0,40215731
Uruguay;National;2014;headcount_national_USD2.15;0,15346178
Uruguay;National;2014;headcount_national_USD3.65;0,83053866
Uruguay;National;2014;headcount_national_USD6.85;6,3145422
Uruguay;National;2014;headcount_rural_USD2.15;0,46755855
Uruguay;National;2014;headcount_rural_USD3.65;1,355606
Uruguay;National;2014;headcount_rural_USD6.85;7,998703
Uruguay;National;2014;headcount_urban_USD2.15;0,13482972
Uruguay;National;2014;headcount_urban_USD3.65;0,79939193
Uruguay;National;2014;headcount_urban_USD6.85;6,2146386
Uruguay;National;2014;nbi1_headcount_urban;19,606097
Uruguay;National;2014;theil;0,28312595
Uruguay;National;2014;wolfson;0,36226228
Uruguay;National;2015;a1;0,24352624
Uruguay;National;2015;a2;0,4313359
Uruguay;National;2015;cv;1,1049523
Uruguay;National;2015;e0;0,27919987
Uruguay;National;2015;gini;0,40120669
Uruguay;National;2015;gini_pci_rural;0,36062747
Uruguay;National;2015;gini_pci_urban;0,40238398
Uruguay;National;2015;headcount_national_USD2.15;0,14976595
Uruguay;National;2015;headcount_national_USD3.65;0,78174881
Uruguay;National;2015;headcount_national_USD6.85;5,9503329
Uruguay;National;2015;headcount_rural_USD2.15;0,40167674
Uruguay;National;2015;headcount_rural_USD3.65;1,3013297
Uruguay;National;2015;headcount_rural_USD6.85;5,6806361
Uruguay;National;2015;headcount_urban_USD2.15;0,13481509
Uruguay;National;2015;headcount_urban_USD3.65;0,75091178
Uruguay;National;2015;headcount_urban_USD6.85;5,9663393
Uruguay;National;2015;nbi1_headcount_urban;18,976499
Uruguay;National;2015;theil;0,28904416
Uruguay;National;2015;wolfson;0,36277474
Uruguay;National;2016;a1;0,23728995
Uruguay;National;2016;a2;0,41905865
Uruguay;National;2016;cv;0,90458864
Uruguay;National;2016;e0;0,2710652
Uruguay;National;2016;gini;0,39688513
Uruguay;National;2016;gini_pci_rural;0,36277318
Uruguay;National;2016;gini_pci_urban;0,39753544
Uruguay;National;2016;headcount_national_USD2.15;0,09227167
Uruguay;National;2016;headcount_national_USD3.65;0,69130427
Uruguay;National;2016;headcount_national_USD6.85;5,6365652
Uruguay;National;2016;headcount_rural_USD2.15;0,33145033
Uruguay;National;2016;headcount_rural_USD3.65;0,73575815
Uruguay;National;2016;headcount_rural_USD6.85;5,8788821
Uruguay;National;2016;headcount_urban_USD2.15;0,07807186
Uruguay;National;2016;headcount_urban_USD3.65;0,68866508
Uruguay;National;2016;headcount_urban_USD6.85;5,6221791
Uruguay;National;2016;nbi1_headcount_urban;17,578944
Uruguay;National;2016;theil;0,27847198
Uruguay;National;2016;wolfson;0,35754744
Uruguay;National;2017;a1;0,23372777
Uruguay;National;2017;a2;0,40803817
Uruguay;National;2017;cv;0,95153067
Uruguay;National;2017;e0;0,26636171
Uruguay;National;2017;gini;0,39456537
Uruguay;National;2017;gini_pci_rural;0,33434193
Uruguay;National;2017;gini_pci_urban;0,39603646
Uruguay;National;2017;headcount_national_USD2.15;0,0663459
Uruguay;National;2017;headcount_national_USD3.65;0,45039047
Uruguay;National;2017;headcount_national_USD6.85;4,5909819
Uruguay;National;2017;headcount_rural_USD2.15;0,04443196
Uruguay;National;2017;headcount_rural_USD3.65;0,27067746
Uruguay;National;2017;headcount_rural_USD6.85;4,0816118
Uruguay;National;2017;headcount_urban_USD2.15;0,06764755
Uruguay;National;2017;headcount_urban_USD3.65;0,46106505
Uruguay;National;2017;headcount_urban_USD6.85;4,6212374
Uruguay;National;2017;nbi1_headcount_urban;16,901318
Uruguay;National;2017;theil;0,27815362
Uruguay;National;2017;wolfson;0,35154691
Uruguay;National;2018;a1;0,23545822
Uruguay;National;2018;a2;0,40961138
Uruguay;National;2018;cv;0,92934996
Uruguay;National;2018;e0;0,2681813
Uruguay;National;2018;gini;0,39680701
Uruguay;National;2018;gini_pci_rural;0,32992395
Uruguay;National;2018;gini_pci_urban;0,39829756
Uruguay;National;2018;headcount_national_USD2.15;0,05584995
Uruguay;National;2018;headcount_national_USD3.65;0,42794529
Uruguay;National;2018;headcount_national_USD6.85;4,9356756
Uruguay;National;2018;headcount_rural_USD2.15;0,08497008
Uruguay;National;2018;headcount_rural_USD3.65;0,47171269
Uruguay;National;2018;headcount_rural_USD6.85;4,6403963
Uruguay;National;2018;headcount_urban_USD2.15;0,05414242
Uruguay;National;2018;headcount_urban_USD3.65;0,42537888
Uruguay;National;2018;headcount_urban_USD6.85;4,95299
Uruguay;National;2018;nbi1_headcount_urban;15,922421
Uruguay;National;2018;theil;0,27929604
Uruguay;National;2018;wolfson;0,36069077
Uruguay;National;2019;a1;0,23543408
Uruguay;National;2019;a2;0,41903443
Uruguay;National;2019;cv;0,88982657
Uruguay;National;2019;e0;0,26875686
Uruguay;National;2019;gini;0,39666525
Uruguay;National;2019;gini_pci_rural;0,34000437
Uruguay;National;2019;gini_pci_urban;0,39790309
Uruguay;National;2019;headcount_national_USD2.15;0,102072
Uruguay;National;2019;headcount_national_USD3.65;0,54408075
Uruguay;National;2019;headcount_national_USD6.85;5,0777837
Uruguay;National;2019;headcount_rural_USD2.15;0,27119815
Uruguay;National;2019;headcount_rural_USD3.65;1,1406574
Uruguay;National;2019;headcount_rural_USD6.85;5,4518953
Uruguay;National;2019;headcount_urban_USD2.15;0,09204207
Uruguay;National;2019;headcount_urban_USD3.65;0,50870108
Uruguay;National;2019;headcount_urban_USD6.85;5,0555972
Uruguay;National;2019;nbi1_headcount_urban;15,2224
Uruguay;National;2019;theil;0,27663125
Uruguay;National;2019;wolfson;0,35968927
Uruguay;National;2020;a1;0,24133942
Uruguay;National;2020;a2;0,4210817
Uruguay;National;2020;cv;0,90154264
Uruguay;National;2020;e0;0,27611974
Uruguay;National;2020;gini;0,40127557
Uruguay;National;2020;gini_pci_rural;0,35889148
Uruguay;National;2020;gini_pci_urban;0,40202035
Uruguay;National;2020;headcount_national_USD2.15;0,2030182
Uruguay;National;2020;headcount_national_USD3.65;0,87924418
Uruguay;National;2020;headcount_national_USD6.85;7,1858624
Uruguay;National;2020;headcount_rural_USD2.15;0,307228
Uruguay;National;2020;headcount_rural_USD3.65;0,90594264
Uruguay;National;2020;headcount_rural_USD6.85;8,3217535
Uruguay;National;2020;headcount_urban_USD2.15;0,19726949
Uruguay;National;2020;headcount_urban_USD3.65;0,87777137
Uruguay;National;2020;headcount_urban_USD6.85;7,1232012
Uruguay;National;2020;theil;0,2830988
Uruguay;National;2020;wolfson;0,3656568
Uruguay;National;2021;a1;0,24690179
Uruguay;National;2021;a2;0,41977861
Uruguay;National;2021;cv;0,99631912
Uruguay;National;2021;e0;0,28385076
Uruguay;National;2021;gini;0,40752737
Uruguay;National;2021;gini_pci_rural;0,33394523
Uruguay;National;2021;gini_pci_urban;0,41002497
Uruguay;National;2021;headcount_national_USD2.15;0,112155
Uruguay;National;2021;headcount_national_USD3.65;0,76560678
Uruguay;National;2021;headcount_national_USD6.85;6,738051
Uruguay;National;2021;headcount_rural_USD2.15;0,05156131
Uruguay;National;2021;headcount_rural_USD3.65;0,46510404
Uruguay;National;2021;headcount_rural_USD6.85;5,2287375
Uruguay;National;2021;headcount_urban_USD2.15;0,11559042
Uruguay;National;2021;headcount_urban_USD3.65;0,78264408
Uruguay;National;2021;headcount_urban_USD6.85;6,823623
Uruguay;National;2021;nbi1_headcount_urban;13,342301
Uruguay;National;2021;theil;0,30321077
Uruguay;National;2021;wolfson;0,36585995
Uruguay;National;2022;a1;0,24578625
Uruguay;National;2022;a2;0,52660138
Uruguay;National;2022;cv;0,9352328
Uruguay;National;2022;e0;0,28207615
Uruguay;National;2022;gini;0,40542276
Uruguay;National;2022;gini_pci_rural;0,34701609
Uruguay;National;2022;gini_pci_urban;0,40713286
Uruguay;National;2022;headcount_national_USD2.15;0,15517578
Uruguay;National;2022;headcount_national_USD3.65;0,76119137
Uruguay;National;2022;headcount_national_USD6.85;6,4274005
Uruguay;National;2022;headcount_rural_USD2.15;0,42885202
Uruguay;National;2022;headcount_rural_USD3.65;0,76640643
Uruguay;National;2022;headcount_rural_USD6.85;6,0256423
Uruguay;National;2022;headcount_urban_USD2.15;0,13862863
Uruguay;National;2022;headcount_urban_USD3.65;0,76087605
Uruguay;National;2022;headcount_urban_USD6.85;6,4516918
Uruguay;National;2022;nbi1_headcount_urban;12,059467
Uruguay;National;2022;theil;0,29276077
Uruguay;National;2022;wolfson;0,36277465
Uruguay;National;2023;a1;0,24981228
Uruguay;National;2023;a2;0,430552
Uruguay;National;2023;cv;1,0088446
Uruguay;National;2023;e0;0,28761405
Uruguay;National;2023;gini;0,40851399
Uruguay;National;2023;gini_pci_rural;0,33143446
Uruguay;National;2023;gini_pci_urban;0,41143492
Uruguay;National;2023;theil;0,30454423
Uruguay;National;2023;wolfson;0,36139767
Uruguay;Urban;1989;a1;0,27068615
Uruguay;Urban;1989;a2;0,46818311
Uruguay;Urban;1989;cv;1,2785195
Uruguay;Urban;1989;e0;0,31607674
Uruguay;Urban;1989;gini;0,42359944
Uruguay;Urban;1989;gini_pci_urban;0,42359944
Uruguay;Urban;1989;theil;0,3542577
Uruguay;Urban;1989;wolfson;0,36598748
Uruguay;Urban;1992;a1;0,25934324
Uruguay;Urban;1992;a2;0,453755
Uruguay;Urban;1992;cv;1,01214
Uruguay;Urban;1992;e0;0,30033311
Uruguay;Urban;1992;gini;0,41463942
Uruguay;Urban;1992;gini_pci_urban;0,41463942
Uruguay;Urban;1992;headcount_national_USD2.15;0,56086154
Uruguay;Urban;1992;headcount_national_USD3.65;2,6269106
Uruguay;Urban;1992;headcount_national_USD6.85;11,091799
Uruguay;Urban;1992;headcount_urban_USD2.15;0,56086154
Uruguay;Urban;1992;headcount_urban_USD3.65;2,6269106
Uruguay;Urban;1992;headcount_urban_USD6.85;11,091799
Uruguay;Urban;1992;nbi1_headcount_urban;43,775844
Uruguay;Urban;1992;theil;0,31372872
Uruguay;Urban;1992;wolfson;0,36623569
Uruguay;Urban;1995;a1;0,25346407
Uruguay;Urban;1995;a2;0,44900965
Uruguay;Urban;1995;cv;0,91844119
Uruguay;Urban;1995;e0;0,29224878
Uruguay;Urban;1995;gini;0,40912323
Uruguay;Urban;1995;gini_pci_urban;0,40912323
Uruguay;Urban;1995;headcount_national_USD2.15;0,53446241
Uruguay;Urban;1995;headcount_national_USD3.65;2,4293746
Uruguay;Urban;1995;headcount_national_USD6.85;10,979038
Uruguay;Urban;1995;headcount_urban_USD2.15;0,53446241
Uruguay;Urban;1995;headcount_urban_USD3.65;2,4293746
Uruguay;Urban;1995;headcount_urban_USD6.85;10,979038
Uruguay;Urban;1995;nbi1_headcount_urban;39,943016
Uruguay;Urban;1995;theil;0,29567297
Uruguay;Urban;1995;wolfson;0,3658862
Uruguay;Urban;1996;a1;0,25203207
Uruguay;Urban;1996;a2;0,45090638
Uruguay;Urban;1996;cv;0,89591702
Uruguay;Urban;1996;e0;0,2903693
Uruguay;Urban;1996;gini;0,40744278
Uruguay;Urban;1996;gini_pci_urban;0,40744278
Uruguay;Urban;1996;headcount_national_USD2.15;0,59042617
Uruguay;Urban;1996;headcount_national_USD3.65;2,6981103
Uruguay;Urban;1996;headcount_national_USD6.85;11,604277
Uruguay;Urban;1996;headcount_urban_USD2.15;0,59042617
Uruguay;Urban;1996;headcount_urban_USD3.65;2,6981103
Uruguay;Urban;1996;headcount_urban_USD6.85;11,604277
Uruguay;Urban;1996;nbi1_headcount_urban;38,919287
Uruguay;Urban;1996;theil;0,29067476
Uruguay;Urban;1996;wolfson;0,36457443
Uruguay;Urban;1997;a1;0,25843229
Uruguay;Urban;1997;a2;0,45597848
Uruguay;Urban;1997;cv;0,93810023
Uruguay;Urban;1997;e0;0,29873224
Uruguay;Urban;1997;gini;0,41455764
Uruguay;Urban;1997;gini_pci_urban;0,41455764
Uruguay;Urban;1997;headcount_national_USD2.15;0,5678494
Uruguay;Urban;1997;headcount_national_USD3.65;2,4813298
Uruguay;Urban;1997;headcount_national_USD6.85;11,911071
Uruguay;Urban;1997;headcount_urban_USD2.15;0,5678494
Uruguay;Urban;1997;headcount_urban_USD3.65;2,4813298
Uruguay;Urban;1997;headcount_urban_USD6.85;11,911071
Uruguay;Urban;1997;nbi1_headcount_urban;38,747111
Uruguay;Urban;1997;theil;0,30516176
Uruguay;Urban;1997;wolfson;0,37012328
Uruguay;Urban;1998;a1;0,27136956
Uruguay;Urban;1998;a2;0,47340175
Uruguay;Urban;1998;cv;0,95987161
Uruguay;Urban;1998;e0;0,31620619
Uruguay;Urban;1998;gini;0,42475731
Uruguay;Urban;1998;gini_pci_urban;0,42475731
Uruguay;Urban;1998;headcount_national_USD2.15;0,64307722
Uruguay;Urban;1998;headcount_national_USD3.65;2,4112103
Uruguay;Urban;1998;headcount_national_USD6.85;11,818157
Uruguay;Urban;1998;headcount_urban_USD2.15;0,64307722
Uruguay;Urban;1998;headcount_urban_USD3.65;2,4112103
Uruguay;Urban;1998;headcount_urban_USD6.85;11,818157
Uruguay;Urban;1998;nbi1_headcount_urban;36,399827
Uruguay;Urban;1998;theil;0,3204816
Uruguay;Urban;1998;wolfson;0,37868833
Uruguay;Urban;2000;a1;0,27390913
Uruguay;Urban;2000;a2;0,47055323
Uruguay;Urban;2000;cv;0,98214297
Uruguay;Urban;2000;e0;0,32018031
Uruguay;Urban;2000;gini;0,42905054
Uruguay;Urban;2000;gini_pci_urban;0,42905054
Uruguay;Urban;2000;headcount_national_USD2.15;0,6551623
Uruguay;Urban;2000;headcount_national_USD3.65;2,445236
Uruguay;Urban;2000;headcount_national_USD6.85;12,484113
Uruguay;Urban;2000;headcount_urban_USD2.15;0,6551623
Uruguay;Urban;2000;headcount_urban_USD3.65;2,445236
Uruguay;Urban;2000;headcount_urban_USD6.85;12,484113
Uruguay;Urban;2000;nbi1_headcount_urban;35,651709
Uruguay;Urban;2000;theil;0,32817281
Uruguay;Urban;2000;wolfson;0,387667
Uruguay;Urban;2001;a1;0,29647199
Uruguay;Urban;2001;a2;0,49321805
Uruguay;Urban;2001;cv;1,0719987
Uruguay;Urban;2001;e0;0,35152842
Uruguay;Urban;2001;gini;0,4500703
Uruguay;Urban;2001;gini_pci_urban;0,4500703
Uruguay;Urban;2001;headcount_national_USD2.15;0,49742899
Uruguay;Urban;2001;headcount_national_USD3.65;2,7908644
Uruguay;Urban;2001;headcount_national_USD6.85;14,135329
Uruguay;Urban;2001;headcount_urban_USD2.15;0,49742899
Uruguay;Urban;2001;headcount_urban_USD3.65;2,7908644
Uruguay;Urban;2001;headcount_urban_USD6.85;14,135329
Uruguay;Urban;2001;nbi1_headcount_urban;32,643532
Uruguay;Urban;2001;theil;0,36518501
Uruguay;Urban;2001;wolfson;0,42984083
Uruguay;Urban;2002;a1;0,30181135
Uruguay;Urban;2002;a2;0,64905033
Uruguay;Urban;2002;cv;1,0911634
Uruguay;Urban;2002;e0;0,35931552
Uruguay;Urban;2002;gini;0,45541394
Uruguay;Urban;2002;gini_pci_urban;0,45541394
Uruguay;Urban;2002;headcount_national_USD2.15;0,63463683
Uruguay;Urban;2002;headcount_national_USD3.65;3,9116722
Uruguay;Urban;2002;headcount_national_USD6.85;18,519097
Uruguay;Urban;2002;headcount_urban_USD2.15;0,63463683
Uruguay;Urban;2002;headcount_urban_USD3.65;3,9116722
Uruguay;Urban;2002;headcount_urban_USD6.85;18,519097
Uruguay;Urban;2002;nbi1_headcount_urban;31,479148
Uruguay;Urban;2002;theil;0,3756718
Uruguay;Urban;2002;wolfson;0,43362645
Uruguay;Urban;2003;a1;0,29273251
Uruguay;Urban;2003;a2;0,57402665
Uruguay;Urban;2003;cv;1,0994493
Uruguay;Urban;2003;e0;0,34616145
Uruguay;Urban;2003;gini;0,45032388
Uruguay;Urban;2003;gini_pci_urban;0,45032388
Uruguay;Urban;2003;headcount_national_USD2.15;0,81120685
Uruguay;Urban;2003;headcount_national_USD3.65;5,0680952
Uruguay;Urban;2003;headcount_national_USD6.85;24,511699
Uruguay;Urban;2003;headcount_urban_USD2.15;0,81120685
Uruguay;Urban;2003;headcount_urban_USD3.65;5,0680952
Uruguay;Urban;2003;headcount_urban_USD6.85;24,511699
Uruguay;Urban;2003;nbi1_headcount_urban;29,90807
Uruguay;Urban;2003;theil;0,3714966
Uruguay;Urban;2003;wolfson;0,42175877
Uruguay;Urban;2004;a1;0,30495031
Uruguay;Urban;2004;a2;0,51037254
Uruguay;Urban;2004;cv;1,149679
Uruguay;Urban;2004;e0;0,36424104
Uruguay;Urban;2004;gini;0,45876411
Uruguay;Urban;2004;gini_pci_urban;0,45876411
Uruguay;Urban;2004;headcount_national_USD2.15;1,0326413
Uruguay;Urban;2004;headcount_national_USD3.65;6,4986193
Uruguay;Urban;2004;headcount_national_USD6.85;25,147141
Uruguay;Urban;2004;headcount_urban_USD2.15;1,0326413
Uruguay;Urban;2004;headcount_urban_USD3.65;6,4986193
Uruguay;Urban;2004;headcount_urban_USD6.85;25,147141
Uruguay;Urban;2004;nbi1_headcount_urban;28,392241
Uruguay;Urban;2004;theil;0,38764187
Uruguay;Urban;2004;wolfson;0,43128036
Uruguay;Urban;2005;a1;0,29310296
Uruguay;Urban;2005;a2;0,68263229
Uruguay;Urban;2005;cv;1,0721007
Uruguay;Urban;2005;e0;0,34679952000000003
Uruguay;Urban;2005;gini;0,44727801
Uruguay;Urban;2005;gini_pci_urban;0,44727801
Uruguay;Urban;2005;headcount_national_USD2.15;0,86166727
Uruguay;Urban;2005;headcount_national_USD3.65;5,7790961
Uruguay;Urban;2005;headcount_national_USD6.85;22,743699
Uruguay;Urban;2005;headcount_urban_USD2.15;0,86166727
Uruguay;Urban;2005;headcount_urban_USD3.65;5,7790961
Uruguay;Urban;2005;headcount_urban_USD6.85;22,743699
Uruguay;Urban;2005;nbi1_headcount_urban;28,478109
Uruguay;Urban;2005;theil;0,36175729
Uruguay;Urban;2005;wolfson;0,4163147
Uruguay;Urban;2006;a1;0,30815359
Uruguay;Urban;2006;a2;0,50658748
Uruguay;Urban;2006;cv;1,1345969
Uruguay;Urban;2006;e0;0,36819117
Uruguay;Urban;2006;gini;0,46127801
Uruguay;Urban;2006;gini_pci_urban;0,46127801
Uruguay;Urban;2006;headcount_national_USD2.15;0,96556206
Uruguay;Urban;2006;headcount_national_USD3.65;4,7440819
Uruguay;Urban;2006;headcount_national_USD6.85;21,136775
Uruguay;Urban;2006;headcount_urban_USD2.15;0,96556206
Uruguay;Urban;2006;headcount_urban_USD3.65;4,7440819
Uruguay;Urban;2006;headcount_urban_USD6.85;21,136775
Uruguay;Urban;2006;nbi1_headcount_urban;30,370417
Uruguay;Urban;2006;theil;0,38859398
Uruguay;Urban;2006;wolfson;0,43873676
Venezuela;;1989;a1;0,27382813
Venezuela;;1989;a2;0,48710136
Venezuela;;1989;cv;1,0907304
Venezuela;;1989;e0;0,32022733
Venezuela;;1989;gini;0,42504707
Venezuela;;1989;gini_pci_rural;0,40936408
Venezuela;;1989;gini_pci_urban;0,40309446
Venezuela;;1989;theil;0,33515948
Venezuela;;1989;wolfson;0,37643415
Venezuela;;1992;a1;0,25940055
Venezuela;;1992;a2;0,49103126
Venezuela;;1992;cv;0,95468054
Venezuela;;1992;e0;0,30046838
Venezuela;;1992;gini;0,4126859
Venezuela;;1992;gini_pci_rural;0,39261311
Venezuela;;1992;gini_pci_urban;0,42043166
Venezuela;;1992;theil;0,30726015
Venezuela;;1992;wolfson;0,36460439
Venezuela;;1995;a1;0,32586238
Venezuela;;1995;a2;0,86588315
Venezuela;;1995;cv;1,2217953
Venezuela;;1995;e0;0,39426263
Venezuela;;1995;gini;0,46622858
Venezuela;;1995;gini_pci_rural;0,45164794
Venezuela;;1995;gini_pci_urban;0,44783737
Venezuela;;1995;theil;0,41273812
Venezuela;;1995;wolfson;0,42423859
Venezuela;;1998;a1;0,34027046
Venezuela;;1998;a2;0,9854493
Venezuela;;1998;cv;1,2205748
Venezuela;;1998;e0;0,41585782
Venezuela;;1998;gini;0,47172675
Venezuela;;1998;gini_pci_rural;0,44994842
Venezuela;;1998;gini_pci_urban;0,46592831
Venezuela;;1998;theil;0,41497352
Venezuela;;1998;wolfson;0,43342576
Venezuela;;1999;a1;0,33473228
Venezuela;;1999;a2;0,84218226
Venezuela;;1999;cv;1,2180339
Venezuela;;1999;e0;0,40717168
Venezuela;;1999;gini;0,46985729
Venezuela;;1999;gini_pci_rural;0,44860127
Venezuela;;1999;gini_pci_urban;0,46477932
Venezuela;;1999;theil;0,41512738
Venezuela;;1999;wolfson;0,42563375
Venezuela;;2001;a1;0,32219128
Venezuela;;2001;a2;0,57546903
Venezuela;;2001;cv;1,1775027
Venezuela;;2001;e0;0,38921542
Venezuela;;2001;gini;0,46393192
Venezuela;;2001;gini_pci_rural;0,46460009
Venezuela;;2001;gini_pci_urban;0,45388141
Venezuela;;2001;theil;0,39945162
Venezuela;;2001;wolfson;0,43236986
Venezuela;;2002;a1;0,34096591
Venezuela;;2002;a2;0,94447425
Venezuela;;2002;cv;1,2037892
Venezuela;;2002;e0;0,41664429
Venezuela;;2002;gini;0,47522636
Venezuela;;2002;gini_pci_rural;0,47236153
Venezuela;;2002;gini_pci_urban;0,44621401
Venezuela;;2002;theil;0,41985389
Venezuela;;2002;wolfson;0,44591719
Venezuela;;2003;a1;0,32599405
Venezuela;;2003;a2;0,58994266
Venezuela;;2003;cv;1,1756205
Venezuela;;2003;e0;0,3944542
Venezuela;;2003;gini;0,46205263
Venezuela;;2003;gini_pci_rural;0,45954112
Venezuela;;2003;gini_pci_urban;0,45095279
Venezuela;;2003;theil;0,39492132
Venezuela;;2003;wolfson;0,42984195
Venezuela;;2004;a1;0,31493352
Venezuela;;2004;a2;0,89174544
Venezuela;;2004;cv;1,0998253
Venezuela;;2004;e0;0,37790709
Venezuela;;2004;gini;0,45411668
Venezuela;;2004;gini_pci_urban;0,45411668
Venezuela;;2004;theil;0,37631497
Venezuela;;2004;wolfson;0,41796901
Venezuela;;2005;a1;0,35873771
Venezuela;;2005;a2;0,68581221
Venezuela;;2005;cv;1,5952547
Venezuela;;2005;e0;0,44429292
Venezuela;;2005;gini;0,47633046
Venezuela;;2005;gini_pci_urban;0,47633046
Venezuela;;2005;theil;0,45389418
Venezuela;;2005;wolfson;0,42234682
Venezuela;;2006;a1;0,28764229
Venezuela;;2006;a2;0,5679583
Venezuela;;2006;cv;1,0585909
Venezuela;;2006;e0;0,33915864
Venezuela;;2006;gini;0,43463118
Venezuela;;2006;gini_pci_urban;0,43463118
Venezuela;;2006;theil;0,34845665
Venezuela;;2006;wolfson;0,38862469
